time_ms,dist_mm,target_mmps,speedA_mmps,speedB_mmps,pwmA,pwmB
839368,18.3,-19.4,0.0,0.0,0.0,1077035669
839418,18.2,-1.6,0.0,0.0,0.0,1077030555
839468,17.8,-7.1,0.0,0.0,0.0,1077007315
839518,17.6,-5.0,0.0,0.0,0.0,1076991047
839568,17.4,-3.5,0.0,0.0,0.0,1076979659
839618,17.6,3.6,0.0,0.0,0.0,1076991348
839668,17.7,2.5,0.0,0.0,0.0,1076999531
839718,16.9,-16.3,0.0,0.0,0.0,1076946276
839768,16.9,0.6,0.0,0.0,0.0,1076948320
839818,16.3,-11.6,0.0,0.0,0.0,1076910428
839868,17.4,21.9,0.0,0.0,0.0,1076982209
839918,16.7,-14.7,0.0,0.0,0.0,1076934151
839968,17.4,13.7,0.0,0.0,0.0,1076979153
840018,17.9,9.6,0.0,0.0,0.0,1077010655
840068,18.8,18.7,0.0,0.0,0.0,1077072028
840118,18.6,-4.9,0.0,0.0,0.0,1077056007
840168,19.3,14.6,0.0,0.0,0.0,1077103774
840218,17.7,-31.8,0.0,0.0,0.0,1076999586
840268,18.4,13.7,0.0,0.0,0.0,1077044619
840318,18.3,-2.4,0.0,0.0,0.0,1077036820
840368,17.9,-7.7,0.0,0.0,0.0,1077011700
840418,17.0,-17.4,0.0,0.0,0.0,1076954795
840468,15.5,-30.2,0.0,0.0,0.0,1076824406
840518,17.5,38.9,0.0,0.0,0.0,1076983415
840568,17.6,3.2,0.0,0.0,0.0,1076993978
840618,17.4,-3.7,0.0,0.0,0.0,1076981711
840668,17.9,9.4,0.0,0.0,0.0,1077012445
840718,17.0,-17.4,0.0,0.0,0.0,1076955316
840768,17.6,11.8,0.0,0.0,0.0,1076993969
840818,16.5,-21.7,0.0,0.0,0.0,1076922722
840868,16.7,2.8,0.0,0.0,0.0,1076931832
840918,17.1,7.9,0.0,0.0,0.0,1076957869
840968,17.4,5.6,0.0,0.0,0.0,1076976096
841018,16.6,-14.1,0.0,0.0,0.0,1076929872
841068,16.5,-3.9,0.0,0.0,0.0,1076917176
841118,16.9,9.3,0.0,0.0,0.0,1076947610
841168,17.5,12.5,0.0,0.0,0.0,1076988575
841218,17.4,-3.2,0.0,0.0,0.0,1076977929
841268,17.3,-2.3,0.0,0.0,0.0,1076970476
841318,16.9,-7.6,0.0,0.0,0.0,1076945599
841368,16.9,0.7,0.0,0.0,0.0,1076947846
841418,16.3,-11.5,0.0,0.0,0.0,1076910097
841468,18.0,33.9,0.0,0.0,0.0,1077021298
841518,18.0,-0.2,0.0,0.0,0.0,1077020496
841568,18.0,-0.2,0.0,0.0,0.0,1077019934
841618,17.7,-6.1,0.0,0.0,0.0,1076999880
841668,18.7,19.7,0.0,0.0,0.0,1077064486
841718,17.9,-16.2,0.0,0.0,0.0,1077011405
841768,17.3,-11.3,0.0,0.0,0.0,1076974249
841818,17.2,-1.9,0.0,0.0,0.0,1076967901
841868,16.0,-25.4,0.0,0.0,0.0,1076882076
841918,17.2,24.3,0.0,0.0,0.0,1076964278
841968,17.4,5.0,0.0,0.0,0.0,1076980582
842018,17.6,3.5,0.0,0.0,0.0,1076991994
842068,17.7,2.4,0.0,0.0,0.0,1076999983
842118,18.1,7.7,0.0,0.0,0.0,1077025236
842168,18.4,5.4,0.0,0.0,0.0,1077042913
842218,18.9,9.8,0.0,0.0,0.0,1077074948
842268,19.5,12.8,0.0,0.0,0.0,1077117033
842318,18.8,-15.0,0.0,0.0,0.0,1077067849
842368,18.2,-10.5,0.0,0.0,0.0,1077033421
842418,18.5,4.6,0.0,0.0,0.0,1077048642
842468,18.6,3.3,0.0,0.0,0.0,1077059298
842518,18.4,-3.7,0.0,0.0,0.0,1077047095
842568,18.0,-8.6,0.0,0.0,0.0,1077018893
842618,18.6,12.0,0.0,0.0,0.0,1077058134
842668,18.4,-3.6,0.0,0.0,0.0,1077046281
842718,18.6,3.5,0.0,0.0,0.0,1077057644
842768,18.7,2.4,0.0,0.0,0.0,1077065599
842818,18.5,-4.3,0.0,0.0,0.0,1077051506
842868,19.0,9.0,0.0,0.0,0.0,1077080963
842918,20.2,24.3,0.0,0.0,0.0,1077160565
842968,20.1,-1.0,0.0,0.0,0.0,1077157304
843018,21.3,23.3,0.0,0.0,0.0,1077233665
843068,21.8,10.3,0.0,0.0,0.0,1077267457
843118,21.6,-4.8,0.0,0.0,0.0,1077251789
843168,21.1,-9.3,0.0,0.0,0.0,1077221161
843218,21.4,5.5,0.0,0.0,0.0,1077239043
843268,21.3,-2.2,0.0,0.0,0.0,1077231900
843318,21.2,-1.5,0.0,0.0,0.0,1077226899
843368,22.6,28.9,0.0,0.0,0.0,1077321703
843418,23.0,8.3,0.0,0.0,0.0,1077348744
843468,23.3,5.8,0.0,0.0,0.0,1077367673
843518,23.2,-2.0,0.0,0.0,0.0,1077361262
843568,23.8,10.6,0.0,0.0,0.0,1077396096
843618,24.4,13.4,0.0,0.0,0.0,1077440141
843668,24.6,3.4,0.0,0.0,0.0,1077451311
843718,23.5,-21.6,0.0,0.0,0.0,1077380487
843768,22.2,-27.1,0.0,0.0,0.0,1077291589
843818,22.7,11.0,0.0,0.0,0.0,1077327664
843868,23.4,13.7,0.0,0.0,0.0,1077372578
843918,23.3,-2.4,0.0,0.0,0.0,1077364695
843968,24.1,16.3,0.0,0.0,0.0,1077418160
844018,23.2,-18.6,0.0,0.0,0.0,1077357282
844068,22.5,-13.0,0.0,0.0,0.0,1077314667
844118,22.4,-3.1,0.0,0.0,0.0,1077304497
844168,23.2,15.8,0.0,0.0,0.0,1077356360
844218,23.4,5.1,0.0,0.0,0.0,1077373004
844268,23.9,9.6,0.0,0.0,0.0,1077404316
844318,23.6,-5.3,0.0,0.0,0.0,1077386912
844368,23.7,2.3,0.0,0.0,0.0,1077394390
844418,23.8,1.6,0.0,0.0,0.0,1077399625
844468,23.9,1.1,0.0,0.0,0.0,1077403289
844518,23.3,-11.2,0.0,0.0,0.0,1077366533
844568,23.8,10.1,0.0,0.0,0.0,1077399786
844618,23.3,-10.9,0.0,0.0,0.0,1077364080
844668,23.8,10.4,0.0,0.0,0.0,1077398069
844718,23.6,-4.7,0.0,0.0,0.0,1077382539
844768,24.0,8.7,0.0,0.0,0.0,1077410990
844818,24.0,0.1,0.0,0.0,0.0,1077411245
844868,24.0,0.1,0.0,0.0,0.0,1077411423
844918,23.1,-18.0,0.0,0.0,0.0,1077352566
844968,22.8,-6.6,0.0,0.0,0.0,1077331026
845018,22.8,1.4,0.0,0.0,0.0,1077335609
845068,23.5,13.0,0.0,0.0,0.0,1077378139
845118,23.6,3.1,0.0,0.0,0.0,1077388249
845168,24.9,26.2,0.0,0.0,0.0,1077473970
845218,25.0,0.3,0.0,0.0,0.0,1077474991
845268,25.0,0.0,0.0,0.0,0.0,1077474991
845318,24.4,-11.8,0.0,0.0,0.0,1077436385
845368,24.4,0.0,0.0,0.0,0.0,1077436385
845418,23.7,-14.2,0.0,0.0,0.0,1077389700
845468,23.7,0.0,0.0,0.0,0.0,1077389700
845518,23.5,-4.0,0.0,0.0,0.0,1077376681
845568,23.5,0.0,0.0,0.0,0.0,1077376681
845618,24.2,15.2,0.0,0.0,0.0,1077426550
845668,24.2,0.0,0.0,0.0,0.0,1077426550
845718,24.8,10.7,0.0,0.0,0.0,1077461459
845768,24.2,-10.5,0.0,0.0,0.0,1077426912
845818,24.2,-1.4,0.0,0.0,0.0,1077422390
845868,24.7,11.0,0.0,0.0,0.0,1077458547
845918,24.5,-4.3,0.0,0.0,0.0,1077444535
845968,24.3,-3.0,0.0,0.0,0.0,1077434726
846018,23.6,-14.1,0.0,0.0,0.0,1077388539
846068,23.8,2.1,0.0,0.0,0.0,1077395529
846118,24.4,13.5,0.0,0.0,0.0,1077439744
846168,24.6,3.4,0.0,0.0,0.0,1077451033
846218,25.0,8.4,0.0,0.0,0.0,1077478597
846268,24.7,-6.1,0.0,0.0,0.0,1077458570
846318,25.1,7.7,0.0,0.0,0.0,1077483872
846368,24.8,-6.6,0.0,0.0,0.0,1077462262
846418,23.6,-22.6,0.0,0.0,0.0,1077388153
846468,24.6,20.2,0.0,0.0,0.0,1077454242
846518,24.8,2.1,0.0,0.0,0.0,1077461182
846568,24.8,1.5,0.0,0.0,0.0,1077466040
846618,24.6,-5.0,0.0,0.0,0.0,1077449780
846668,24.4,-3.5,0.0,0.0,0.0,1077438398
846718,24.0,-8.4,0.0,0.0,0.0,1077410769
846768,24.3,6.1,0.0,0.0,0.0,1077430751
846818,24.2,-1.7,0.0,0.0,0.0,1077425078
846868,24.4,4.8,0.0,0.0,0.0,1077440767
846918,24.6,3.4,0.0,0.0,0.0,1077451750
846968,24.4,-3.7,0.0,0.0,0.0,1077439777
847018,23.7,-14.6,0.0,0.0,0.0,1077392074
847068,25.3,31.8,0.0,0.0,0.0,1077496308
847118,24.6,-13.7,0.0,0.0,0.0,1077451306
847168,25.6,20.4,0.0,0.0,0.0,1077518110
847218,26.0,8.3,0.0,0.0,0.0,1077545211
847268,26.3,5.8,0.0,0.0,0.0,1077564182
847318,27.1,16.1,0.0,0.0,0.0,1077616783
847368,27.7,11.2,0.0,0.0,0.0,1077653604
847418,27.5,-4.1,0.0,0.0,0.0,1077640057
847468,28.5,21.1,0.0,0.0,0.0,1077709217
847518,28.4,-3.2,0.0,0.0,0.0,1077698647
847568,28.3,-2.3,0.0,0.0,0.0,1077691248
847618,27.9,-7.6,0.0,0.0,0.0,1077666408
847668,27.6,-5.3,0.0,0.0,0.0,1077649020
847718,27.1,-9.7,0.0,0.0,0.0,1077617187
847768,28.0,17.2,0.0,0.0,0.0,1077673548
847818,28.0,0.0,0.0,0.0,0.0,1077673679
847868,26.8,-24.0,0.0,0.0,0.0,1077595127
847918,28.1,25.2,0.0,0.0,0.0,1077677766
847968,27.4,-12.3,0.0,0.0,0.0,1077637310
848018,27.6,3.4,0.0,0.0,0.0,1077648312
848068,27.7,2.4,0.0,0.0,0.0,1077656013
848118,27.8,1.6,0.0,0.0,0.0,1077661404
848168,27.0,-16.8,0.0,0.0,0.0,1077606196
848218,27.6,12.2,0.0,0.0,0.0,1077646193
848268,27.7,2.5,0.0,0.0,0.0,1077654530
848318,27.5,-4.2,0.0,0.0,0.0,1077640705
848368,27.3,-3.0,0.0,0.0,0.0,1077631028
848418,27.5,3.9,0.0,0.0,0.0,1077643915
848468,27.4,-3.2,0.0,0.0,0.0,1077633275
848518,28.8,27.7,0.0,0.0,0.0,1077724130
848568,28.2,-10.6,0.0,0.0,0.0,1077689426
848618,27.6,-13.4,0.0,0.0,0.0,1077645471
848668,28.0,8.6,0.0,0.0,0.0,1077673686
848718,28.9,18.0,0.0,0.0,0.0,1077732758
848768,28.9,0.6,0.0,0.0,0.0,1077734786
848818,28.3,-11.6,0.0,0.0,0.0,1077696885
848868,28.8,9.9,0.0,0.0,0.0,1077729336
848918,29.2,6.9,0.0,0.0,0.0,1077752052
848968,30.3,22.9,0.0,0.0,0.0,1077826935
849018,29.6,-14.0,0.0,0.0,0.0,1077781050
849068,29.1,-9.8,0.0,0.0,0.0,1077748930
849118,28.8,-6.9,0.0,0.0,0.0,1077726446
849168,29.5,13.2,0.0,0.0,0.0,1077769690
849218,29.9,9.2,0.0,0.0,0.0,1077799960
849268,30.8,18.5,0.0,0.0,0.0,1077860471
849318,30.6,-5.1,0.0,0.0,0.0,1077843847
849368,30.4,-3.6,0.0,0.0,0.0,1077832209
849418,30.3,-2.5,0.0,0.0,0.0,1077824063
849468,30.2,-1.7,0.0,0.0,0.0,1077818361
849518,30.7,10.8,0.0,0.0,0.0,1077853691
849568,31.7,19.5,0.0,0.0,0.0,1077917744
849618,30.9,-16.3,0.0,0.0,0.0,1077864276
849668,32.1,24.6,0.0,0.0,0.0,1077940471
849718,32.1,-0.8,0.0,0.0,0.0,1077939168
849768,30.6,-30.6,0.0,0.0,0.0,1077842080
849818,31.6,20.6,0.0,0.0,0.0,1077909616
849868,31.4,-3.6,0.0,0.0,0.0,1077897909
849918,31.3,-2.5,0.0,0.0,0.0,1077889713
849968,31.2,-1.8,0.0,0.0,0.0,1077883977
850018,31.7,10.8,0.0,0.0,0.0,1077919283
850068,31.5,-4.5,0.0,0.0,0.0,1077904675
850118,30.8,-15.1,0.0,0.0,0.0,1077855129
850168,30.8,1.4,0.0,0.0,0.0,1077859768
850218,30.9,1.0,0.0,0.0,0.0,1077863015
850268,30.6,-5.3,0.0,0.0,0.0,1077845627
850318,31.0,8.3,0.0,0.0,0.0,1077872777
850368,31.0,-0.2,0.0,0.0,0.0,1077872121
850418,31.6,11.9,0.0,0.0,0.0,1077910984
850468,32.0,8.3,0.0,0.0,0.0,1077937158
850518,31.7,-6.2,0.0,0.0,0.0,1077917909
850568,32.1,7.7,0.0,0.0,0.0,1077939581
850618,32.4,5.4,0.0,0.0,0.0,1077948376
850668,32.0,-8.2,0.0,0.0,0.0,1077933614
850718,32.0,0.2,0.0,0.0,0.0,1077934368
850768,32.3,6.2,0.0,0.0,0.0,1077945342
850818,31.6,-13.7,0.0,0.0,0.0,1077909706
850868,32.0,8.4,0.0,0.0,0.0,1077936711
850918,32.3,5.9,0.0,0.0,0.0,1077946366
850968,31.6,-13.9,0.0,0.0,0.0,1077911140
851018,32.3,14.3,0.0,0.0,0.0,1077947043
851068,31.9,-8.0,0.0,0.0,0.0,1077931748
851118,32.0,0.4,0.0,0.0,0.0,1077933062
851168,32.6,12.3,0.0,0.0,0.0,1077954715
851218,32.1,-9.4,0.0,0.0,0.0,1077939309
851268,32.7,11.4,0.0,0.0,0.0,1077958015
851318,33.4,14.0,0.0,0.0,0.0,1077980940
851368,33.0,-8.2,0.0,0.0,0.0,1077967496
851418,33.3,6.3,0.0,0.0,0.0,1077977746
851468,32.6,-13.6,0.0,0.0,0.0,1077955430
851518,32.4,-3.5,0.0,0.0,0.0,1077949639
851568,32.6,3.5,0.0,0.0,0.0,1077955416
851618,33.3,14.5,0.0,0.0,0.0,1077979121
851668,33.2,-1.9,0.0,0.0,0.0,1077976053
851718,33.5,4.7,0.0,0.0,0.0,1077983736
851768,33.3,-2.7,0.0,0.0,0.0,1077979284
851818,33.5,4.1,0.0,0.0,0.0,1077985998
851868,33.1,-9.1,0.0,0.0,0.0,1077971037
851918,33.9,17.6,0.0,0.0,0.0,1077999886
851968,34.0,0.3,0.0,0.0,0.0,1078000419
852018,32.5,-29.8,0.0,0.0,0.0,1077951640
852068,32.6,3.2,0.0,0.0,0.0,1077956817
852118,32.7,2.2,0.0,0.0,0.0,1077960441
852168,32.5,-4.5,0.0,0.0,0.0,1077953147
852218,31.8,-15.1,0.0,0.0,0.0,1077920633
852268,32.4,13.4,0.0,0.0,0.0,1077950365
852318,32.4,0.0,0.0,0.0,0.0,1077950365
852368,32.3,-2.6,0.0,0.0,0.0,1077946094
852418,32.3,0.0,0.0,0.0,0.0,1077946094
852468,31.9,-7.8,0.0,0.0,0.0,1077930420
852518,31.9,0.0,0.0,0.0,0.0,1077930420
852568,31.0,-17.5,0.0,0.0,0.0,1077873150
852618,31.0,0.0,0.0,0.0,0.0,1077873150
852668,29.8,-24.2,0.0,0.0,0.0,1077793739
852718,29.8,0.0,0.0,0.0,0.0,1077793739
852768,29.3,-11.0,0.0,0.0,0.0,1077757812
852818,29.3,0.0,0.0,0.0,0.0,1077757812
852868,27.7,-31.7,0.0,0.0,0.0,1077654021
852918,26.6,-22.2,0.0,0.0,0.0,1077581366
852968,26.4,-3.5,0.0,0.0,0.0,1077569830
853018,26.0,-8.5,0.0,0.0,0.0,1077542094
853068,25.4,-11.9,0.0,0.0,0.0,1077503017
853118,25.0,-8.3,0.0,0.0,0.0,1077475664
853168,23.8,-23.8,0.0,0.0,0.0,1077397534
853218,22.9,-16.7,0.0,0.0,0.0,1077342843
853268,22.1,-17.7,0.0,0.0,0.0,1077284899
853318,21.1,-18.4,0.0,0.0,0.0,1077224677
853368,21.7,11.1,0.0,0.0,0.0,1077261165
853418,21.5,-4.2,0.0,0.0,0.0,1077247385
853468,21.6,3.1,0.0,0.0,0.0,1077257400
853518,21.8,2.1,0.0,0.0,0.0,1077264410
853568,21.5,-4.5,0.0,0.0,0.0,1077249657
853618,21.4,-3.2,0.0,0.0,0.0,1077239329
853668,22.2,15.8,0.0,0.0,0.0,1077291082
853718,21.2,-18.9,0.0,0.0,0.0,1077229005
853768,20.8,-7.3,0.0,0.0,0.0,1077205212
853818,21.8,18.9,0.0,0.0,0.0,1077267201
853868,22.2,7.2,0.0,0.0,0.0,1077290931
853918,22.7,11.1,0.0,0.0,0.0,1077327204
853968,22.5,-4.3,0.0,0.0,0.0,1077313273
854018,22.6,3.0,0.0,0.0,0.0,1077323182
854068,22.5,-3.9,0.0,0.0,0.0,1077310458
854118,21.7,-14.7,0.0,0.0,0.0,1077262229
854168,21.2,-10.3,0.0,0.0,0.0,1077228469
854218,21.1,-1.2,0.0,0.0,0.0,1077224498
854268,20.5,-12.8,0.0,0.0,0.0,1077182396
854318,20.6,3.0,0.0,0.0,0.0,1077192247
854368,20.5,-3.9,0.0,0.0,0.0,1077179482
854418,20.0,-8.7,0.0,0.0,0.0,1077150885
854468,18.8,-24.1,0.0,0.0,0.0,1077071885
854518,18.9,1.1,0.0,0.0,0.0,1077075567
854568,18.0,-17.2,0.0,0.0,0.0,1077019163
854618,17.4,-12.0,0.0,0.0,0.0,1076979679
854668,17.9,9.6,0.0,0.0,0.0,1077011023
854718,17.6,-5.3,0.0,0.0,0.0,1076993643
854768,17.7,2.3,0.0,0.0,0.0,1077001137
854818,18.7,19.6,0.0,0.0,0.0,1077065365
854868,18.5,-4.3,0.0,0.0,0.0,1077051343
854918,19.8,27.0,0.0,0.0,0.0,1077139831
854968,20.2,6.9,0.0,0.0,0.0,1077162451
855018,20.4,4.8,0.0,0.0,0.0,1077178285
855068,20.3,-2.6,0.0,0.0,0.0,1077169708
855118,19.9,-7.8,0.0,0.0,0.0,1077144044
855168,20.2,6.5,0.0,0.0,0.0,1077165400
855218,20.5,4.6,0.0,0.0,0.0,1077180350
855268,19.7,-14.8,0.0,0.0,0.0,1077131832
855318,18.9,-16.4,0.0,0.0,0.0,1077078209
855368,18.0,-17.5,0.0,0.0,0.0,1077021011
855418,17.7,-6.2,0.0,0.0,0.0,1077000634
855468,17.5,-4.4,0.0,0.0,0.0,1076986370
855518,17.1,-9.0,0.0,0.0,0.0,1076956725
855568,17.3,5.7,0.0,0.0,0.0,1076975294
855618,19.9,52.0,0.0,0.0,0.0,1077145579
855668,20.9,18.4,0.0,0.0,0.0,1077205797
855718,21.5,12.9,0.0,0.0,0.0,1077247949
855768,22.5,21.0,0.0,0.0,0.0,1077316777
855818,23.3,14.7,0.0,0.0,0.0,1077364956
855868,23.5,4.3,0.0,0.0,0.0,1077379021
855918,23.9,9.0,0.0,0.0,0.0,1077408528
855968,24.3,6.3,0.0,0.0,0.0,1077429182
856018,25.4,22.4,0.0,0.0,0.0,1077502623
856068,25.0,-8.3,0.0,0.0,0.0,1077475388
856118,24.7,-5.8,0.0,0.0,0.0,1077456323
856168,24.2,-10.1,0.0,0.0,0.0,1077423317
856218,24.7,10.9,0.0,0.0,0.0,1077459196
856268,25.4,13.7,0.0,0.0,0.0,1077503971
856318,25.0,-8.4,0.0,0.0,0.0,1077476332
856368,25.0,0.1,0.0,0.0,0.0,1077476645
856418,25.6,12.1,0.0,0.0,0.0,1077516186
856468,25.7,2.4,0.0,0.0,0.0,1077524203
856518,25.2,-10.3,0.0,0.0,0.0,1077490494
856568,24.8,-7.2,0.0,0.0,0.0,1077466898
856618,25.5,13.0,0.0,0.0,0.0,1077509363
856668,25.0,-8.9,0.0,0.0,0.0,1077480106
856718,25.0,-0.2,0.0,0.0,0.0,1077479287
856768,24.7,-6.2,0.0,0.0,0.0,1077459053
856818,24.5,-4.3,0.0,0.0,0.0,1077444889
856868,24.1,-9.0,0.0,0.0,0.0,1077415313
856918,23.4,-12.3,0.0,0.0,0.0,1077374949
856968,23.9,9.4,0.0,0.0,0.0,1077405677
857018,23.9,0.6,0.0,0.0,0.0,1077407526
857068,24.6,12.4,0.0,0.0,0.0,1077448142
857118,24.7,2.7,0.0,0.0,0.0,1077456912
857168,25.4,13.9,0.0,0.0,0.0,1077502373
857218,25.3,-2.3,0.0,0.0,0.0,1077494873
857268,25.5,4.4,0.0,0.0,0.0,1077509285
857318,25.0,-8.9,0.0,0.0,0.0,1077480051
857368,25.0,-0.2,0.0,0.0,0.0,1077479249
857418,25.0,-0.2,0.0,0.0,0.0,1077478687
857468,25.3,5.9,0.0,0.0,0.0,1077497954
857518,25.2,-1.9,0.0,0.0,0.0,1077491781
857568,25.5,4.7,0.0,0.0,0.0,1077507120
857618,25.3,-2.7,0.0,0.0,0.0,1077498197
857668,25.5,4.1,0.0,0.0,0.0,1077511611
857718,25.4,-3.1,0.0,0.0,0.0,1077501340
857768,25.6,3.8,0.0,0.0,0.0,1077513812
857818,25.7,2.7,0.0,0.0,0.0,1077522542
857868,25.5,-4.1,0.0,0.0,0.0,1077508992
857918,24.7,-14.9,0.0,0.0,0.0,1077460185
857968,24.2,-10.4,0.0,0.0,0.0,1077426021
858018,24.8,10.7,0.0,0.0,0.0,1077461088
858068,24.2,-10.5,0.0,0.0,0.0,1077426653
858118,24.8,10.6,0.0,0.0,0.0,1077461530
858168,24.5,-4.5,0.0,0.0,0.0,1077446623
858218,24.7,2.8,0.0,0.0,0.0,1077455849
858268,24.5,-4.0,0.0,0.0,0.0,1077442646
858318,23.7,-14.8,0.0,0.0,0.0,1077394083
858368,23.8,1.6,0.0,0.0,0.0,1077399410
858418,23.3,-10.9,0.0,0.0,0.0,1077363817
858468,22.9,-7.6,0.0,0.0,0.0,1077338902
858518,22.9,0.7,0.0,0.0,0.0,1077341123
858568,23.5,12.5,0.0,0.0,0.0,1077381998
858618,23.1,-9.3,0.0,0.0,0.0,1077351629
858668,24.3,23.5,0.0,0.0,0.0,1077428675
858718,25.4,22.5,0.0,0.0,0.0,1077502267
858768,25.3,-2.3,0.0,0.0,0.0,1077494800
858818,25.5,4.4,0.0,0.0,0.0,1077509233
858868,25.0,-8.9,0.0,0.0,0.0,1077480015
858918,24.4,-12.2,0.0,0.0,0.0,1077439902
858968,24.9,9.4,0.0,0.0,0.0,1077470805
859018,24.3,-11.4,0.0,0.0,0.0,1077433454
859068,24.5,4.0,0.0,0.0,0.0,1077446631
859118,24.4,-3.2,0.0,0.0,0.0,1077436193
859168,24.0,-8.2,0.0,0.0,0.0,1077409226
859218,24.6,12.2,0.0,0.0,0.0,1077449332
859268,24.7,2.6,0.0,0.0,0.0,1077457745
859318,24.8,1.8,0.0,0.0,0.0,1077463634
859368,24.0,-16.7,0.0,0.0,0.0,1077408774
859418,24.0,0.0,0.0,0.0,0.0,1077408774
859468,24.0,0.3,0.0,0.0,0.0,1077409694
859518,24.0,0.0,0.0,0.0,0.0,1077409694
859568,24.9,18.2,0.0,0.0,0.0,1077469320
859618,24.9,0.0,0.0,0.0,0.0,1077469320
859668,24.9,0.7,0.0,0.0,0.0,1077471737
859718,24.9,0.0,0.0,0.0,0.0,1077471737
859768,24.9,0.5,0.0,0.0,0.0,1077473428
859818,24.9,0.0,0.0,0.0,0.0,1077473428
859868,25.0,0.4,0.0,0.0,0.0,1077474612
859918,25.0,0.0,0.0,0.0,0.0,1077474612
859968,24.7,-5.7,0.0,0.0,0.0,1077455781
860018,25.1,8.0,0.0,0.0,0.0,1077481920
860068,23.8,-24.4,0.0,0.0,0.0,1077401913
860118,24.2,6.9,0.0,0.0,0.0,1077424552
860168,24.7,10.8,0.0,0.0,0.0,1077460060
860218,24.8,1.6,0.0,0.0,0.0,1077465255
860268,25.2,7.1,0.0,0.0,0.0,1077488552
860318,25.1,-1.0,0.0,0.0,0.0,1077485199
860368,24.5,-12.7,0.0,0.0,0.0,1077443530
860418,24.6,3.1,0.0,0.0,0.0,1077453684
860468,24.1,-9.8,0.0,0.0,0.0,1077421470
860518,23.8,-6.9,0.0,0.0,0.0,1077398920
860568,23.3,-10.8,0.0,0.0,0.0,1077363474
860618,23.8,10.4,0.0,0.0,0.0,1077397645
860668,24.7,19.3,0.0,0.0,0.0,1077460885
860718,23.9,-16.5,0.0,0.0,0.0,1077406850
860768,23.6,-5.5,0.0,0.0,0.0,1077388686
860818,22.6,-21.9,0.0,0.0,0.0,1077316989
860868,23.0,8.7,0.0,0.0,0.0,1077345444
860918,22.4,-11.9,0.0,0.0,0.0,1077306380
860968,22.3,-2.3,0.0,0.0,0.0,1077298697
861018,21.0,-25.6,0.0,0.0,0.0,1077214675
861068,19.8,-23.9,0.0,0.0,0.0,1077136199
861118,19.6,-4.8,0.0,0.0,0.0,1077120587
861168,19.1,-9.3,0.0,0.0,0.0,1077089998
861218,18.2,-18.5,0.0,0.0,0.0,1077029264
861268,18.1,-1.0,0.0,0.0,0.0,1077026072
861318,19.0,17.3,0.0,0.0,0.0,1077082820
861368,19.9,18.1,0.0,0.0,0.0,1077142204
861418,20.2,6.7,0.0,0.0,0.0,1077164112
861468,21.1,16.7,0.0,0.0,0.0,1077218770
861518,23.1,41.7,0.0,0.0,0.0,1077355334
861568,25.8,53.2,0.0,0.0,0.0,1077529572
861618,26.8,19.2,0.0,0.0,0.0,1077592556
861668,28.0,25.5,0.0,0.0,0.0,1077675967
861718,29.8,35.8,0.0,0.0,0.0,1077793337
861768,31.4,31.1,0.0,0.0,0.0,1077895156
861818,33.4,39.8,0.0,0.0,0.0,1077980770
861868,35.1,33.8,0.0,0.0,0.0,1078036190
861918,36.8,35.7,0.0,0.0,0.0,1078094645
861968,38.1,25.0,0.0,0.0,0.0,1078135563
862018,39.3,23.5,0.0,0.0,0.0,1078174037
862068,39.8,10.4,0.0,0.0,0.0,1078191137
862118,40.4,13.3,0.0,0.0,0.0,1078212938
862168,41.5,21.3,0.0,0.0,0.0,1078247860
862218,41.7,2.9,0.0,0.0,0.0,1078252644
862268,43.6,38.0,0.0,0.0,0.0,1078314976
862318,45.5,38.6,0.0,0.0,0.0,1078378268
862368,47.1,33.0,0.0,0.0,0.0,1078432404
862418,48.9,35.1,0.0,0.0,0.0,1078489959
862468,50.1,24.6,0.0,0.0,0.0,1078530248
862518,53.1,59.2,0.0,0.0,0.0,1078627263
862568,54.9,35.4,0.0,0.0,0.0,1078685343
862618,58.2,66.8,0.0,0.0,0.0,1078794812
862668,61.1,58.8,0.0,0.0,0.0,1078891101
862718,63.2,41.1,0.0,0.0,0.0,1078958504
862768,64.9,34.8,0.0,0.0,0.0,1079000110
862818,67.4,48.4,0.0,0.0,0.0,1079039725
862868,69.7,45.9,0.0,0.0,0.0,1079077285
862918,72.2,50.1,0.0,0.0,0.0,1079118324
862968,74.2,41.1,0.0,0.0,0.0,1079151966
863018,76.5,46.7,0.0,0.0,0.0,1079190261
863068,79.1,50.7,0.0,0.0,0.0,1079231813
863118,80.6,29.5,0.0,0.0,0.0,1079255984
863168,83.4,56.7,0.0,0.0,0.0,1079302395
863218,84.8,27.7,0.0,0.0,0.0,1079325052
863268,87.8,61.4,0.0,0.0,0.0,1079375319
863318,90.0,43.0,0.0,0.0,0.0,1079410506
863368,93.3,66.1,0.0,0.0,0.0,1079464627
863418,95.6,46.2,0.0,0.0,0.0,1079502513
863468,98.1,50.4,0.0,0.0,0.0,1079543778
863518,99.6,29.3,0.0,0.0,0.0,1079567748
863568,103.0,68.5,0.0,0.0,0.0,1079623849
863618,106.3,65.9,0.0,0.0,0.0,1079677866
863668,108.6,46.2,0.0,0.0,0.0,1079715677
863718,112.0,68.3,0.0,0.0,0.0,1079771636
863768,114.7,53.8,0.0,0.0,0.0,1079815723
863818,117.8,61.7,0.0,0.0,0.0,1079866244
863868,120.9,61.2,0.0,0.0,0.0,1079916355
863918,123.0,42.8,0.0,0.0,0.0,1079951432
863968,126.0,60.0,0.0,0.0,0.0,1080000562
864018,128.1,42.0,0.0,0.0,0.0,1080034117
864068,132.0,77.4,12.4,0.0,0.0,1080065814
864118,135.0,60.2,9.3,0.0,0.0,1080090460
864168,138.6,72.1,17.8,0.0,0.0,1080120000
864218,142.0,68.5,20.2,0.0,0.0,1080148051
864268,145.0,59.9,20.4,0.0,0.0,1080172602
864318,148.3,66.0,26.3,0.0,0.0,1080199618
864368,151.5,64.2,29.2,0.0,0.0,1080225902
864418,155.0,68.9,34.8,0.0,0.0,1080254131
864468,158.6,72.2,40.1,0.0,0.0,1080283722
864518,161.1,50.6,34.9,0.0,0.0,1080304436
864568,164.4,65.4,44.0,0.0,0.0,1080331223
864618,168.5,81.8,54.6,0.0,0.0,1080364720
864668,171.6,63.2,51.3,0.0,14.9,1080390626
864718,174.7,62.3,54.4,0.0,74.3,1080416132
864768,179.0,85.6,67.8,44.6,59.4,1080451190
864818,181.4,47.9,56.5,74.3,44.6,1080470815
864868,185.2,75.5,71.0,59.4,59.4,1080501756
864918,187.5,46.9,62.9,59.4,59.4,1080520957
864968,190.1,50.8,67.2,59.4,59.4,1080541771
865018,193.1,59.6,73.8,74.3,44.6,1080566171
865068,195.4,47.7,72.0,59.4,74.3,1080585708
865118,198.0,51.4,76.3,74.3,74.3,1080606757
865168,199.8,36.0,72.5,59.4,59.4,1080621491
865218,201.4,31.2,72.5,74.3,74.3,1080634263
865268,204.3,57.8,85.6,59.4,74.3,1080657949
865318,206.0,34.5,78.9,74.3,74.3,1080672071
865368,207.5,30.1,78.9,89.1,74.3,1080684415
865418,210.6,63.1,94.7,74.3,74.3,1080710258
865468,213.4,56.2,95.2,89.1,74.3,1080733264
865518,213.6,3.3,75.8,89.1,104.0,1080734622
865568,214.9,26.3,85.8,74.3,74.3,1080745403
865618,216.8,36.4,91.6,74.3,89.1,1080760323
865668,217.1,7.5,81.3,104.0,89.1,1080763394
865718,218.3,23.2,88.4,89.1,59.4,1080772916
865768,221.2,58.3,104.7,74.3,59.4,1080796785
865818,223.2,40.8,100.4,104.0,104.0,1080813494
865868,225.0,34.6,100.0,104.0,104.0,1080827647
865918,225.3,6.2,89.9,89.1,74.3,1080830182
865968,226.7,28.3,99.7,89.1,104.0,1080841786
866018,228.9,43.8,107.9,89.1,89.1,1080859740
866068,230.7,36.7,107.2,104.0,104.0,1080874765
866118,232.3,31.7,107.1,118.8,104.0,1080887740
866168,233.7,28.2,107.4,89.1,104.0,1080899280
866218,236.5,55.7,120.7,104.0,104.0,1080922104
866268,237.2,15.0,106.5,118.8,104.0,1080928250
866318,238.1,16.5,107.9,104.0,118.8,1080935010
866368,238.4,5.6,104.2,104.0,104.0,1080937285
866418,239.1,15.9,108.9,89.1,89.1,1080943792
866468,240.6,29.1,115.4,118.8,118.8,1080955720
866518,240.7,2.4,105.6,104.0,104.0,1080956697
866568,243.2,49.7,126.0,118.8,118.8,1080977041
866618,243.2,0.0,107.5,104.0,89.1,1080977041
866668,244.9,34.8,122.4,118.8,133.7,1080991282
866718,244.9,0.0,109.5,104.0,104.0,1080991282
866768,245.0,0.3,109.6,133.7,118.8,1080991421
866818,245.0,0.0,109.5,89.1,104.0,1080991421
866868,246.8,36.2,125.0,133.7,118.8,1081006263
866918,246.8,0.0,111.5,104.0,104.0,1081006263
866968,247.1,7.4,114.6,133.7,133.7,1081009280
867018,247.1,0.0,111.9,89.1,104.0,1081009280
867068,248.9,35.2,126.9,133.7,118.8,1081023680
867118,251.3,48.6,134.6,118.8,118.8,1081043590
867168,253.0,34.0,131.1,118.8,133.7,1081057527
867218,253.0,-0.2,118.4,118.8,118.8,1081057453
867268,254.8,35.9,133.8,118.8,118.8,1081072147
867318,255.2,7.1,123.5,133.7,118.8,1081075059
867368,255.7,11.0,125.5,118.8,133.7,1081079556
867418,257.3,31.7,135.0,118.8,118.8,1081087195
867468,256.6,-13.8,117.3,133.7,118.8,1081084364
867518,258.2,32.3,136.3,118.8,118.8,1081090984
867568,258.8,10.6,128.8,133.7,133.7,1081093161
867618,260.6,37.4,140.8,148.5,133.7,1081100829
867668,260.7,2.2,127.9,118.8,133.7,1081101281
867718,260.2,-10.5,122.6,133.7,133.7,1081099140
867768,262.6,46.7,146.4,118.8,104.0,1081108700
867818,263.0,8.7,132.8,148.5,118.8,1081110477
867868,264.5,30.1,142.4,133.7,163.4,1081116636
867918,263.7,-14.9,124.9,133.7,133.7,1081113575
867968,264.1,7.5,133.6,118.8,118.8,1081115118
868018,263.8,-6.7,128.0,148.5,118.8,1081113741
868068,267.7,79.3,164.3,118.8,148.5,1081129980
868118,267.5,-4.5,132.9,148.5,148.5,1081129060
868168,267.7,2.9,135.8,148.5,133.7,1081129644
868218,268.7,20.0,143.3,133.7,118.8,1081133739
868268,269.4,14.0,141.9,133.7,148.5,1081136606
868318,269.9,9.8,140.9,133.7,148.5,1081138613
868368,268.7,-23.1,127.3,148.5,118.8,1081133874
868418,267.0,-34.2,121.3,133.7,133.7,1081126870
868468,266.7,-5.9,131.5,118.8,118.8,1081125654
868518,268.3,31.8,147.3,118.8,148.5,1081132175
868568,267.6,-13.7,129.6,148.5,133.7,1081129367
868618,267.7,2.4,135.7,148.5,133.7,1081129859
868668,267.8,1.7,135.6,118.8,133.7,1081130204
868718,267.0,-16.8,127.7,118.8,133.7,1081126758
868768,266.7,-5.8,131.5,133.7,133.7,1081125576
868818,266.8,2.0,134.5,148.5,118.8,1081125976
868868,268.9,43.4,152.3,118.8,148.5,1081134858
868918,269.9,18.4,144.0,148.5,133.7,1081138618
868968,270.2,6.9,140.1,148.5,148.5,1081140022
869018,271.3,22.8,147.3,133.7,148.5,1081144690
869068,272.1,16.0,145.7,163.4,118.8,1081147958
869118,271.8,-6.8,136.8,118.8,163.4,1081146559
869168,275.5,73.2,170.6,133.7,148.5,1081161555
869218,276.2,15.3,150.0,178.2,148.5,1081164679
869268,276.5,4.7,146.3,148.5,148.5,1081165636
869318,275.1,-26.7,133.2,133.7,148.5,1081160163
869368,275.1,-0.7,142.8,118.8,133.7,1081160018
869418,274.2,-18.5,135.1,148.5,148.5,1081156230
869468,274.1,-0.9,141.6,148.5,133.7,1081156036
869518,274.1,-0.7,141.7,133.7,163.4,1081155900
869568,275.0,17.5,149.4,133.7,133.7,1081159492
869618,277.4,48.3,163.5,148.5,148.5,1081169378
869668,279.1,33.8,160.0,148.5,148.5,1081176299
869718,279.3,5.7,149.9,163.4,163.4,1081177457
869768,279.5,4.0,149.5,163.4,163.4,1081178268
869818,279.4,-3.2,146.6,133.7,133.7,1081177607
869868,278.7,-14.3,141.7,148.5,148.5,1081174686
869918,280.0,26.0,158.1,133.7,148.5,1081180015
869968,281.8,36.2,163.9,148.5,163.4,1081187431
870018,283.3,31.3,163.9,163.4,148.5,1081193851
870068,283.2,-2.1,151.4,163.4,163.4,1081193430
870118,283.5,4.6,154.1,148.5,163.4,1081194364
870168,285.4,39.2,169.1,148.5,133.7,1081202391
870218,284.7,-14.6,148.3,163.4,163.4,1081199408
870268,284.8,1.8,154.5,148.5,163.4,1081199777
870318,284.9,1.3,154.4,163.4,148.5,1081200036
870368,287.9,60.9,179.9,148.5,148.5,1081212505
870418,287.9,0.6,157.6,163.4,163.4,1081212632
870468,288.8,18.4,165.2,163.4,178.2,1081216407
870518,291.6,54.9,181.8,163.4,148.5,1081227651
870568,291.1,-9.6,157.3,163.4,163.4,1081225692
870618,290.8,-6.7,158.0,163.4,178.2,1081224320
870668,290.5,-4.7,158.5,163.4,148.5,1081223360
870718,294.6,80.7,194.7,163.4,163.4,1081239891
870768,295.3,14.5,170.9,178.2,163.4,1081242861
870818,295.8,10.2,169.9,178.2,193.1,1081244940
870868,297.4,31.1,179.4,178.2,163.4,1081251311
870918,297.0,-8.2,164.3,163.4,148.5,1081249626
870968,299.1,42.2,185.4,178.2,178.2,1081258277
871018,302.7,71.6,200.3,178.2,178.2,1081272935
871068,303.1,8.1,177.2,178.2,193.1,1081274594
871118,305.1,41.7,192.0,193.1,178.2,1081283127
871168,303.6,-30.8,163.3,178.2,178.2,1081276813
871218,303.4,-3.6,173.3,178.2,178.2,1081276079
871268,306.3,57.5,199.1,163.4,163.4,1081287854
871318,308.6,46.2,197.5,193.1,193.1,1081297325
871368,307.2,-27.6,168.6,193.1,193.1,1081291666
871418,309.9,52.7,201.3,163.4,178.2,1081302451
871468,313.2,66.9,210.3,193.1,178.2,1081316144
871518,314.3,22.8,195.2,207.9,222.8,1081320815
871568,313.9,-8.0,183.3,207.9,193.1,1081319168
871618,315.8,36.4,201.8,178.2,178.2,1081326618
871668,317.9,43.5,206.9,178.2,193.1,1081335519
871718,318.6,12.4,196.1,222.8,207.9,1081338063
871768,318.1,-9.3,187.5,193.1,193.1,1081336158
871818,322.0,77.5,224.0,193.1,193.1,1081352027
871868,322.0,0.2,195.4,193.1,207.9,1081352076
871918,320.8,-23.8,185.1,207.9,207.9,1081347196
871968,318.4,-46.7,174.0,193.1,193.1,1081337635
872018,319.8,27.3,203.0,163.4,178.2,1081343231
872068,320.2,7.1,195.9,193.1,178.2,1081344690
872118,323.4,65.0,221.0,207.9,193.1,1081358000
872168,324.8,27.5,208.6,193.1,222.8,1081363630
872218,326.1,25.2,209.2,207.9,193.1,1081368800
872268,329.9,77.7,233.0,207.9,207.9,1081384707
872318,329.7,-5.6,201.7,207.9,222.8,1081383554
872368,330.4,14.1,209.8,207.9,207.9,1081386433
872418,334.5,81.8,239.5,178.2,193.1,1081403194
872468,334.6,3.3,210.6,207.9,222.8,1081403868
872518,335.9,26.3,220.6,237.6,207.9,1081409255
872568,335.1,-17.6,203.3,237.6,207.9,1081405653
872618,337.1,41.7,227.6,207.9,207.9,1081414190
872668,338.6,29.2,224.6,222.8,193.1,1081420167
872718,336.6,-39.6,196.9,252.5,237.6,1081412062
872768,332.8,-75.7,179.3,207.9,193.1,1081396559
872818,329.6,-65.0,179.6,207.9,178.2,1081383248
872868,331.2,32.5,217.6,193.1,178.2,1081389906
872918,331.1,-1.2,205.0,222.8,207.9,1081389651
872968,334.1,59.1,230.7,237.6,207.9,1081401760
873018,330.8,-66.6,180.3,222.8,207.9,1081388118
873068,334.7,79.4,239.0,193.1,193.1,1081404374
873118,334.8,1.6,210.1,222.8,207.9,1081404694
873168,333.4,-28.9,197.2,237.6,222.8,1081398773
873218,335.1,33.8,222.4,207.9,193.1,1081405688
873268,332.6,-48.4,189.2,207.9,193.1,1081395783
873318,332.1,-9.9,202.9,207.9,207.9,1081393765
873368,331.5,-12.9,201.1,207.9,193.1,1081391123
873418,331.1,-9.0,202.0,222.8,193.1,1081389274
873468,329.8,-24.3,195.0,193.1,207.9,1081384293
873518,332.3,49.0,224.9,207.9,193.1,1081394324
873568,329.8,-49.7,185.5,222.8,222.8,1081384142
873618,328.4,-28.8,191.7,193.1,207.9,1081378243
873668,326.5,-38.2,186.1,193.1,178.2,1081370428
873718,326.5,0.0,200.3,163.4,178.2,1081370428
873768,328.7,45.3,219.6,252.5,237.6,1081379702
873818,328.7,0.0,202.8,178.2,207.9,1081379702
873868,328.5,-4.3,200.9,207.9,237.6,1081378822
873918,328.5,0.0,202.5,148.5,178.2,1081378822
873968,330.2,33.0,216.6,222.8,237.6,1081385578
874018,330.2,0.0,204.4,193.1,193.1,1081385578
874068,330.7,11.1,209.1,207.9,222.8,1081387850
874118,330.7,0.0,205.0,178.2,193.1,1081387850
874168,331.4,13.8,210.9,207.9,237.6,1081390670
874218,331.4,0.0,205.8,193.1,178.2,1081390670
874268,332.2,15.6,212.4,207.9,237.6,1081393872
874318,333.0,16.9,213.9,207.9,222.8,1081397342
874368,333.3,5.9,210.1,193.1,193.1,1081398543
874418,336.2,58.1,232.7,207.9,207.9,1081410442
874468,336.5,4.7,213.1,222.8,237.6,1081411399
874518,333.6,-56.7,187.2,222.8,222.8,1081399781
874568,334.9,26.3,219.5,178.2,193.1,1081405165
874618,332.6,-47.6,189.4,207.9,193.1,1081395417
874668,334.2,32.7,221.0,193.1,222.8,1081402110
874718,332.6,-31.1,195.6,222.8,207.9,1081395736
874768,333.6,20.2,215.8,193.1,207.9,1081399876
874818,333.7,2.1,209.2,207.9,207.9,1081400316
874868,335.3,31.5,221.8,193.1,207.9,1081406768
874918,334.3,-19.9,201.6,222.8,222.8,1081402683
874968,336.0,34.0,223.6,207.9,207.9,1081409654
875018,335.4,-12.2,205.7,207.9,207.9,1081407161
875068,336.8,27.5,222.0,222.8,222.8,1081412789
875118,335.1,-34.8,196.9,222.8,207.9,1081405669
875168,333.8,-24.3,199.4,193.1,193.1,1081400685
875218,336.0,43.0,226.8,222.8,207.9,1081409484
875268,335.7,-5.9,208.3,222.8,222.8,1081408271
875318,336.7,19.9,219.0,222.8,207.9,1081412336
875368,338.0,25.9,222.7,222.8,193.1,1081417640
875418,338.9,18.1,220.8,237.6,207.9,1081421353
875468,340.1,24.7,224.6,237.6,222.8,1081426409
875518,341.6,29.3,228.0,207.9,207.9,1081432406
875568,343.5,38.5,233.5,252.5,207.9,1081440291
875618,343.1,-9.1,215.4,222.8,237.6,1081438437
875668,343.3,5.7,221.2,222.8,222.8,1081439597
875718,343.2,-2.0,218.2,222.8,207.9,1081439180
875768,344.1,16.6,226.0,222.8,207.9,1081442575
875818,344.3,5.6,222.3,222.8,222.8,1081443722
875868,346.0,33.9,234.7,207.9,222.8,1081450669
875918,346.6,11.7,227.1,237.6,237.6,1081453075
875968,347.0,8.2,226.2,193.1,222.8,1081454759
876018,346.7,-6.2,220.5,222.8,237.6,1081453480
876068,345.9,-16.4,215.8,222.8,222.8,1081450127
876118,344.4,-29.5,209.3,207.9,237.6,1081444093
876168,342.5,-38.6,203.8,193.1,207.9,1081436184
876218,342.7,3.0,219.4,207.9,207.9,1081436791
876268,341.3,-27.9,206.4,207.9,237.6,1081431072
876318,340.6,-13.5,211.0,222.8,193.1,1081428297
876368,342.8,44.5,235.0,193.1,207.9,1081437414
876418,343.2,7.2,221.5,222.8,222.8,1081438881
876468,341.9,-25.0,208.2,222.8,237.6,1081433764
876518,340.1,-35.5,202.3,207.9,222.8,1081426495
876568,339.5,-12.8,210.0,193.1,193.1,1081423865
876618,340.5,21.0,223.8,207.9,222.8,1081428168
876668,338.0,-51.3,194.1,222.8,222.8,1081417663
876718,337.4,-11.9,208.0,193.1,207.9,1081415225
876768,337.0,-8.3,208.9,207.9,207.9,1081413518
876818,336.1,-17.8,204.4,207.9,207.9,1081409866
876868,335.5,-12.5,205.6,222.8,207.9,1081407309
876918,332.3,-62.7,183.5,193.1,207.9,1081394460
876968,332.5,4.1,208.5,207.9,193.1,1081395296
877018,331.8,-15.1,200.5,193.1,193.1,1081392195
877068,330.9,-16.6,199.1,207.9,207.9,1081388796
877118,329.2,-35.6,190.0,207.9,207.9,1081381501
877168,329.1,-0.9,202.9,193.1,207.9,1081381310
877218,329.4,5.3,205.5,193.1,193.1,1081382405
877268,329.0,-8.3,200.0,207.9,207.9,1081380714
877318,327.5,-29.8,190.3,207.9,207.9,1081374615
877368,328.8,27.2,213.0,193.1,193.1,1081380176
877418,329.2,7.0,205.9,193.1,193.1,1081381611
877468,326.7,-49.1,182.3,222.8,222.8,1081371556
877518,326.5,-4.4,198.7,193.1,193.1,1081370662
877568,324.3,-45.1,181.1,178.2,193.1,1081361434
877618,323.0,-25.5,186.9,207.9,193.1,1081356204
877668,321.2,-35.9,181.1,178.2,193.1,1081348856
877718,321.7,10.9,199.0,178.2,193.1,1081351086
877768,321.2,-10.4,190.6,193.1,193.1,1081348960
877818,318.1,-61.3,168.3,193.1,193.1,1081336413
877868,315.1,-60.9,165.0,178.2,178.2,1081323943
877918,315.1,-0.6,187.3,178.2,178.2,1081323816
877968,314.5,-12.4,182.3,178.2,178.2,1081321270
878018,314.9,9.3,190.9,193.1,178.2,1081323173
878068,314.3,-11.5,182.5,193.1,207.9,1081320820
878118,312.4,-38.0,170.5,178.2,178.2,1081313028
878168,312.9,9.4,188.6,178.2,178.2,1081314947
878218,313.5,12.6,190.5,193.1,193.1,1081317519
878268,312.8,-15.2,179.4,193.1,178.2,1081314404
878318,309.8,-58.6,160.0,178.2,193.1,1081302393
878368,307.5,-47.1,161.7,163.4,163.4,1081292756
878418,305.2,-44.9,159.9,178.2,163.4,1081283553
878468,304.0,-25.5,165.8,163.4,163.4,1081278340
878518,302.8,-23.8,165.0,163.4,178.2,1081273462
878568,301.9,-16.7,166.8,178.2,163.4,1081270047
878618,302.0,0.3,173.1,163.4,178.2,1081270115
878668,301.7,-5.8,170.5,178.2,163.4,1081268933
878718,301.5,-4.0,170.9,178.2,178.2,1081268106
878768,301.6,3.2,173.8,163.4,163.4,1081268755
878818,299.0,-51.8,150.5,178.2,178.2,1081258151
878868,299.0,-0.2,169.6,163.4,163.4,1081258101
878918,298.1,-18.2,161.9,163.4,163.4,1081254379
878968,297.2,-18.7,160.7,163.4,163.4,1081250545
879018,297.1,-1.1,167.2,163.4,178.2,1081250319
879068,294.1,-60.8,141.6,163.4,163.4,1081237873
879118,295.9,35.5,179.3,148.5,133.7,1081245135
879168,294.1,-35.2,151.2,163.4,193.1,1081237930
879218,294.1,-0.6,164.0,178.2,163.4,1081237802
879268,292.3,-36.4,148.6,163.4,163.4,1081230340
879318,290.4,-37.5,146.1,148.5,148.5,1081222659
879368,289.1,-26.3,148.9,148.5,148.5,1081217282
879418,287.8,-24.4,148.2,163.4,148.5,1081212289
879468,286.7,-23.1,147.4,148.5,163.4,1081207565
879518,285.0,-34.1,141.4,148.5,148.5,1081200572
879568,285.0,0.1,154.1,148.5,118.8,1081200593
879618,282.6,-47.9,133.6,148.5,163.4,1081190776
879668,281.2,-27.6,139.6,163.4,163.4,1081185134
879718,280.6,-13.3,144.2,118.8,118.8,1081182413
879768,280.1,-9.3,145.2,148.5,133.7,1081180508
879818,278.9,-24.5,138.1,148.5,163.4,1081175488
879868,277.7,-23.2,137.4,163.4,148.5,1081170746
879918,276.9,-16.2,139.0,133.7,133.7,1081167426
879968,274.8,-41.3,127.4,133.7,148.5,1081158958
880018,274.3,-10.9,138.1,133.7,133.7,1081156717
880068,273.9,-7.7,138.9,148.5,148.5,1081155148
880118,273.3,-11.4,136.9,148.5,133.7,1081152821
880168,271.4,-38.0,124.9,118.8,133.7,1081145048
880218,268.9,-50.6,117.4,118.8,148.5,1081134692
880268,268.9,0.6,136.4,148.5,133.7,1081134815
880318,266.0,-59.6,110.7,118.8,133.7,1081122614
880368,264.5,-29.7,120.2,118.8,118.8,1081116530
880418,264.0,-8.8,127.5,118.8,118.8,1081114729
880468,264.9,17.8,138.3,133.7,148.5,1081118384
880518,263.7,-23.5,121.7,133.7,118.8,1081113570
880568,261.7,-40.5,113.1,133.7,133.7,1081105284
880618,259.7,-40.3,110.9,118.8,133.7,1081097027
880668,257.7,-40.2,108.7,104.0,104.0,1081088789
880718,255.7,-40.2,106.5,118.8,104.0,1081079274
880768,254.0,-34.1,106.9,133.7,104.0,1081065303
880818,254.0,0.0,119.5,89.1,118.8,1081065303
880868,252.5,-29.9,106.8,133.7,133.7,1081053066
880918,252.5,0.0,117.9,118.8,89.1,1081053066
880968,250.5,-38.9,101.3,118.8,148.5,1081037127
881018,250.5,0.0,115.7,104.0,89.1,1081037127
881068,247.7,-57.2,91.3,118.8,133.7,1081013681
881118,247.7,0.0,112.5,89.1,89.1,1081013681
881168,245.4,-46.1,92.8,133.7,104.0,1080994812
881218,245.4,0.0,109.9,89.1,118.8,1080994812
881268,242.3,-62.2,83.4,118.8,104.0,1080969315
881318,242.3,0.0,106.5,89.1,89.1,1080969315
881368,239.5,-55.6,82.7,118.8,104.0,1080946553
881418,237.5,-38.9,86.8,89.1,104.0,1080930619
881468,235.9,-33.2,87.0,74.3,89.1,1080917007
881518,234.4,-29.3,86.9,104.0,89.1,1080905022
881568,232.5,-38.5,81.3,89.1,89.1,1080889259
881618,231.1,-26.9,84.1,89.1,89.1,1080878225
881668,229.3,-36.9,78.4,89.1,89.1,1080863129
881718,228.0,-25.8,81.0,89.1,74.3,1080852561
881768,226.8,-24.1,80.3,89.1,89.1,1080842706
881818,225.1,-34.8,74.4,104.0,74.3,1080828435
881868,223.2,-36.4,71.8,89.1,74.3,1080813530
881918,222.3,-19.5,77.0,74.3,74.3,1080805554
881968,220.7,-31.6,70.7,104.0,74.3,1080792598
882018,219.0,-34.1,67.9,89.1,74.3,1080778614
882068,216.3,-53.9,57.5,74.3,74.3,1080756537
882118,214.7,-31.7,64.0,74.3,59.4,1080743540
882168,213.3,-28.2,63.7,74.3,59.4,1080731985
882218,212.0,-25.7,63.2,59.4,89.1,1080721439
882268,210.8,-24.0,62.5,74.3,59.4,1080711599
882318,209.4,-28.8,59.1,74.3,44.6,1080699796
882368,207.8,-32.2,56.1,74.3,59.4,1080686619
882418,205.7,-40.5,50.7,59.4,59.4,1080670022
882468,204.9,-16.4,58.8,59.4,59.4,1080663319
882518,204.3,-11.5,60.0,29.7,59.4,1080658627
882568,203.6,-14.0,58.2,44.6,74.3,1080652885
882618,201.6,-39.8,46.5,59.4,74.3,1080636578
882668,200.9,-15.9,54.5,59.4,59.4,1080630078
882718,199.4,-29.1,47.9,59.4,44.6,1080618155
882768,197.8,-32.4,44.9,44.6,59.4,1080604894
882818,196.6,-22.7,47.3,44.6,44.6,1080595611
882868,195.9,-15.9,48.9,59.4,44.6,1080589113
882918,194.4,-29.1,42.4,59.4,74.3,1080577192
882968,192.8,-32.4,39.3,59.4,59.4,1080563932
883018,191.0,-34.7,36.6,44.6,44.6,1080549735
883068,188.9,-42.3,31.4,44.6,59.4,1080532424
883118,187.5,-29.6,34.4,44.6,44.6,1080520306
883168,186.1,-26.7,34.0,44.6,44.6,1080509366
883218,184.9,-24.7,33.4,44.6,44.6,1080499251
883268,183.4,-29.3,30.1,44.6,44.6,1080487254
883318,182.4,-20.5,32.2,44.6,29.7,1080478857
883368,182.0,-8.4,36.2,44.6,29.7,1080475437
883418,181.4,-11.8,34.3,44.6,29.7,1080470585
883468,179.8,-32.3,24.9,44.6,29.7,1080457358
883518,178.6,-22.6,27.2,59.4,59.4,1080448099
883568,177.2,-27.8,23.7,59.4,44.6,1080436703
883618,176.6,-13.5,28.3,14.9,44.6,1080431183
883668,175.8,-15.4,26.7,0.0,59.4,1080424862
883718,174.4,-28.8,20.2,0.0,29.7,1080413064
883768,174.3,-2.2,29.9,0.0,44.6,1080412178
883818,173.0,-25.5,19.8,0.0,29.7,1080401728
883868,172.7,-5.9,26.8,0.0,44.6,1080399328
883918,171.0,-34.1,14.4,0.0,29.7,1080385360
883968,171.6,12.1,32.3,0.0,29.7,1080390328
884018,171.4,-3.5,26.3,0.0,29.7,1080388890
884068,171.6,3.5,29.1,0.0,29.7,1080390341
884118,170.8,-15.5,21.1,0.0,29.7,1080383984
884168,170.3,-10.9,22.3,0.0,14.9,1080379535
884218,169.6,-13.6,20.5,0.0,0.0,1080373962
884268,169.4,-3.5,24.0,0.0,0.0,1080372519
884318,168.4,-20.5,16.6,0.0,0.0,1080364136
884368,168.0,-8.3,20.6,0.0,0.0,1080360725
884418,168.3,6.2,26.4,0.0,0.0,1080363253
884468,168.5,4.3,25.9,0.0,0.0,1080365023
884518,168.6,3.0,25.6,14.9,0.0,1080366261
884568,167.9,-15.9,17.7,74.3,0.0,1080359756
884618,167.9,0.9,24.0,59.4,0.0,1080360117
884668,169.4,30.6,36.7,29.7,0.0,1080372658
884718,167.5,-38.6,8.9,0.0,0.0,1080356860
884768,166.7,-15.0,16.8,0.0,0.0,1080350717
884818,166.2,-10.5,17.9,14.9,0.0,1080346417
884868,166.5,4.7,23.8,44.6,0.0,1080348322
884918,166.0,-8.7,18.3,29.7,0.0,1080344741
884968,166.0,-0.1,21.5,29.7,0.0,1080344691
885018,166.3,5.9,24.1,14.9,0.0,1080347114
885068,166.2,-1.9,21.1,29.7,0.0,1080346353
885118,165.3,-19.3,13.5,59.4,0.0,1080338447
885168,165.2,-1.5,20.1,29.7,0.0,1080337828
885218,164.5,-13.1,15.0,59.4,0.0,1080332479
885268,164.4,-3.1,18.5,44.6,0.0,1080331193
885318,163.1,-26.2,8.5,29.7,14.9,1080320462
885368,162.1,-18.3,10.4,29.7,74.3,1080312951
885418,161.2,-18.8,9.2,29.7,59.4,1080305235
885468,160.2,-19.2,8.0,29.7,59.4,1080297376
885518,159.0,-25.4,4.3,14.9,44.6,1080286960
885568,157.5,-29.8,1.0,0.0,44.6,1080274753
885618,157.9,9.1,15.9,0.0,44.6,1080278497
885668,158.0,0.4,12.7,0.0,29.7,1080278660
885718,157.4,-11.7,7.6,0.0,44.6,1080273858
885768,156.4,-20.2,3.3,0.0,44.6,1080265582
885818,155.1,-26.1,0.0,0.0,29.7,1080254874
885868,154.4,-12.3,4.1,0.0,29.7,1080249836
885918,154.3,-2.6,7.5,0.0,44.6,1080248766
885968,153.9,-7.8,5.2,0.0,0.0,1080245560
886018,154.5,12.5,13.4,0.0,0.0,1080250689
886068,153.8,-15.2,2.3,0.0,0.0,1080244449
886118,153.5,-4.7,5.9,0.0,0.0,1080242538
886168,153.4,-3.3,6.3,0.0,0.0,1080241200
886218,153.3,-2.3,6.5,0.0,0.0,1080240264
886268,152.9,-7.6,4.1,0.0,0.0,1080237151
886318,152.9,0.7,7.2,0.0,0.0,1080237430
886368,152.9,0.5,7.2,0.0,0.0,1080237625
886418,153.3,6.3,9.7,0.0,0.0,1080240219
886468,153.5,4.4,9.2,14.9,0.0,1080242035
886518,153.9,9.1,11.5,14.9,0.0,1080245763
886568,153.7,-5.6,5.7,14.9,0.0,1080243458
886618,153.2,-9.9,3.5,0.0,0.0,1080239387
886668,153.1,-1.0,6.8,0.0,0.0,1080238995
886718,152.8,-6.7,4.3,0.0,0.0,1080236263
886768,153.4,13.3,12.5,0.0,0.0,1080241723
886818,153.6,3.3,9.0,0.0,0.0,1080243087
886868,153.7,2.3,8.7,0.0,0.0,1080244043
886918,153.8,1.6,8.6,0.0,0.0,1080244711
886968,153.3,-10.9,3.3,0.0,0.0,1080240264
887018,153.8,10.4,11.8,0.0,0.0,1080244524
887068,153.9,1.3,8.5,0.0,0.0,1080245048
887118,153.3,-11.1,3.3,0.0,0.0,1080240500
887168,153.2,-1.8,6.6,0.0,0.0,1080239774
887218,152.8,-7.2,4.2,0.0,0.0,1080236808
887268,153.2,6.9,9.8,0.0,0.0,1080239647
887318,153.1,-1.1,6.8,0.0,0.0,1080239177
887368,153.4,5.2,9.4,0.0,0.0,1080241305
887418,153.9,9.6,11.6,0.0,0.0,1080245253
887468,153.9,0.7,8.3,0.0,0.0,1080245558
887518,153.3,-11.5,3.2,0.0,0.0,1080240857
887568,153.2,-2.0,6.6,0.0,0.0,1080240024
887618,152.3,-19.4,0.0,0.0,0.0,1080232068
887668,151.6,-13.6,0.4,0.0,0.0,1080226498
887718,152.0,8.5,9.1,0.0,0.0,1080229973
887768,152.0,-0.1,5.9,0.0,0.0,1080229947
887818,152.3,6.0,8.5,0.0,0.0,1080232387
887868,153.7,28.2,18.3,0.0,0.0,1080243925
887918,154.7,19.7,16.3,0.0,0.0,1080252002
887968,154.7,0.0,8.9,0.0,0.0,1080252002
888018,156.3,31.8,22.5,0.0,0.0,1080265028
888068,156.3,0.0,10.7,0.0,0.0,1080265028
888118,158.3,40.3,27.9,0.0,0.0,1080281520
888168,158.3,0.0,13.0,0.0,0.0,1080281520
888218,160.9,52.2,35.2,44.6,0.0,1080302894
888268,160.9,0.0,15.9,59.4,44.6,1080302894
888318,163.0,42.5,34.0,59.4,74.3,1080320314
888368,163.0,0.0,18.2,29.7,44.6,1080320314
888418,164.5,29.8,30.9,59.4,59.4,1080332508
888468,165.0,8.8,23.7,59.4,44.6,1080336128
888518,166.2,24.2,30.7,59.4,44.6,1080346035
888568,166.4,4.9,23.8,44.6,59.4,1080348055
888618,167.2,15.5,28.6,44.6,44.6,1080354384
888668,167.4,4.8,24.9,44.6,44.6,1080356357
888718,167.6,3.4,24.6,44.6,59.4,1080357737
888768,168.0,8.4,26.9,44.6,44.6,1080361162
888818,168.6,11.9,28.8,44.6,44.6,1080366016
888868,169.3,14.3,30.6,44.6,44.6,1080371872
888918,169.5,4.0,27.0,44.6,59.4,1080373514
888968,169.7,2.8,26.7,59.4,44.6,1080374663
889018,170.4,14.0,31.6,59.4,59.4,1080380382
889068,170.6,3.8,28.0,44.6,44.6,1080381928
889118,170.7,2.6,27.7,59.4,59.4,1080383010
889168,169.6,-22.2,17.3,44.6,-14.9,1080373937
889218,170.9,26.5,36.8,44.6,14.9,1080384790
889268,172.4,30.5,40.0,44.6,44.6,1080397301
889318,172.6,3.4,30.1,44.6,44.6,1080398687
889368,172.7,2.4,29.9,44.6,59.4,1080399657
889418,172.8,1.7,29.7,29.7,14.9,1080400336
889468,174.7,37.2,45.0,29.7,0.0,1080415556
889518,176.3,32.0,44.9,14.9,0.0,1080428668
889568,177.4,22.4,42.5,0.0,0.0,1080437847
889618,178.2,15.7,40.9,0.0,0.0,1080444272
889668,179.9,35.0,50.0,44.6,0.0,1080458600
889718,182.9,60.5,62.9,29.7,14.9,1080483375
889768,183.9,18.3,48.2,59.4,74.3,1080490887
889818,184.8,18.8,49.5,59.4,74.3,1080498603
889868,186.7,37.2,58.4,44.6,44.6,1080513835
889918,187.1,8.0,48.0,44.6,59.4,1080517124
889968,187.6,11.6,50.0,44.6,44.6,1080521884
890018,187.8,2.1,46.6,44.6,44.6,1080522759
890068,189.3,31.5,59.2,44.6,44.6,1080535659
890118,191.9,52.0,69.7,44.6,59.4,1080556977
890168,191.3,-11.6,45.5,59.4,59.4,1080552239
890218,192.1,15.9,56.6,59.4,59.4,1080558753
890268,193.9,35.1,65.7,29.7,44.6,1080573143
890318,194.2,6.6,55.4,59.4,74.3,1080575843
890368,194.5,4.6,54.9,59.4,59.4,1080577733
890418,195.8,27.2,64.9,59.4,44.6,1080588887
890468,196.8,19.1,62.9,59.4,74.3,1080596694
890518,197.7,19.3,64.1,44.6,59.4,1080604617
890568,199.3,31.5,70.4,59.4,44.6,1080617536
890618,200.7,28.1,70.6,59.4,74.3,1080629037
890668,202.6,37.7,76.3,59.4,74.3,1080644460
890718,203.6,20.4,71.0,74.3,59.4,1080652799
890768,204.3,14.3,69.5,59.4,59.4,1080658636
890818,204.8,10.0,68.5,74.3,74.3,1080662722
890868,207.0,43.0,83.1,74.3,74.3,1080680327
890918,207.9,18.1,74.9,59.4,59.4,1080687736
890968,209.1,24.7,78.7,74.3,89.1,1080697838
891018,209.4,5.3,71.8,89.1,74.3,1080699993
891068,211.1,33.7,84.2,59.4,59.4,1080713790
891118,212.8,35.6,86.9,74.3,89.1,1080728364
891168,214.4,30.9,86.9,89.1,74.3,1080741022
891218,215.5,21.6,84.7,74.3,89.1,1080749883
891268,216.8,27.1,88.2,89.1,89.1,1080761001
891318,217.8,19.0,86.3,89.1,74.3,1080768784
891368,218.1,7.3,82.3,74.3,89.1,1080771774
891418,219.3,23.1,89.5,89.1,89.1,1080781240
891468,219.8,10.2,85.3,89.1,74.3,1080785409
891518,222.0,43.1,99.9,74.3,89.1,1080803073
891568,223.5,30.2,96.8,74.3,74.3,1080815437
891618,225.7,45.1,104.8,118.8,89.1,1080833923
891668,227.0,25.6,99.0,89.1,118.8,1080844405
891718,227.9,17.9,97.1,104.0,89.1,1080851742
891768,229.7,36.5,106.1,89.1,74.3,1080866709
891818,229.8,1.6,93.2,89.1,104.0,1080867356
891868,231.4,31.1,105.9,74.3,104.0,1080880096
891918,232.5,21.8,103.6,118.8,89.1,1080889014
891968,233.5,21.2,104.6,104.0,104.0,1080897715
892018,234.9,26.9,108.2,104.0,104.0,1080908720
892068,237.0,42.8,116.5,89.1,104.0,1080926254
892118,238.2,24.0,110.9,104.0,104.0,1080936071
892168,239.3,22.8,111.7,104.0,118.8,1080945400
892218,241.6,45.9,122.8,104.0,118.8,1080964218
892268,241.4,-3.8,104.1,118.8,104.0,1080962645
892318,241.6,3.3,107.0,104.0,104.0,1080964002
892368,244.1,50.3,127.2,104.0,104.0,1080984613
892418,244.7,11.2,113.3,133.7,118.8,1080989209
892468,245.1,7.9,112.5,104.0,104.0,1080992427
892518,246.0,17.5,117.1,104.0,118.8,1080999595
892568,246.3,6.2,113.3,118.8,104.0,1081002155
892618,248.0,34.4,125.6,118.8,104.0,1081016235
892668,248.9,18.1,120.6,104.0,118.8,1081023633
892718,250.7,36.6,129.5,133.7,133.7,1081038642
892768,250.5,-4.3,114.0,118.8,118.8,1081036861
892818,252.8,45.0,134.9,118.8,104.0,1081055274
892868,253.1,7.5,121.4,133.7,118.8,1081058333
892918,253.1,-0.8,118.3,118.8,118.8,1081058017
892968,254.3,23.5,128.6,118.8,133.7,1081067626
893018,255.1,16.4,126.9,118.8,89.1,1081074353
893068,255.1,-0.5,120.5,148.5,133.7,1081074146
893118,255.9,17.6,128.3,133.7,118.8,1081081374
893168,257.2,24.4,132.1,118.8,118.8,1081086602
893218,257.7,11.0,127.8,163.4,104.0,1081088865
893268,258.1,7.7,127.0,133.7,118.8,1081090448
893318,258.4,5.4,126.4,148.5,133.7,1081091557
893368,259.2,15.8,131.2,148.5,118.8,1081094791
893418,259.1,-0.9,124.9,133.7,118.8,1081094596
893468,259.4,5.3,127.5,133.7,118.8,1081095689
893518,260.8,27.7,137.4,148.5,133.7,1081101370
893568,261.7,19.4,135.4,133.7,118.8,1081105346
893618,260.3,-28.4,116.0,133.7,133.7,1081099528
893668,260.5,4.1,128.3,118.8,133.7,1081100370
893718,261.6,20.9,135.7,118.8,104.0,1081104646
893768,262.3,14.6,134.2,148.5,148.5,1081107639
893818,262.2,-1.8,128.0,133.7,133.7,1081107277
893868,261.5,-13.2,123.0,118.8,118.8,1081104566
893918,262.0,8.7,131.7,133.7,133.7,1081106354
893968,263.2,24.1,138.7,118.8,148.5,1081111293
894018,264.9,34.9,144.7,133.7,118.8,1081118436
894068,265.3,6.4,134.5,148.5,148.5,1081119750
894118,264.3,-19.5,123.8,118.8,148.5,1081115754
894168,264.2,-1.7,130.3,118.8,133.7,1081115415
894218,265.9,34.8,145.8,104.0,133.7,1081122550
894268,266.9,18.4,140.7,133.7,148.5,1081126316
894318,267.5,12.9,139.4,118.8,133.7,1081128953
894368,267.0,-9.0,130.7,133.7,148.5,1081127111
894418,267.3,5.7,136.5,133.7,133.7,1081128280
894468,268.4,22.0,143.8,118.8,133.7,1081132785
894518,268.9,9.4,139.6,118.8,148.5,1081134709
894568,268.0,-17.4,128.7,133.7,133.7,1081131141
894618,268.9,17.8,142.8,133.7,133.7,1081134788
894668,271.6,54.5,159.4,133.7,133.7,1081145942
894718,271.8,2.1,140.1,163.4,163.4,1081146377
894768,271.5,-4.5,137.4,118.8,133.7,1081145452
894818,271.1,-9.2,135.2,133.7,133.7,1081143576
894868,271.9,17.6,146.1,133.7,148.5,1081147179
894918,271.1,-17.7,132.0,133.7,148.5,1081143556
894968,271.9,17.6,146.1,148.5,133.7,1081147164
895018,270.8,-23.7,129.4,118.8,133.7,1081142317
895068,270.2,-10.6,133.7,133.7,148.5,1081140153
895118,270.2,0.0,137.6,118.8,118.8,1081140153
895168,272.6,46.6,157.5,163.4,148.5,1081149698
895218,272.6,0.0,140.2,133.7,133.7,1081149698
895268,272.1,-9.4,136.2,163.4,163.4,1081147777
895318,272.1,0.0,139.7,118.8,118.8,1081147777
895368,272.4,5.4,142.0,148.5,148.5,1081148890
895418,272.4,0.0,140.0,133.7,133.7,1081148890
895468,271.7,-14.2,133.9,148.5,163.4,1081145983
895518,271.7,0.0,139.2,118.8,118.8,1081145983
895568,273.0,26.1,150.3,148.5,148.5,1081151321
895618,273.0,0.0,140.7,133.7,133.7,1081151321
895668,273.0,0.2,140.8,163.4,178.2,1081151371
895718,273.3,6.2,143.3,133.7,118.8,1081152635
895768,274.4,22.3,150.6,133.7,148.5,1081157206
895818,273.7,-14.4,136.1,148.5,148.5,1081154262
895868,274.4,13.9,147.4,148.5,133.7,1081157116
895918,274.0,-8.2,138.7,133.7,133.7,1081155427
895968,274.6,12.2,147.0,118.8,133.7,1081157932
896018,275.0,8.6,146.1,133.7,148.5,1081159685
896068,274.1,-18.0,135.3,163.4,148.5,1081155997
896118,275.9,35.4,157.1,133.7,133.7,1081163246
896168,278.0,42.8,162.2,148.5,148.5,1081172006
896218,277.1,-18.1,138.6,163.4,163.4,1081168308
896268,277.7,11.4,150.1,148.5,148.5,1081170635
896318,276.9,-16.0,139.1,148.5,133.7,1081167348
896368,276.6,-5.2,142.8,133.7,148.5,1081166276
896418,277.3,14.3,150.9,133.7,148.5,1081169213
896468,278.1,16.0,152.4,148.5,133.7,1081172497
896518,277.8,-6.8,143.5,163.4,163.4,1081171109
896568,279.1,25.3,156.8,148.5,148.5,1081176282
896618,278.7,-6.3,144.8,133.7,133.7,1081174988
896668,279.1,7.6,150.3,163.4,163.4,1081176539
896718,281.5,47.3,167.7,148.5,148.5,1081186227
896768,283.7,45.1,169.4,148.5,148.5,1081195466
896818,282.9,-16.4,145.7,163.4,178.2,1081192103
896868,282.0,-17.5,144.3,163.4,148.5,1081188520
896918,282.0,-0.2,150.7,133.7,133.7,1081188469
896968,282.9,17.8,158.4,148.5,163.4,1081192120
897018,283.8,18.5,159.7,163.4,148.5,1081195905
897068,286.0,42.9,171.1,163.4,163.4,1081204698
897118,286.9,18.1,162.9,163.4,163.4,1081208396
897168,288.4,30.6,169.3,163.4,163.4,1081214671
897218,289.2,15.4,164.5,178.2,163.4,1081217834
897268,289.1,-1.2,158.2,163.4,163.4,1081217591
897318,289.4,5.2,160.9,148.5,148.5,1081218650
897368,290.5,21.6,168.2,163.4,163.4,1081223077
897418,291.2,15.1,166.6,163.4,163.4,1081226176
897468,294.2,58.6,186.0,163.4,163.4,1081238176
897518,295.0,17.0,171.6,178.2,178.2,1081241661
897568,295.0,-0.1,165.2,163.4,178.2,1081241642
897618,295.0,-0.1,165.2,178.2,163.4,1081241629
897668,296.5,30.0,178.0,148.5,163.4,1081247764
897718,296.4,-3.0,165.6,193.1,163.4,1081247144
897768,296.5,3.9,168.4,163.4,163.4,1081247938
897818,298.2,32.7,180.9,178.2,178.2,1081254638
897868,297.5,-13.1,163.2,178.2,163.4,1081251955
897918,298.6,20.8,176.9,178.2,163.4,1081256221
897968,297.2,-27.4,157.5,178.2,163.4,1081250606
898018,299.5,46.8,187.7,178.2,163.4,1081260192
898068,301.8,44.8,189.4,193.1,178.2,1081269360
898118,302.7,19.3,181.0,207.9,193.1,1081273320
898168,303.4,13.5,179.6,178.2,163.4,1081276092
898218,303.6,3.5,176.1,178.2,178.2,1081276803
898268,305.5,38.4,191.2,193.1,178.2,1081284674
898318,306.6,20.9,185.9,178.2,178.2,1081288955
898368,306.7,2.6,179.2,193.1,193.1,1081289494
898418,309.2,49.8,199.5,178.2,163.4,1081299702
898468,309.4,4.9,183.1,193.1,178.2,1081300703
898518,309.6,3.4,182.8,193.1,193.1,1081301404
898568,310.9,26.4,192.8,193.1,163.4,1081306810
898618,312.7,36.5,198.5,193.1,178.2,1081314280
898668,312.8,1.5,185.6,178.2,178.2,1081314595
898718,313.8,19.1,193.2,207.9,207.9,1081318501
898768,312.9,-16.6,179.0,178.2,193.1,1081315091
898818,314.2,24.3,195.6,148.5,178.2,1081320077
898868,315.6,29.0,199.0,163.4,193.1,1081326025
898918,316.0,8.3,191.7,178.2,207.9,1081327731
898968,316.3,5.8,191.1,207.9,193.1,1081328925
899018,317.1,16.1,195.8,178.2,178.2,1081332219
899068,318.0,17.3,197.2,163.4,207.9,1081335753
899118,318.6,12.1,196.0,193.1,207.9,1081338227
899168,321.1,50.5,213.0,193.1,193.1,1081348560
899218,320.8,-6.7,191.5,222.8,193.1,1081347192
899268,320.5,-4.7,191.9,163.4,207.9,1081346234
899318,320.4,-3.3,192.3,193.1,178.2,1081345564
899368,320.9,9.7,197.6,193.1,207.9,1081347552
899418,320.0,-17.2,186.7,178.2,193.1,1081344029
899468,321.2,24.0,203.3,193.1,207.9,1081348935
899518,322.9,34.8,209.3,193.1,178.2,1081356056
899568,323.6,12.3,201.6,207.9,207.9,1081358583
899618,325.2,32.6,211.0,207.9,207.9,1081365267
899668,325.1,-1.2,198.4,178.2,193.1,1081365031
899718,325.4,5.2,201.0,222.8,207.9,1081366094
899768,328.3,57.6,223.7,193.1,207.9,1081377898
899818,328.2,-1.7,201.6,193.1,207.9,1081377559
899868,328.7,10.8,206.8,207.9,207.9,1081379779
899918,330.0,25.6,213.7,207.9,193.1,1081385020
899968,330.0,-0.1,204.2,193.1,222.8,1081385002
900018,330.0,-0.1,204.2,207.9,207.9,1081384989
900068,329.7,-6.0,201.6,193.1,207.9,1081383751
900118,329.8,1.8,204.6,207.9,193.1,1081384114
900168,332.3,49.2,225.0,222.8,178.2,1081394198
900218,334.9,52.5,229.1,222.8,207.9,1081404943
900268,337.9,60.7,235.6,222.8,222.8,1081417380
900318,339.1,24.5,223.5,222.8,207.9,1081422400
900368,338.5,-12.8,208.9,237.6,222.8,1081419769
900418,339.8,27.0,225.2,207.9,222.8,1081425301
900468,338.1,-35.1,200.2,207.9,207.9,1081418114
900518,336.6,-30.6,200.2,207.9,207.9,1081411854
900568,337.3,14.6,217.8,207.9,207.9,1081414845
900618,338.1,16.2,219.3,207.9,222.8,1081418167
900668,337.2,-18.6,205.3,222.8,222.8,1081414349
900718,338.0,16.9,219.4,193.1,207.9,1081417820
900768,338.0,-0.1,213.1,207.9,193.1,1081417792
900818,337.1,-18.1,205.4,207.9,237.6,1081414087
900868,338.6,29.3,224.6,222.8,207.9,1081420094
900918,339.9,26.5,225.1,207.9,222.8,1081425528
900968,338.7,-23.4,205.2,222.8,222.8,1081420730
901018,338.2,-10.4,209.5,222.8,207.9,1081418601
901068,338.4,4.7,215.4,193.1,207.9,1081419568
901118,338.6,3.3,215.0,207.9,222.8,1081420244
901168,338.4,-3.7,212.2,237.6,207.9,1081419489
901218,338.3,-2.6,212.5,207.9,222.8,1081418961
901268,337.6,-13.8,207.6,207.9,207.9,1081416133
901318,338.6,20.3,221.4,222.8,207.9,1081420298
901368,339.0,8.2,217.3,207.9,222.8,1081421984
901418,339.6,11.8,219.3,207.9,237.6,1081424394
901468,339.7,2.2,215.9,237.6,193.1,1081424852
901518,339.8,1.6,215.7,207.9,222.8,1081425172
901568,340.8,19.1,223.3,222.8,207.9,1081429083
901618,339.6,-22.6,206.5,222.8,222.8,1081424447
901668,339.4,-3.8,213.3,207.9,207.9,1081423660
901718,341.4,39.3,231.5,207.9,222.8,1081431711
901768,343.1,33.5,231.2,237.6,222.8,1081438575
901818,343.1,-0.5,218.6,222.8,237.6,1081438465
901868,342.4,-12.4,213.5,207.9,222.8,1081435930
901918,342.9,9.3,222.1,222.8,193.1,1081437842
901968,341.4,-29.5,206.0,222.8,222.8,1081431808
902018,342.5,21.4,226.1,207.9,222.8,1081436185
902068,341.2,-27.0,206.6,222.8,207.9,1081430648
902118,340.8,-6.9,213.7,207.9,222.8,1081429229
902168,340.6,-4.8,214.2,207.9,222.8,1081428236
902218,340.1,-9.4,212.0,207.9,207.9,1081426313
902268,340.4,5.4,217.8,222.8,207.9,1081427423
902318,340.6,3.8,217.4,222.8,237.6,1081428201
902368,340.6,0.0,216.0,193.1,178.2,1081428201
902418,339.8,-15.3,209.4,252.5,237.6,1081425059
902468,339.8,0.0,215.1,178.2,207.9,1081425059
902518,340.5,13.3,220.8,237.6,237.6,1081427775
902568,340.5,0.0,215.8,207.9,193.1,1081427775
902618,341.5,21.3,224.9,237.6,252.5,1081432133
902668,341.5,0.0,217.0,193.1,193.1,1081432133
902718,342.6,20.9,226.0,252.5,222.8,1081436413
902768,342.6,0.0,218.2,193.1,207.9,1081436413
902818,342.1,-9.4,214.2,237.6,252.5,1081434494
902868,340.0,-42.6,199.5,207.9,207.9,1081425778
902918,340.9,18.2,223.1,193.1,193.1,1081429507
902968,341.8,18.7,224.3,222.8,222.8,1081433346
903018,339.8,-40.9,199.9,222.8,222.8,1081424974
903068,341.0,25.4,225.9,207.9,207.9,1081430173
903118,339.8,-24.2,206.2,222.8,222.8,1081425210
903168,340.2,7.0,218.2,207.9,207.9,1081426652
903218,339.2,-19.1,207.4,222.8,207.9,1081422746
903268,338.0,-25.4,203.7,207.9,222.8,1081417554
903318,337.7,-5.7,210.6,207.9,193.1,1081416377
903368,337.8,2.0,213.6,207.9,207.9,1081416782
903418,337.8,1.4,213.4,207.9,222.8,1081417066
903468,337.3,-11.0,208.2,222.8,222.8,1081414807
903518,337.2,-1.7,211.6,207.9,193.1,1081414454
903568,336.8,-7.2,209.1,207.9,222.8,1081412979
903618,338.4,31.0,225.0,207.9,222.8,1081419318
903668,338.6,3.7,215.1,222.8,207.9,1081420070
903718,337.2,-27.4,202.0,207.9,222.8,1081414452
903768,336.8,-7.2,209.1,222.8,193.1,1081412977
903818,336.9,1.0,212.2,207.9,207.9,1081413173
903868,338.4,30.7,225.0,193.1,207.9,1081419455
903918,337.4,-20.5,204.8,222.8,222.8,1081415250
903968,338.2,15.6,219.1,222.8,222.8,1081418451
904018,338.7,10.9,218.0,207.9,207.9,1081420692
904068,339.7,19.7,222.3,207.9,222.8,1081424718
904118,338.9,-16.2,208.1,237.6,207.9,1081421392
904168,336.5,-47.4,193.9,193.1,222.8,1081411691
904218,333.7,-57.2,187.1,193.1,193.1,1081399985
904268,330.2,-70.0,178.4,207.9,193.1,1081385647
904318,326.5,-73.0,173.2,193.1,193.1,1081370695
904368,323.1,-69.1,170.8,163.4,178.2,1081356542
904418,320.3,-54.4,173.3,193.1,178.2,1081345407
904468,316.9,-68.1,164.4,193.1,178.2,1081331468
904518,315.2,-35.6,174.4,163.4,193.1,1081324168
904568,312.1,-61.0,161.6,193.1,163.4,1081311686
904618,309.1,-60.7,158.4,163.4,178.2,1081299261
904668,305.8,-66.5,152.5,178.2,163.4,1081285649
904718,303.1,-52.5,154.8,148.5,178.2,1081274892
904768,300.4,-54.8,150.9,163.4,148.5,1081263675
904818,298.5,-38.3,154.9,178.2,163.4,1081255824
904868,294.4,-80.8,134.6,148.5,163.4,1081239269
904918,292.8,-32.6,150.7,148.5,148.5,1081232595
904968,292.6,-4.8,160.7,148.5,148.5,1081231610
905018,292.4,-3.4,161.1,178.2,178.2,1081230921
905068,290.5,-38.4,145.9,163.4,163.4,1081223065
905118,290.3,-2.8,159.0,148.5,148.5,1081222481
905168,290.2,-2.0,159.2,163.4,163.4,1081222073
905218,289.0,-25.4,149.1,163.4,163.4,1081216872
905268,289.0,0.2,158.6,163.4,148.5,1081216917
905318,290.8,36.2,173.9,148.5,163.4,1081224322
905368,288.7,-40.7,143.1,163.4,163.4,1081215988
905418,289.4,13.5,164.0,163.4,148.5,1081218757
905468,289.3,-2.5,157.9,148.5,163.4,1081218237
905518,288.9,-7.8,155.5,163.4,163.4,1081216644
905568,288.3,-11.4,153.5,148.5,163.4,1081214300
905618,287.6,-14.0,151.8,163.4,163.4,1081211431
905668,286.8,-15.8,150.3,148.5,148.5,1081208193
905718,286.6,-5.1,154.0,148.5,148.5,1081207156
905768,286.1,-9.5,151.8,148.5,148.5,1081205201
905818,286.1,-0.7,155.0,148.5,163.4,1081205061
905868,286.7,11.5,160.2,163.4,148.5,1081207421
905918,286.2,-9.9,151.7,163.4,148.5,1081205387
905968,284.3,-37.0,139.6,148.5,163.4,1081197819
906018,283.9,-7.9,150.0,148.5,133.7,1081196207
906068,282.4,-29.5,140.3,148.5,148.5,1081190164
906118,281.4,-20.7,142.4,148.5,148.5,1081185934
906168,279.5,-38.5,133.7,148.5,133.7,1081178058
906218,279.0,-8.9,144.1,133.7,133.7,1081176231
906268,277.5,-30.2,134.5,133.7,163.4,1081170036
906318,275.9,-33.2,131.6,163.4,148.5,1081163243
906368,275.9,0.8,144.2,133.7,118.8,1081163403
906418,275.3,-11.5,139.1,118.8,148.5,1081161057
906468,274.0,-26.0,132.2,148.5,148.5,1081155729
906518,274.3,5.8,144.3,133.7,133.7,1081156914
906568,273.9,-7.9,138.8,148.5,148.5,1081155286
906618,272.7,-23.6,131.7,148.5,148.5,1081150460
906668,272.5,-4.5,138.5,133.7,133.7,1081149540
906718,271.5,-21.1,131.2,133.7,133.7,1081145209
906768,269.5,-38.8,122.4,148.5,133.7,1081137262
906818,268.8,-15.2,130.4,133.7,133.7,1081134157
906868,267.3,-28.6,123.8,118.8,133.7,1081128297
906918,266.0,-26.0,123.3,148.5,118.8,1081122966
906968,265.1,-18.2,125.2,118.8,133.7,1081119235
907018,263.9,-24.8,121.4,118.8,133.7,1081114165
907068,262.7,-23.3,120.6,148.5,133.7,1081109387
907118,263.1,7.7,132.5,118.8,118.8,1081110958
907168,261.6,-30.6,116.6,104.0,133.7,1081104685
907218,262.0,8.6,131.6,133.7,133.7,1081106438
907268,261.1,-18.0,120.8,133.7,133.7,1081102749
907318,260.5,-12.6,122.1,118.8,148.5,1081100168
907368,258.5,-38.8,110.2,118.8,133.7,1081092216
907418,256.9,-33.2,110.4,118.8,118.8,1081085422
907468,255.4,-29.2,110.3,104.0,118.8,1081077018
907518,254.1,-26.5,109.8,118.8,118.8,1081066181
907568,252.3,-36.5,104.1,133.7,118.8,1081051223
907618,251.0,-25.6,106.7,104.0,118.8,1081040752
907668,251.0,0.1,116.2,89.1,118.8,1081040795
907718,250.1,-17.9,108.5,104.0,133.7,1081033452
907768,248.3,-36.5,99.6,104.0,118.8,1081018482
907818,247.0,-25.6,102.2,104.0,104.0,1081008003
907868,244.9,-41.9,93.8,104.0,118.8,1080990837
907918,244.0,-17.3,102.0,89.1,104.0,1080983736
907968,242.2,-36.1,93.0,104.0,104.0,1080968935
908018,240.4,-37.3,90.5,89.1,118.8,1080953659
908068,239.3,-20.1,95.8,104.0,104.0,1080945424
908118,237.4,-38.1,87.0,74.3,89.1,1080929829
908168,237.3,-2.7,100.0,89.1,104.0,1080928742
908218,236.0,-25.9,89.9,104.0,104.0,1080918151
908268,234.5,-30.1,86.7,104.0,89.1,1080905823
908318,232.9,-33.1,83.7,74.3,89.1,1080892277
908368,232.6,-5.1,93.8,89.1,104.0,1080890168
908418,231.5,-21.6,86.5,89.1,89.1,1080881319
908468,232.0,8.9,98.3,89.1,59.4,1080884955
908518,230.2,-35.8,79.7,104.0,74.3,1080870297
908568,230.4,4.9,95.1,104.0,89.1,1080872325
908618,228.5,-38.5,76.8,89.1,74.3,1080856541
908668,226.8,-33.0,77.1,104.0,74.3,1080843035
908718,226.0,-17.1,82.0,89.1,59.4,1080836038
908768,224.8,-24.0,78.1,89.1,89.1,1080826225
908818,223.7,-22.8,77.3,74.3,104.0,1080816898
908868,222.0,-33.9,71.3,89.1,74.3,1080802996
908918,220.8,-23.8,73.7,89.1,59.4,1080793265
908968,219.3,-28.6,70.3,74.3,74.3,1080781538
909018,218.9,-8.0,77.5,89.1,74.3,1080778245
909068,216.9,-41.6,62.7,74.3,74.3,1080761194
909118,215.1,-35.1,63.2,59.4,59.4,1080746800
909168,213.3,-36.6,60.6,74.3,89.1,1080731810
909218,212.6,-13.6,68.4,74.3,74.3,1080726231
909268,211.2,-27.5,61.7,74.3,59.4,1080714954
909318,209.3,-37.3,56.0,59.4,74.3,1080699687
909368,207.7,-32.1,56.1,74.3,44.6,1080686542
909418,206.6,-22.5,58.4,74.3,74.3,1080677341
909468,206.1,-9.7,62.6,59.4,59.4,1080673358
909518,206.1,0.0,66.2,44.6,59.4,1080673358
909568,203.4,-54.8,42.8,74.3,74.3,1080650909
909618,203.4,0.0,63.2,59.4,74.3,1080650909
909668,200.9,-50.4,41.7,59.4,59.4,1080630279
909718,200.9,0.0,60.4,59.4,59.4,1080630279
909768,198.5,-47.3,40.2,59.4,44.6,1080610923
909818,198.5,0.0,57.7,59.4,44.6,1080610923
909868,195.1,-69.1,28.3,59.4,59.4,1080582629
909918,195.1,0.0,53.9,44.6,44.6,1080582629
909968,192.6,-48.4,33.3,59.4,59.4,1080562822
910018,192.6,0.0,51.2,29.7,44.6,1080562822
910068,190.3,-45.8,31.6,44.6,59.4,1080544043
910118,187.5,-56.1,24.7,44.6,59.4,1080521067
910168,185.0,-51.3,23.6,44.6,59.4,1080500068
910218,183.2,-35.9,27.4,44.6,44.6,1080485369
910268,181.6,-31.1,27.4,44.6,29.7,1080472622
910318,179.9,-33.8,24.5,44.6,29.7,1080458784
910368,179.1,-17.6,29.5,59.4,29.7,1080451555
910418,178.4,-12.4,30.8,59.4,44.6,1080446495
910468,176.8,-32.6,21.5,44.6,29.7,1080433122
910518,176.0,-16.9,26.4,44.6,59.4,1080426219
910568,174.5,-29.8,19.9,44.6,0.0,1080414014
910618,173.4,-20.9,22.1,0.0,0.0,1080405471
910668,172.4,-20.6,21.0,0.0,0.0,1080397032
910718,171.4,-20.4,19.9,0.0,0.0,1080388668
910768,171.3,-2.3,26.5,0.0,0.0,1080387728
910818,170.9,-7.6,24.2,0.0,0.0,1080384613
910868,171.2,6.7,29.8,0.0,0.0,1080387347
910918,170.6,-13.3,21.7,0.0,0.0,1080381889
910968,171.0,8.7,30.3,0.0,0.0,1080385440
911018,170.4,-11.9,22.0,14.9,0.0,1080380554
911068,170.3,-2.4,25.4,14.9,0.0,1080379591
911118,169.9,-7.6,23.0,0.0,0.0,1080376459
911168,169.9,0.6,26.1,0.0,0.0,1080376724
911218,169.3,-11.5,21.0,0.0,14.9,1080371995
911268,169.5,3.9,26.9,0.0,74.3,1080373600
911318,169.1,-9.3,21.5,0.0,59.4,1080369808
911368,168.5,-12.5,19.6,0.0,29.7,1080364696
911418,168.3,-2.7,23.1,0.0,44.6,1080363575
911468,167.9,-7.9,20.7,14.9,29.7,1080360333
911518,168.2,6.5,26.4,44.6,29.7,1080362978
911568,167.0,-25.5,13.2,74.3,44.6,1080352542
911618,166.4,-11.8,17.6,44.6,29.7,1080347695
911668,164.5,-38.3,5.6,44.6,29.7,1080332013
911718,163.4,-20.8,10.9,29.7,0.0,1080323494
911768,162.1,-26.6,7.3,44.6,0.0,1080312615
911818,161.8,-6.6,14.4,44.6,0.0,1080309915
911868,161.5,-4.6,14.9,44.6,0.0,1080308025
911918,162.0,8.8,20.3,29.7,0.0,1080311618
911968,161.4,-11.9,12.0,14.9,0.0,1080306759
912018,161.9,9.7,20.5,14.9,0.0,1080310731
912068,160.7,-23.2,7.0,0.0,0.0,1080301224
912118,160.2,-10.2,11.3,0.0,0.0,1080297026
912168,160.1,-1.2,14.6,0.0,0.0,1080296545
912218,160.4,5.2,17.2,0.0,0.0,1080298666
912268,160.0,-8.4,11.7,0.0,0.0,1080295236
912318,159.1,-17.9,7.2,0.0,0.0,1080287919
912368,158.2,-18.5,5.9,0.0,0.0,1080280340
912418,157.8,-7.0,9.8,0.0,0.0,1080277492
912468,158.5,13.1,18.0,0.0,0.0,1080282872
912518,158.9,9.2,17.1,14.9,0.0,1080286637
912568,159.5,12.4,19.0,14.9,0.0,1080291731
912618,159.4,-3.3,12.9,29.7,0.0,1080290381
912668,158.7,-14.3,8.1,29.7,0.0,1080284521
912718,159.1,8.0,16.8,14.9,0.0,1080287792
912768,159.0,-0.4,13.6,0.0,0.0,1080287624
912818,158.4,-12.3,8.5,0.0,44.6,1080282591
912868,158.9,9.4,17.1,0.0,44.6,1080286441
912918,157.7,-23.4,3.6,0.0,14.9,1080276848
912968,156.0,-34.4,0.0,0.0,29.7,1080262760
913018,156.6,11.9,15.5,0.0,44.6,1080267644
913068,156.4,-3.7,9.5,0.0,29.7,1080266147
913118,154.5,-38.6,0.0,0.0,29.7,1080250354
913168,154.6,3.0,10.0,0.0,44.6,1080251587
913218,153.9,-15.9,2.1,0.0,29.7,1080245077
913268,153.9,0.9,8.4,0.0,44.6,1080245435
913318,153.3,-11.4,3.2,0.0,29.7,1080240771
913368,153.2,-2.0,6.6,0.0,29.7,1080239964
913418,152.9,-7.4,4.2,0.0,29.7,1080236941
913468,152.6,-5.2,4.7,0.0,14.9,1080234825
913518,153.3,14.4,12.8,0.0,29.7,1080240716
913568,153.5,4.1,9.2,0.0,0.0,1080242383
913618,153.4,-3.2,6.3,0.0,0.0,1080241092
913668,153.3,-2.2,6.5,0.0,0.0,1080240188
913718,152.3,-19.5,0.0,0.0,0.0,1080232183
913768,152.2,-1.7,5.5,0.0,0.0,1080231494
913818,152.4,4.8,8.2,0.0,0.0,1080233470
913868,152.9,9.4,10.4,0.0,0.0,1080237310
913918,152.9,0.6,7.2,0.0,0.0,1080237541
913968,152.4,-11.6,2.0,0.0,0.0,1080232787
914018,152.5,3.9,8.0,0.0,0.0,1080234375
914068,152.4,-3.3,5.1,0.0,0.0,1080233029
914118,152.6,3.7,7.9,0.0,0.0,1080234544
914168,153.0,8.6,10.2,0.0,0.0,1080238062
914218,152.1,-18.0,0.0,0.0,0.0,1080230695
914268,152.7,11.4,10.9,29.7,0.0,1080235368
914318,152.8,2.0,7.5,59.4,0.0,1080236181
914368,151.6,-22.6,0.0,44.6,0.0,1080226920
914418,151.4,-3.8,3.9,29.7,0.0,1080225353
914468,151.0,-8.7,1.6,14.9,0.0,1080221798
914518,150.7,-6.1,2.2,14.9,0.0,1080219310
914568,150.5,-4.3,2.7,0.0,0.0,1080217568
914618,149.4,-21.0,0.0,0.0,0.0,1080208976
914668,149.6,3.3,4.5,0.0,0.0,1080210334
914718,149.7,2.3,4.3,0.0,0.0,1080211285
914768,150.1,7.6,6.7,0.0,0.0,1080214408
914818,151.0,17.3,11.2,0.0,0.0,1080221510
914868,151.0,0.1,4.9,0.0,0.0,1080221565
914918,151.6,12.1,10.0,0.0,0.0,1080226520
914968,152.0,8.5,9.1,0.0,0.0,1080229988
915018,152.0,-0.1,5.9,0.0,0.0,1080229958
915068,153.2,23.9,16.2,0.0,0.0,1080239767
915118,154.9,34.8,22.1,14.9,14.9,1080254006
915168,156.2,24.3,19.6,59.4,29.7,1080263974
915218,156.7,11.0,15.3,59.4,29.7,1080268494
915268,157.7,19.7,19.6,44.6,29.7,1080276573
915318,158.4,13.8,18.2,59.4,44.6,1080282228
915368,159.8,27.7,24.9,44.6,44.6,1080293559
915418,159.5,-4.6,12.6,44.6,44.6,1080291661
915468,160.3,14.8,20.6,44.6,44.6,1080297705
915518,160.2,-1.7,14.4,14.9,44.6,1080297021
915568,160.7,10.8,19.7,0.0,44.6,1080301457
915618,160.8,1.6,16.3,0.0,44.6,1080302104
915668,160.9,1.1,16.2,0.0,0.0,1080302558
915718,163.0,42.8,34.1,0.0,0.0,1080320078
915768,164.2,23.9,28.4,0.0,0.0,1080329885
915818,166.8,52.8,42.1,0.0,0.0,1080351495
915868,167.5,12.9,28.0,0.0,29.7,1080356792
915918,169.4,39.1,39.9,0.0,29.7,1080372788
915968,170.8,27.3,37.0,0.0,44.6,1080383985
916018,171.8,19.1,35.1,0.0,44.6,1080391823
916068,173.3,31.4,41.4,44.6,44.6,1080404682
916118,173.8,10.0,34.0,74.3,44.6,1080408769
916168,174.5,13.0,35.8,44.6,59.4,1080414087
916218,174.6,3.1,32.3,44.6,44.6,1080415352
916268,175.9,26.2,42.3,59.4,59.4,1080426068
916318,175.4,-11.7,27.6,59.4,44.6,1080421281
916368,176.2,15.8,38.7,44.6,44.6,1080427760
916418,175.5,-12.9,27.3,59.4,59.4,1080422466
916468,176.6,21.0,41.1,44.6,0.0,1080431048
916518,177.9,26.7,44.7,44.6,44.6,1080441970
916568,178.5,12.7,40.2,44.6,44.6,1080447158
916618,179.6,20.9,44.4,59.4,44.6,1080455705
916668,179.6,0.0,36.6,44.6,44.6,1080455705
916718,179.7,2.6,37.8,44.6,44.6,1080456773
916768,179.7,0.0,36.8,44.6,44.6,1080456773
916818,181.3,31.8,50.4,44.6,44.6,1080469808
916868,181.3,0.0,38.6,44.6,44.6,1080469808
916918,182.7,28.3,50.6,44.6,44.6,1080481390
916968,182.7,0.0,40.1,44.6,44.6,1080481390
917018,184.6,37.8,56.3,44.6,44.6,1080496871
917068,184.6,0.0,42.2,44.6,44.6,1080496871
917118,188.0,68.5,71.5,44.6,59.4,1080524910
917168,189.2,23.9,56.3,59.4,44.6,1080534707
917218,191.2,40.7,64.8,59.4,44.6,1080551396
917268,193.0,34.5,64.4,59.4,44.6,1080565535
917318,194.5,30.2,64.5,44.6,44.6,1080577891
917368,196.1,33.1,67.4,74.3,44.6,1080591454
917418,198.2,41.2,72.7,59.4,59.4,1080608322
917468,199.0,16.8,64.6,59.4,44.6,1080615214
917518,200.2,23.8,68.5,59.4,59.4,1080624954
917568,200.8,10.6,64.2,74.3,59.4,1080629314
917618,202.6,37.5,76.2,59.4,44.6,1080644654
917668,203.6,20.2,71.0,74.3,74.3,1080652934
917718,204.9,26.2,74.6,74.3,59.4,1080663646
917768,206.5,30.3,77.9,59.4,59.4,1080676059
917818,208.1,33.2,80.8,74.3,74.3,1080689664
917868,209.6,29.2,80.9,89.1,59.4,1080701644
917918,210.6,20.5,78.8,74.3,74.3,1080710031
917968,211.0,8.3,74.8,74.3,74.3,1080713444
918018,212.8,35.8,87.0,74.3,59.4,1080728121
918068,214.1,25.1,84.4,74.3,89.1,1080738395
918118,215.9,35.6,90.3,89.1,74.3,1080752960
918168,217.1,24.9,87.7,74.3,89.1,1080763155
918218,217.7,11.4,83.3,89.1,74.3,1080767834
918268,218.4,14.0,85.1,74.3,74.3,1080773567
918318,221.0,51.8,102.0,89.1,74.3,1080794783
918368,221.9,18.3,90.5,89.1,89.1,1080802262
918418,222.8,18.8,91.8,89.1,89.1,1080809954
918468,223.8,19.1,93.0,89.1,89.1,1080817797
918518,224.1,7.4,89.0,89.1,89.1,1080820829
918568,225.6,29.2,98.7,89.1,89.1,1080832782
918618,225.7,2.4,89.0,89.1,74.3,1080833776
918668,227.0,25.7,99.0,104.0,104.0,1080844302
918718,228.5,30.0,102.3,89.1,89.1,1080856586
918768,229.3,15.0,97.6,89.1,104.0,1080862727
918818,231.0,34.5,106.7,104.0,89.1,1080876856
918868,231.9,18.1,101.7,104.0,104.0,1080884289
918918,232.8,18.7,102.9,89.1,89.1,1080891949
918968,233.8,19.1,104.1,104.0,104.0,1080899769
919018,235.6,37.4,113.0,104.0,104.0,1080915073
919068,237.5,38.2,115.4,118.8,118.8,1080930702
919118,238.6,20.7,110.1,104.0,104.0,1080939184
919168,239.6,20.5,111.1,104.0,104.0,1080947579
919218,240.6,20.3,112.2,104.0,104.0,1080955913
919268,242.2,32.2,118.4,118.8,104.0,1080969120
919318,243.1,16.6,113.5,104.0,118.8,1080975907
919368,243.9,17.6,114.9,118.8,104.0,1080983116
919418,244.6,12.3,113.6,104.0,118.8,1080988162
919468,245.3,14.6,115.3,118.8,104.0,1080994151
919518,245.8,10.2,114.2,104.0,118.8,1080998344
919568,247.1,25.2,121.2,118.8,118.8,1081008652
919618,248.2,23.6,121.9,118.8,133.7,1081018325
919668,249.1,16.5,120.2,104.0,89.1,1081025096
919718,250.5,29.6,126.7,118.8,118.8,1081037209
919768,251.0,8.7,119.4,118.8,133.7,1081040772
919818,251.9,18.1,123.9,118.8,133.7,1081048182
919868,254.0,42.7,135.4,118.8,118.8,1081065657
919918,254.3,5.9,122.1,133.7,104.0,1081068059
919968,255.4,22.1,129.3,104.0,133.7,1081077113
920018,255.6,3.5,122.6,118.8,133.7,1081078536
920068,257.8,44.4,140.3,133.7,118.8,1081089295
920118,258.2,7.1,126.8,133.7,118.8,1081090750
920168,259.9,35.0,139.1,133.7,133.7,1081097912
920218,261.1,24.5,136.6,118.8,133.7,1081102925
920268,261.7,11.1,132.3,118.8,148.5,1081105206
920318,262.1,7.8,131.5,163.4,104.0,1081106803
920368,262.1,-0.5,128.3,133.7,133.7,1081106691
920418,262.0,-0.4,128.4,104.0,133.7,1081106613
920468,262.0,-0.3,128.4,133.7,133.7,1081106559
920518,262.3,5.8,131.0,133.7,118.8,1081107749
920568,263.4,22.1,138.2,148.5,133.7,1081112269
920618,263.9,9.4,134.1,118.8,118.8,1081114204
920668,263.9,0.6,130.8,133.7,148.5,1081114330
920718,263.9,0.4,130.8,133.7,133.7,1081114418
920768,264.9,18.3,138.4,148.5,104.0,1081118166
920818,265.8,18.8,139.7,133.7,148.5,1081122019
920868,265.9,1.2,133.2,118.8,148.5,1081122258
920918,265.9,0.8,133.1,148.5,118.8,1081122425
920968,266.8,18.6,140.7,133.7,118.8,1081126229
921018,266.3,-11.0,129.1,148.5,148.5,1081123976
921068,267.7,28.3,145.3,118.8,148.5,1081129772
921118,268.4,13.8,140.7,133.7,118.8,1081132600
921168,268.0,-8.3,132.0,148.5,148.5,1081130894
921218,269.8,36.2,150.6,133.7,118.8,1081138301
921268,268.6,-22.7,127.4,133.7,148.5,1081133655
921318,270.0,26.1,147.0,133.7,133.7,1081139005
921368,270.0,0.3,137.4,148.5,133.7,1081139063
921418,269.7,-5.8,134.9,148.5,133.7,1081137875
921468,269.8,1.9,137.8,133.7,148.5,1081138273
921518,269.5,-4.6,135.1,118.8,133.7,1081137322
921568,270.9,26.8,148.3,148.5,118.8,1081142800
921618,270.9,0.7,138.7,148.5,148.5,1081142949
921668,271.2,6.5,141.2,148.5,148.5,1081144282
921718,272.1,16.6,145.8,118.8,133.7,1081147672
921768,274.1,41.6,157.4,133.7,133.7,1081156190
921818,274.7,11.1,146.7,178.2,163.4,1081158465
921868,274.5,-4.2,140.8,133.7,148.5,1081157601
921918,274.3,-3.0,141.1,148.5,133.7,1081156996
921968,273.3,-20.1,133.6,133.7,133.7,1081152886
922018,273.2,-2.0,140.2,133.7,148.5,1081152466
922068,274.1,16.6,148.1,148.5,133.7,1081155859
922118,272.2,-36.4,126.4,148.5,148.5,1081148404
922168,271.3,-19.5,131.6,118.8,133.7,1081144414
922218,271.5,4.4,140.7,148.5,133.7,1081145307
922268,271.9,9.1,142.9,133.7,133.7,1081147161
922318,274.7,54.3,162.7,133.7,148.5,1081158290
922368,273.6,-22.0,133.2,148.5,133.7,1081153791
922418,274.0,8.6,145.0,163.4,163.4,1081155558
922468,275.5,30.0,154.6,133.7,133.7,1081161710
922518,275.3,-3.0,142.2,133.7,133.7,1081161101
922568,275.2,-2.1,142.4,148.5,163.4,1081160674
922618,277.3,40.5,160.5,163.4,133.7,1081168977
922668,277.2,-1.6,144.8,133.7,163.4,1081168646
922718,278.0,16.9,152.6,133.7,148.5,1081172100
922768,276.2,-36.2,130.9,148.5,148.5,1081164687
922818,275.6,-13.3,138.6,133.7,148.5,1081161956
922868,275.7,2.7,144.7,133.7,133.7,1081162502
922918,275.8,1.9,144.5,148.5,133.7,1081162884
922968,276.4,13.3,149.5,148.5,148.5,1081165609
923018,275.1,-26.7,133.2,148.5,163.4,1081160144
923068,276.3,23.3,153.0,133.7,133.7,1081164920
923118,277.4,22.3,153.9,148.5,133.7,1081169492
923168,277.9,9.6,149.7,148.5,148.5,1081171463
923218,278.2,6.7,149.0,163.4,163.4,1081172843
923268,278.7,10.7,151.1,133.7,133.7,1081175038
923318,277.9,-16.5,140.1,148.5,148.5,1081171659
923368,278.5,12.5,151.5,148.5,148.5,1081174209
923418,279.0,8.7,150.6,148.5,148.5,1081175994
923468,279.3,6.1,150.0,148.5,148.5,1081177244
923518,279.8,10.3,152.1,148.5,163.4,1081179347
923568,280.8,19.2,156.5,163.4,133.7,1081183277
923618,282.3,31.4,162.8,148.5,163.4,1081189715
923668,281.9,-8.0,147.7,148.5,163.4,1081188077
923718,281.9,0.0,150.7,148.5,133.7,1081188077
923768,281.1,-17.6,143.2,178.2,163.4,1081184473
923818,281.1,0.0,149.7,118.8,148.5,1081184473
923868,280.1,-18.3,141.9,163.4,148.5,1081180721
923918,280.1,0.0,148.7,148.5,133.7,1081180721
923968,279.8,-6.8,145.8,148.5,163.4,1081179324
924018,279.8,0.0,148.3,133.7,133.7,1081179324
924068,282.3,49.2,169.3,163.4,163.4,1081189405
924118,282.3,0.0,151.0,148.5,133.7,1081189405
924168,284.6,46.5,170.9,178.2,193.1,1081198919
924218,284.7,2.5,154.7,148.5,163.4,1081199435
924268,286.3,31.8,167.3,163.4,133.7,1081205941
924318,285.9,-7.8,152.2,178.2,148.5,1081204350
924368,286.8,18.6,163.0,133.7,178.2,1081208152
924418,288.1,25.0,166.8,148.5,148.5,1081213271
924468,288.7,11.5,162.4,178.2,133.7,1081215626
924518,290.3,32.0,171.8,163.4,178.2,1081222189
924568,291.7,28.4,172.1,148.5,163.4,1081228012
924618,291.2,-10.1,157.2,178.2,163.4,1081225944
924668,292.9,34.9,175.9,163.4,163.4,1081233099
924718,295.3,48.5,183.6,148.5,163.4,1081243022
924768,295.5,3.9,167.3,178.2,178.2,1081243824
924818,296.3,14.7,172.1,178.2,163.4,1081246843
924868,297.7,28.3,178.7,163.4,163.4,1081252643
924918,299.3,31.8,181.8,163.4,178.2,1081259160
924968,300.1,16.3,176.9,193.1,178.2,1081262494
925018,299.5,-12.6,165.5,178.2,163.4,1081259912
925068,300.5,21.2,179.2,148.5,163.4,1081264249
925118,301.0,8.8,175.1,178.2,178.2,1081266055
925168,303.1,42.2,189.9,178.2,178.2,1081274693
925218,304.3,23.5,184.3,178.2,178.2,1081279511
925268,304.8,10.5,180.0,193.1,178.2,1081281654
925318,305.4,13.3,181.8,178.2,178.2,1081284383
925368,308.0,51.3,198.8,178.2,193.1,1081294895
925418,309.5,29.9,192.5,178.2,178.2,1081301025
925468,309.7,3.0,182.6,193.1,207.9,1081301629
925518,311.0,26.1,192.7,193.1,178.2,1081306968
925568,312.8,36.2,198.5,163.4,178.2,1081314391
925618,312.8,1.4,185.6,207.9,193.1,1081314672
925668,315.0,43.0,203.4,178.2,193.1,1081323470
925718,315.9,18.1,195.2,193.1,193.1,1081327171
925768,316.8,18.7,196.5,207.9,193.1,1081330991
925818,317.2,7.1,192.5,178.2,207.9,1081332436
925868,318.6,28.9,202.3,193.1,178.2,1081338363
925918,320.2,32.3,205.3,193.1,207.9,1081344969
925968,320.8,10.6,197.8,207.9,207.9,1081347136
926018,319.6,-22.6,184.3,193.1,207.9,1081342508
926068,320.0,8.2,196.2,178.2,178.2,1081344185
926118,321.2,23.7,203.2,193.1,193.1,1081349044
926168,321.8,10.6,199.0,207.9,207.9,1081351217
926218,321.5,-4.6,193.1,193.1,207.9,1081350281
926268,322.0,8.8,198.5,193.1,178.2,1081352083
926318,321.4,-11.8,190.2,193.1,193.1,1081349658
926368,323.7,45.7,214.1,193.1,193.1,1081359020
926418,324.7,20.0,205.7,207.9,193.1,1081363115
926468,324.8,2.0,199.1,207.9,222.8,1081363525
926518,324.5,-4.6,196.4,193.1,178.2,1081362582
926568,325.0,8.8,201.9,207.9,193.1,1081364380
926618,328.0,60.1,224.3,178.2,207.9,1081376698
926668,327.7,-5.9,199.4,222.8,207.9,1081375490
926718,329.6,37.9,217.8,207.9,193.1,1081383246
926768,329.7,2.5,204.8,193.1,207.9,1081383760
926818,329.2,-10.2,199.5,207.9,222.8,1081381662
926868,328.5,-13.2,197.7,207.9,193.1,1081378965
926918,329.6,20.8,211.4,193.1,207.9,1081383221
926968,330.0,8.5,207.4,207.9,193.1,1081384971
927018,329.4,-12.0,199.1,207.9,207.9,1081382510
927068,329.9,9.6,207.6,207.9,207.9,1081384474
927118,331.1,24.7,214.6,207.9,207.9,1081389535
927168,333.2,41.3,223.1,207.9,207.9,1081397993
927218,333.4,4.9,209.8,207.9,207.9,1081398998
927268,333.9,9.4,212.0,222.8,222.8,1081400930
927318,332.7,-23.4,198.6,207.9,207.9,1081396139
927368,331.9,-16.4,200.3,207.9,207.9,1081392785
927418,334.6,54.5,229.6,207.9,193.1,1081403954
927468,334.1,-9.8,205.2,222.8,222.8,1081401942
927518,335.3,23.1,218.7,207.9,222.8,1081406678
927568,335.2,-1.8,209.3,207.9,207.9,1081406306
927618,336.9,34.7,224.8,207.9,207.9,1081413419
927668,336.4,-11.7,207.0,222.8,222.8,1081411025
927718,336.6,3.8,212.9,207.9,207.9,1081411807
927768,336.1,-9.3,207.5,222.8,207.9,1081409897
927818,336.7,11.5,215.9,207.9,193.1,1081412246
927868,336.8,2.0,212.5,222.8,222.8,1081412662
927918,335.9,-16.6,204.7,193.1,207.9,1081409266
927968,337.8,36.4,226.4,222.8,193.1,1081416720
928018,338.4,13.5,218.6,222.8,237.6,1081419480
928068,338.3,-2.6,212.5,207.9,222.8,1081418954
928118,337.9,-7.8,210.1,222.8,193.1,1081417357
928168,336.7,-23.5,203.0,207.9,222.8,1081412553
928218,335.9,-16.4,204.7,207.9,193.1,1081409190
928268,336.5,12.5,216.1,207.9,207.9,1081411752
928318,336.7,2.8,212.7,207.9,207.9,1081412316
928368,337.7,19.9,220.2,222.8,222.8,1081416397
928418,338.1,7.9,216.1,207.9,207.9,1081418025
928468,340.2,41.6,230.9,222.8,222.8,1081426537
928518,341.3,23.1,225.4,222.8,222.8,1081431267
928568,338.8,-49.8,195.5,222.8,222.8,1081421061
928618,338.6,-4.9,211.9,207.9,207.9,1081420061
928668,340.5,38.6,230.2,193.1,207.9,1081427963
928718,340.3,-3.0,214.6,237.6,222.8,1081427350
928768,340.5,3.9,217.4,207.9,222.8,1081428149
928818,340.7,2.7,217.1,222.8,222.8,1081428709
928868,342.6,37.9,232.3,207.9,207.9,1081436474
928918,342.7,2.5,219.3,222.8,222.8,1081436994
928968,343.4,13.8,224.2,222.8,222.8,1081439816
929018,344.5,21.6,228.4,207.9,237.6,1081444248
929068,344.0,-8.8,216.5,237.6,207.9,1081442436
929118,343.7,-6.2,217.2,207.9,222.8,1081441168
929168,342.0,-34.3,204.8,222.8,222.8,1081434136
929218,342.3,6.0,220.1,207.9,207.9,1081435357
929268,344.0,34.2,232.5,207.9,207.9,1081442356
929318,343.1,-18.1,212.1,237.6,237.6,1081438654
929368,344.3,23.3,228.8,222.8,222.8,1081443435
929418,344.8,10.3,224.5,207.9,207.9,1081445553
929468,344.0,-16.8,213.5,237.6,237.6,1081442121
929518,343.1,-17.7,212.2,207.9,207.9,1081438489
929568,343.0,-0.4,218.6,207.9,207.9,1081438405
929618,344.5,29.7,231.4,222.8,222.8,1081444490
929668,346.2,32.8,234.4,237.6,222.8,1081451207
929718,345.8,-7.0,219.2,222.8,222.8,1081449764
929768,344.1,-34.9,206.9,222.8,237.6,1081442611
929818,344.1,-0.5,219.7,207.9,207.9,1081442519
929868,346.4,47.7,240.2,193.1,207.9,1081452285
929918,348.7,45.4,241.9,252.5,237.6,1081461578
929968,347.9,-16.2,218.1,237.6,252.5,1081458253
930018,347.0,-17.4,216.7,222.8,222.8,1081454697
930068,345.5,-30.2,210.3,222.8,207.9,1081448522
930118,344.2,-27.1,209.9,207.9,207.9,1081442970
930168,344.1,-1.0,219.6,207.9,222.8,1081442770
930218,345.3,23.3,229.9,237.6,222.8,1081447545
930268,344.3,-19.7,212.8,222.8,222.8,1081443515
930318,342.1,-43.8,201.4,207.9,222.8,1081434550
930368,339.4,-54.6,194.4,207.9,207.9,1081423359
930418,340.2,15.8,221.4,222.8,193.1,1081426585
930468,341.3,23.0,225.4,207.9,222.8,1081431301
930518,339.1,-43.9,198.1,207.9,237.6,1081422313
930568,338.2,-18.7,206.4,222.8,193.1,1081418480
930618,337.2,-19.1,205.2,207.9,222.8,1081414568
930668,334.5,-55.4,188.6,193.1,207.9,1081403228
930718,335.2,15.2,215.7,193.1,193.1,1081406349
930768,333.7,-31.3,196.6,237.6,237.6,1081399932
930818,333.7,0.0,208.3,178.2,193.1,1081399932
930868,335.6,38.1,224.5,252.5,237.6,1081407728
930918,335.6,0.0,210.4,207.9,193.1,1081407728
930968,333.6,-39.4,193.6,237.6,207.9,1081399669
931018,333.6,0.0,208.2,193.1,163.4,1081399669
931068,332.8,-15.5,201.6,237.6,193.1,1081396485
931118,332.8,0.0,207.3,207.9,178.2,1081396485
931168,330.5,-46.9,187.3,237.6,222.8,1081386883
931218,330.5,0.0,204.7,178.2,163.4,1081386883
931268,327.3,-62.8,177.9,222.8,193.1,1081374018
931318,327.8,10.0,205.5,193.1,178.2,1081376072
931368,329.1,25.0,212.5,178.2,193.1,1081381196
931418,330.6,29.5,215.8,222.8,207.9,1081387240
931468,331.0,8.7,208.5,193.1,207.9,1081389014
931518,331.0,0.1,205.3,207.9,222.8,1081389026
931568,331.6,12.0,210.5,193.1,222.8,1081391493
931618,331.1,-9.6,201.9,193.1,207.9,1081389533
931668,329.6,-30.7,192.3,207.9,207.9,1081383246
931718,329.1,-9.5,199.7,207.9,207.9,1081381302
931768,328.2,-18.6,195.2,178.2,193.1,1081377484
931818,326.0,-43.0,183.8,193.1,222.8,1081368668
931868,324.8,-24.1,189.5,193.1,193.1,1081363725
931918,322.5,-46.9,178.4,178.2,193.1,1081354121
931968,320.8,-32.8,181.8,178.2,193.1,1081347398
932018,320.0,-17.0,186.7,193.1,193.1,1081343921
932068,320.0,0.1,193.1,193.1,193.1,1081343945
932118,319.1,-17.9,185.4,178.2,193.1,1081340275
932168,317.0,-42.5,173.9,193.1,193.1,1081331562
932218,317.9,18.2,197.5,193.1,178.2,1081335293
932268,317.3,-11.2,185.9,178.2,193.1,1081332990
932318,315.7,-31.9,176.5,193.1,193.1,1081326462
932368,312.8,-58.3,163.4,193.1,178.2,1081314520
932418,311.1,-34.8,170.2,163.4,178.2,1081307390
932468,308.6,-48.4,162.5,148.5,163.4,1081297483
932518,307.6,-21.9,171.1,193.1,178.2,1081293006
932568,307.4,-3.3,177.8,163.4,178.2,1081292330
932618,306.4,-20.3,170.3,178.2,178.2,1081288170
932668,306.9,9.8,182.1,163.4,178.2,1081290173
932718,306.6,-5.2,176.2,193.1,193.1,1081289118
932768,303.7,-57.6,153.5,178.2,178.2,1081277320
932818,302.6,-22.3,165.4,148.5,163.4,1081272748
932868,300.3,-45.6,154.2,163.4,163.4,1081263403
932918,299.3,-19.9,162.6,163.4,163.4,1081259320
932968,298.6,-14.0,164.1,163.4,163.4,1081256461
933018,297.2,-27.8,157.4,163.4,178.2,1081250774
933068,297.2,-1.4,167.1,178.2,148.5,1081250479
933118,296.8,-7.0,164.6,163.4,163.4,1081249044
933168,294.5,-46.9,147.2,163.4,178.2,1081239438
933218,292.2,-44.8,145.5,163.4,148.5,1081230256
933268,291.3,-19.4,153.9,163.4,133.7,1081226286
933318,289.7,-31.6,147.6,133.7,163.4,1081219821
933368,288.3,-28.1,147.3,163.4,178.2,1081214067
933418,287.9,-7.7,154.5,148.5,133.7,1081212496
933468,286.4,-29.4,144.8,163.4,163.4,1081206482
933518,284.5,-38.6,139.2,148.5,163.4,1081198585
933568,283.4,-21.0,144.6,133.7,133.7,1081194286
933618,281.2,-44.7,133.3,148.5,148.5,1081185133
933668,280.2,-19.3,141.6,148.5,148.5,1081181183
933718,280.5,4.5,150.7,133.7,133.7,1081182105
933768,277.9,-50.8,127.3,163.4,148.5,1081171691
933818,276.5,-29.6,133.6,133.7,148.5,1081165630
933868,274.8,-32.7,130.6,133.7,133.7,1081158930
933918,274.9,1.1,143.2,133.7,133.7,1081159155
933968,274.0,-17.2,135.4,148.5,133.7,1081155626
934018,272.5,-30.1,129.0,148.5,163.4,1081149469
934068,270.6,-39.0,123.5,133.7,118.8,1081141473
934118,269.5,-21.3,128.9,118.8,133.7,1081137105
934168,269.0,-8.9,133.0,133.7,118.8,1081135275
934218,267.2,-36.3,120.8,133.7,148.5,1081127851
934268,266.6,-13.4,128.6,133.7,133.7,1081125112
934318,265.5,-21.4,124.4,133.7,133.7,1081120736
934368,263.2,-45.0,113.2,118.8,118.8,1081111530
934418,261.4,-37.5,113.9,118.8,118.8,1081103856
934468,261.0,-8.2,124.2,133.7,118.8,1081102171
934518,259.2,-35.8,112.0,133.7,133.7,1081094848
934568,258.2,-19.0,117.2,118.8,118.8,1081090950
934618,257.6,-13.3,118.6,104.0,118.8,1081088222
934668,256.8,-15.3,117.0,133.7,104.0,1081085083
934718,254.8,-40.7,105.3,133.7,118.8,1081071628
934768,252.7,-40.5,103.1,104.0,133.7,1081055036
934818,251.6,-22.4,108.6,104.0,89.1,1081045879
934868,249.9,-33.6,102.5,104.0,118.8,1081032096
934918,249.9,0.4,115.2,118.8,104.0,1081032278
934968,248.2,-35.7,99.8,118.8,118.8,1081017660
935018,247.5,-13.0,107.5,104.0,118.8,1081012343
935068,245.6,-39.1,95.6,104.0,104.0,1080996333
935118,243.9,-33.4,95.9,104.0,89.1,1080982668
935168,242.4,-29.4,95.8,89.1,89.1,1080970645
935218,241.4,-20.5,97.9,104.0,118.8,1080962229
935268,240.7,-14.4,99.4,118.8,104.0,1080956338
935318,239.0,-34.1,90.2,89.1,104.0,1080942383
935368,238.4,-11.8,97.8,74.3,89.1,1080937531
935418,236.5,-38.3,85.8,104.0,89.1,1080921846
935468,236.0,-8.8,96.3,89.1,89.1,1080918239
935518,234.2,-36.2,84.1,104.0,118.8,1080903426
935568,233.6,-13.3,91.8,89.1,89.1,1080897973
935618,232.5,-21.3,87.7,89.1,89.1,1080889240
935668,231.1,-26.9,84.1,89.1,89.1,1080878212
935718,229.9,-24.8,83.5,89.1,89.1,1080868035
935768,228.7,-23.4,82.7,89.1,89.1,1080858453
935818,227.0,-34.4,76.7,74.3,89.1,1080844373
935868,226.4,-12.1,84.3,74.3,89.1,1080839432
935918,225.4,-20.4,80.1,104.0,89.1,1080831058
935968,224.1,-26.3,76.4,89.1,89.1,1080820281
936018,224.3,5.6,88.6,59.4,74.3,1080822568
936068,222.1,-44.1,67.7,89.1,74.3,1080804508
936118,220.0,-42.9,65.8,74.3,89.1,1080786951
936168,218.8,-24.0,71.4,59.4,89.1,1080777118
936218,218.3,-10.8,75.7,89.1,59.4,1080772693
936268,217.3,-19.6,71.4,74.3,74.3,1080764680
936318,215.7,-31.7,65.1,89.1,74.3,1080751698
936368,213.4,-46.2,57.2,74.3,59.4,1080732781
936418,212.4,-20.3,65.6,44.6,59.4,1080724454
936468,211.1,-26.2,62.0,74.3,74.3,1080713709
936518,209.8,-24.4,61.3,59.4,74.3,1080703731
936568,208.7,-23.1,60.5,74.3,59.4,1080694288
936618,207.6,-22.1,59.6,59.4,74.3,1080685221
936668,205.6,-39.5,51.0,74.3,44.6,1080669043
936718,203.9,-33.6,51.3,59.4,44.6,1080655261
936768,201.5,-47.6,43.5,74.3,59.4,1080635784
936818,201.1,-9.3,57.2,44.6,44.6,1080631980
936868,198.7,-48.5,39.9,59.4,74.3,1080612114
936918,196.7,-40.0,40.9,59.4,59.4,1080595750
936968,195.3,-28.0,43.7,29.7,59.4,1080584295
937018,194.3,-19.6,45.8,59.4,44.6,1080576277
937068,192.4,-37.7,36.9,44.6,59.4,1080560834
937118,191.7,-14.4,44.8,59.4,29.7,1080554939
937168,190.6,-22.1,40.7,44.6,44.6,1080545897
937218,188.9,-33.5,34.6,44.6,44.6,1080532195
937268,188.0,-17.4,39.6,44.6,29.7,1080525061
937318,185.9,-42.2,28.1,59.4,44.6,1080507779
937368,185.3,-11.5,38.8,44.6,44.6,1080503055
937418,184.0,-26.1,31.9,44.6,44.6,1080492375
937468,182.2,-36.3,26.2,59.4,44.6,1080477526
937518,180.7,-31.4,26.2,44.6,44.6,1080464675
937568,180.5,-4.0,36.2,59.4,59.4,1080463051
937618,178.5,-38.8,21.1,59.4,59.4,1080447169
937668,177.2,-27.1,23.9,14.9,44.6,1080436052
937718,176.8,-7.0,31.0,0.0,29.7,1080433185
937768,176.0,-16.9,26.4,0.0,29.7,1080426263
937818,174.5,-29.8,19.9,0.0,14.9,1080414045
937868,173.1,-26.9,19.5,0.0,0.0,1080403034
937918,173.1,0.0,29.5,0.0,0.0,1080403034
937968,173.4,5.2,31.7,0.0,0.0,1080405158
938018,173.4,0.0,29.8,0.0,0.0,1080405158
938068,173.6,3.6,31.3,0.0,0.0,1080406644
938118,173.6,0.0,30.0,0.0,0.0,1080406644
938168,172.8,-15.5,23.4,0.0,0.0,1080400311
938218,172.8,0.0,29.1,0.0,0.0,1080400311
938268,173.2,7.2,32.2,0.0,0.0,1080403251
938318,173.2,0.0,29.5,0.0,0.0,1080403251
938368,174.3,23.0,39.3,59.4,0.0,1080412682
938418,172.7,-31.9,17.2,74.3,44.6,1080399623
938468,172.8,1.7,29.7,59.4,74.3,1080400312
938518,171.7,-22.8,19.4,44.6,44.6,1080390964
938568,170.9,-16.0,21.0,59.4,44.6,1080384420
938618,169.1,-35.2,11.9,44.6,44.6,1080370009
938668,168.2,-18.6,17.0,59.4,44.6,1080362379
938718,166.0,-43.0,5.6,44.6,44.6,1080344750
938768,163.9,-42.1,3.6,44.6,44.6,1080327495
938818,163.6,-5.5,16.9,44.6,44.6,1080325246
938868,162.5,-21.8,9.6,29.7,44.6,1080316299
938918,162.7,2.7,18.8,44.6,29.7,1080317409
938968,161.0,-34.1,3.3,29.7,44.6,1080303441
939018,159.8,-23.9,5.7,44.6,0.0,1080293663
939068,158.9,-16.7,7.5,0.0,0.0,1080286818
939118,159.0,0.3,13.8,0.0,0.0,1080286942
939168,158.4,-11.8,8.7,0.0,0.0,1080282114
939218,158.0,-8.3,9.5,0.0,0.0,1080278734
939268,157.1,-17.8,5.0,0.0,0.0,1080271453
939318,157.7,11.6,16.5,0.0,0.0,1080276186
939368,157.8,2.1,13.1,0.0,0.0,1080277042
939418,157.5,-4.5,10.4,0.0,0.0,1080275184
939468,157.1,-9.2,8.2,0.0,0.0,1080271425
939518,157.3,5.6,14.0,0.0,0.0,1080273710
939568,157.5,3.9,13.6,0.0,0.0,1080275309
939618,156.5,-21.3,3.0,0.0,0.0,1080266598
939668,155.4,-20.9,2.0,0.0,0.0,1080258042
939718,155.9,9.4,13.8,0.0,0.0,1080261884
939768,156.2,6.6,13.1,0.0,0.0,1080264573
939818,156.2,-1.4,10.1,0.0,0.0,1080263998
939868,156.7,11.0,15.3,0.0,0.0,1080268510
939918,156.5,-4.3,9.4,0.0,0.0,1080266754
939968,157.9,27.0,22.5,0.0,0.0,1080277812
940018,158.2,6.9,15.4,0.0,0.0,1080280638
940068,157.5,-13.2,7.2,0.0,0.0,1080275243
940118,157.7,2.8,13.3,0.0,0.0,1080276382
940168,156.6,-22.1,2.8,0.0,0.0,1080267349
940218,157.3,14.6,17.3,0.0,0.0,1080273314
940268,157.2,-1.8,11.1,0.0,0.0,1080272574
940318,157.4,4.7,13.8,0.0,0.0,1080274514
940368,157.6,3.3,13.4,0.0,0.0,1080275871
940418,157.7,2.3,13.2,0.0,14.9,1080276822
940468,157.5,-4.4,10.5,0.0,29.7,1080275030
940518,156.8,-15.1,5.6,0.0,44.6,1080268860
940568,156.5,-4.5,9.3,0.0,29.7,1080266999
940618,156.4,-3.2,9.6,0.0,0.0,1080265696
940668,155.7,-14.2,4.7,0.0,0.0,1080259868
940718,155.8,2.0,10.9,0.0,0.0,1080260705
940768,155.5,-4.6,8.2,0.0,0.0,1080258832
940818,155.4,-3.2,8.5,0.0,0.0,1080257522
940868,155.3,-2.2,8.7,0.0,0.0,1080256604
940918,155.2,-1.6,8.9,0.0,0.0,1080255962
940968,156.0,16.9,16.7,0.0,0.0,1080262885
941018,157.2,23.8,20.6,0.0,0.0,1080272647
941068,156.6,-13.3,6.1,0.0,0.0,1080267192
941118,156.7,2.7,12.2,0.0,0.0,1080268288
941168,156.5,-4.1,9.4,0.0,0.0,1080266599
941218,155.1,-26.9,0.0,0.0,0.0,1080255585
941268,156.0,17.2,16.8,0.0,0.0,1080262622
941318,156.0,0.0,10.4,0.0,0.0,1080262632
941368,156.3,6.0,13.0,0.0,0.0,1080265097
941418,155.9,-7.8,7.4,0.0,0.0,1080261907
941468,156.2,6.5,13.1,0.0,0.0,1080264589
941518,155.9,-7.4,7.5,14.9,0.0,1080261551
941568,156.2,6.8,13.2,59.4,0.0,1080264340
941618,156.4,4.8,12.7,59.4,14.9,1080266292
941668,154.8,-32.7,0.0,44.6,59.4,1080252913
941718,154.0,-16.9,1.9,59.4,44.6,1080246006
941768,153.1,-17.8,0.5,44.6,44.6,1080238713
941818,152.8,-6.5,4.4,44.6,44.6,1080236065
941868,151.6,-22.5,0.0,44.6,44.6,1080226839
941918,151.4,-3.8,3.9,29.7,29.7,1080225296
941968,150.4,-20.6,0.0,44.6,44.6,1080216843
942018,150.6,3.6,5.7,29.7,44.6,1080218299
942068,151.0,8.5,8.0,44.6,44.6,1080221775
942118,151.0,-0.1,4.8,14.9,29.7,1080221751
942168,151.9,18.0,12.5,0.0,44.6,1080229107
942218,152.5,12.6,11.2,0.0,29.7,1080234257
942268,153.3,14.8,12.9,0.0,14.9,1080240319
942318,155.0,34.4,22.0,0.0,0.0,1080254393
942368,156.2,24.1,19.5,0.0,0.0,1080264244
942418,156.4,4.8,12.7,0.0,0.0,1080266225
942468,158.4,39.4,27.7,0.0,0.0,1080282358
942518,159.8,27.6,24.8,0.0,0.0,1080293650
942568,161.3,31.3,28.0,0.0,0.0,1080306470
942618,162.7,27.9,28.3,0.0,0.0,1080317902
942668,163.4,13.5,23.7,0.0,0.0,1080323446
942718,164.5,21.5,27.8,0.0,0.0,1080332243
942768,165.5,21.0,28.8,0.0,0.0,1080340858
942818,167.5,38.7,37.6,0.0,0.0,1080356719
942868,167.9,9.1,27.1,44.6,0.0,1080360449
942918,170.7,54.4,46.9,44.6,0.0,1080382720
942968,172.0,26.1,37.8,44.6,29.7,1080393395
943018,172.9,18.2,36.0,59.4,59.4,1080400868
943068,173.8,18.8,37.2,74.3,59.4,1080408556
943118,174.5,13.1,35.8,59.4,59.4,1080413938
943168,175.2,15.2,37.5,59.4,44.6,1080420163
943218,175.2,-1.4,31.2,44.6,44.6,1080419605
943268,176.0,17.0,39.0,44.6,44.6,1080426587
943318,176.6,11.9,37.8,44.6,59.4,1080431475
943368,177.3,14.4,39.5,44.6,44.6,1080437354
943418,177.5,4.0,35.9,44.6,44.6,1080439012
943468,178.6,20.8,43.3,44.6,44.6,1080447545
943518,178.4,-3.4,34.1,29.7,14.9,1080446145
943568,179.8,27.6,47.1,29.7,44.6,1080457454
943618,180.7,19.3,45.1,59.4,44.6,1080465369
943668,181.4,13.5,43.7,59.4,44.6,1080470910
943718,182.5,21.5,47.9,59.4,59.4,1080479704
943768,182.9,9.0,43.8,44.6,44.6,1080483403
943818,184.2,24.3,50.8,59.4,59.4,1080493364
943868,185.0,17.0,49.0,44.6,44.6,1080500337
943918,185.9,17.9,50.4,29.7,44.6,1080507676
943968,186.2,6.5,46.5,44.6,59.4,1080510355
944018,187.7,28.6,56.3,44.6,59.4,1080522061
944068,189.0,26.0,56.8,29.7,44.6,1080532713
944118,189.6,12.2,52.3,44.6,44.6,1080537712
944168,189.7,2.5,48.9,44.6,44.6,1080538753
944218,191.3,31.8,61.5,44.6,59.4,1080551770
944268,192.4,22.2,59.2,59.4,74.3,1080560882
944318,194.1,33.6,65.3,59.4,59.4,1080574634
944368,194.1,-0.5,52.6,59.4,59.4,1080574429
944418,194.6,11.7,57.8,44.6,59.4,1080579201
944468,197.4,56.2,77.4,59.4,59.4,1080602202
944518,198.2,15.3,63.1,59.4,59.4,1080608473
944568,199.6,28.7,69.7,59.4,59.4,1080620235
944618,201.0,26.1,70.2,44.6,74.3,1080630926
944668,201.9,18.3,68.3,59.4,59.4,1080638410
944718,204.0,42.8,79.8,74.3,74.3,1080655936
944768,204.3,6.0,66.4,59.4,89.1,1080658374
944818,204.8,10.2,68.5,74.3,59.4,1080662539
944868,206.7,37.1,80.6,74.3,59.4,1080677742
944918,206.7,0.0,66.8,59.4,59.4,1080677742
944968,208.0,26.0,77.9,89.1,74.3,1080688384
945018,208.0,0.0,68.3,59.4,74.3,1080688384
945068,209.2,24.2,78.6,74.3,59.4,1080698291
945118,209.2,0.0,69.6,59.4,74.3,1080698291
945168,210.9,34.9,84.5,89.1,89.1,1080712599
945218,210.9,0.0,71.6,59.4,59.4,1080712599
945268,213.0,42.5,89.7,89.1,74.3,1080729987
945318,213.0,0.0,73.9,89.1,74.3,1080729987
945368,215.7,53.7,96.9,74.3,89.1,1080751989
945418,218.5,55.6,100.7,74.3,74.3,1080774764
945468,220.5,38.9,96.6,89.1,104.0,1080790706
945518,222.7,45.2,101.5,104.0,74.3,1080809238
945568,225.2,49.7,105.9,89.1,89.1,1080829583
945618,226.0,16.8,94.6,104.0,104.0,1080836452
945668,228.4,47.7,108.8,89.1,89.1,1080856006
945718,228.3,-2.6,90.0,104.0,89.1,1080854948
945768,228.8,10.2,95.3,89.1,104.0,1080859123
945818,229.8,19.1,99.7,104.0,104.0,1080866960
945868,230.7,19.4,100.8,89.1,89.1,1080874904
945918,233.2,49.6,114.8,89.1,89.1,1080895210
945968,233.5,4.7,98.4,104.0,104.0,1080897137
946018,234.8,27.3,108.3,104.0,104.0,1080908316
946068,236.7,37.1,114.0,104.0,104.0,1080923514
946118,238.6,38.0,116.5,104.0,104.0,1080939067
946168,239.6,20.6,111.2,118.8,118.8,1080947497
946218,240.6,20.4,112.2,104.0,104.0,1080955856
946268,240.1,-9.7,100.5,104.0,118.8,1080951877
946318,242.2,41.2,121.7,104.0,104.0,1080968752
946368,242.7,10.8,111.0,118.8,104.0,1080973192
946418,242.2,-10.4,102.6,104.0,118.8,1080968927
946468,243.7,28.7,118.7,104.0,104.0,1080980687
946518,245.0,26.1,119.2,104.0,104.0,1080991377
946568,245.6,12.3,114.7,118.8,118.8,1080996402
946618,246.3,14.6,116.4,118.8,104.0,1081002377
946668,248.3,40.2,128.1,104.0,118.8,1081018848
946718,249.1,16.1,120.1,118.8,118.8,1081025462
946768,250.0,17.3,121.5,118.8,118.8,1081032550
946818,250.9,18.1,122.8,118.8,118.8,1081039969
946868,251.5,12.7,121.5,118.8,118.8,1081045162
946918,251.7,2.9,118.0,104.0,104.0,1081046340
946968,254.2,50.0,138.3,133.7,118.8,1081066825
947018,255.3,23.0,129.6,118.8,133.7,1081076249
947068,255.5,4.1,122.8,133.7,133.7,1081077931
947118,257.2,32.9,135.3,118.8,104.0,1081086626
947168,257.1,-1.0,122.7,118.8,133.7,1081086424
947218,257.4,5.3,125.3,133.7,133.7,1081087511
947268,258.5,21.7,132.6,118.8,118.8,1081091958
947318,257.4,-20.8,115.6,133.7,118.8,1081087699
947368,258.8,27.4,135.1,118.8,148.5,1081093318
947418,259.5,13.2,130.5,118.8,118.8,1081096024
947468,259.9,9.2,129.6,133.7,118.8,1081097917
947518,260.2,6.5,128.9,148.5,133.7,1081099243
947568,260.5,4.5,128.4,118.8,133.7,1081100171
947618,260.6,3.2,128.1,133.7,118.8,1081100820
947668,261.9,26.2,138.1,118.8,133.7,1081106190
947718,262.9,18.4,136.2,133.7,133.7,1081109949
947768,264.1,24.8,140.0,133.7,133.7,1081115038
947818,265.0,17.4,138.2,148.5,133.7,1081118600
947868,265.0,0.2,131.8,133.7,133.7,1081118636
947918,265.3,6.1,134.4,118.8,133.7,1081119890
947968,264.9,-7.7,128.8,133.7,133.7,1081118310
948018,265.5,12.6,137.1,148.5,118.8,1081120890
948068,266.9,26.8,143.8,133.7,133.7,1081126383
948118,269.3,48.8,154.7,133.7,148.5,1081136372
948168,268.6,-13.9,130.7,133.7,148.5,1081133534
948218,266.3,-45.7,116.3,148.5,133.7,1081124174
948268,267.1,16.0,140.1,133.7,118.8,1081127453
948318,269.8,53.2,156.9,133.7,133.7,1081138350
948368,269.3,-10.8,132.5,133.7,163.4,1081136147
948418,267.7,-31.5,123.1,148.5,133.7,1081129690
948468,267.2,-10.1,130.5,148.5,118.8,1081127628
948518,266.2,-19.0,126.1,104.0,133.7,1081123726
948568,264.4,-37.3,117.2,133.7,133.7,1081116080
948618,264.2,-2.1,130.2,133.7,104.0,1081115643
948668,262.7,-31.5,117.5,133.7,133.7,1081109193
948718,260.4,-46.0,109.6,118.8,133.7,1081099763
948768,259.4,-20.2,118.0,118.8,118.8,1081095620
948818,259.6,3.8,127.2,104.0,104.0,1081096406
948868,258.8,-15.3,119.2,118.8,133.7,1081093269
948918,260.4,31.3,138.2,148.5,133.7,1081099676
948968,261.4,21.9,136.0,133.7,133.7,1081104160
949018,261.3,-2.7,126.7,118.8,133.7,1081103613
949068,260.9,-7.9,124.3,133.7,133.7,1081102001
949118,260.6,-5.5,124.9,133.7,133.7,1081100872
949168,261.9,26.1,138.1,118.8,133.7,1081106226
949218,262.3,6.3,131.1,133.7,118.8,1081107517
949268,262.5,4.4,130.6,118.8,133.7,1081108420
949318,263.2,15.1,135.4,118.8,118.8,1081111510
949368,264.4,22.6,139.5,148.5,148.5,1081116130
949418,264.6,3.8,132.7,118.8,148.5,1081116907
949468,265.0,8.7,135.0,148.5,118.8,1081118680
949518,266.2,24.1,142.1,118.8,133.7,1081123607
949568,267.3,22.8,142.9,133.7,148.5,1081128285
949618,266.9,-8.0,131.0,148.5,148.5,1081126644
949668,267.9,18.4,141.8,133.7,133.7,1081130411
949718,268.5,12.9,140.5,118.8,118.8,1081133047
949768,269.5,21.0,144.7,148.5,148.5,1081137351
949818,271.5,38.7,153.4,133.7,148.5,1081145278
949868,271.3,-2.9,137.8,163.4,148.5,1081144683
949918,269.4,-38.0,122.6,133.7,118.8,1081136894
949968,269.6,3.4,138.2,118.8,148.5,1081137586
950018,270.6,20.4,145.6,148.5,133.7,1081141756
950068,270.4,-3.7,136.5,148.5,133.7,1081140989
950118,270.6,3.4,139.3,133.7,133.7,1081141681
950168,270.7,2.4,139.1,118.8,148.5,1081142166
950218,271.4,13.7,144.0,148.5,133.7,1081144962
950268,271.6,3.6,140.5,148.5,133.7,1081145691
950318,271.1,-9.5,135.1,133.7,148.5,1081143744
950368,272.6,29.3,151.1,133.7,133.7,1081149753
950418,272.4,-3.5,138.8,163.4,148.5,1081149045
950468,273.2,15.6,146.7,148.5,133.7,1081152235
950518,274.3,22.9,150.7,118.8,133.7,1081156926
950568,275.7,28.0,154.2,148.5,163.4,1081162667
950618,276.7,19.6,152.1,163.4,133.7,1081166686
950668,277.7,19.7,153.3,148.5,133.7,1081170728
950718,277.8,1.8,146.7,148.5,163.4,1081171100
950768,277.9,1.3,146.6,148.5,148.5,1081171360
950818,278.5,12.9,151.6,148.5,148.5,1081174000
950868,278.3,-3.0,145.6,148.5,148.5,1081173390
950918,280.3,39.9,163.7,148.5,148.5,1081181565
950968,279.6,-14.1,142.9,148.5,148.5,1081178686
951018,280.0,8.2,151.6,163.4,163.4,1081180357
951068,280.6,11.7,153.6,133.7,133.7,1081182755
951118,282.2,32.2,163.0,163.4,148.5,1081189349
951168,281.6,-13.5,145.3,163.4,178.2,1081186592
951218,282.9,26.6,161.6,148.5,148.5,1081192035
951268,283.8,18.6,159.7,148.5,133.7,1081195845
951318,284.5,13.0,158.3,163.4,178.2,1081198512
951368,286.1,33.1,167.6,163.4,148.5,1081205295
951418,287.6,29.2,167.8,148.5,163.4,1081211271
951468,287.4,-3.6,155.4,178.2,163.4,1081210539
951518,287.9,9.5,160.8,163.4,163.4,1081212484
951568,288.5,12.6,162.7,148.5,178.2,1081215075
951618,289.3,14.9,164.3,163.4,163.4,1081218117
951668,289.5,4.4,160.7,163.4,178.2,1081219018
951718,289.3,-2.9,157.8,148.5,178.2,1081218420
951768,291.0,34.0,173.4,133.7,163.4,1081225374
951818,291.3,5.8,163.3,163.4,178.2,1081226555
951868,291.3,0.0,161.1,133.7,163.4,1081226555
951918,292.7,28.0,173.1,178.2,178.2,1081232297
951968,292.7,0.0,162.7,148.5,148.5,1081232297
952018,294.3,31.6,176.2,163.4,193.1,1081238774
952068,294.3,0.0,164.5,148.5,148.5,1081238774
952118,297.2,58.1,189.3,163.4,193.1,1081250681
952168,297.2,0.0,167.7,148.5,163.4,1081250681
952218,299.0,34.7,182.5,193.1,193.1,1081257787
952268,299.0,0.0,169.6,163.4,148.5,1081257787
952318,301.1,42.3,187.7,163.4,193.1,1081266448
952368,301.1,0.0,172.0,163.4,148.5,1081266448
952418,305.8,95.6,212.8,193.1,178.2,1081286027
952468,308.0,42.9,195.6,178.2,193.1,1081294817
952518,309.5,30.0,192.5,207.9,178.2,1081300970
952568,311.1,33.0,195.5,193.1,148.5,1081307735
952618,312.6,29.1,195.6,207.9,163.4,1081313699
952668,315.4,56.4,208.9,193.1,178.2,1081325247
952718,316.2,15.5,194.6,207.9,207.9,1081328415
952768,317.0,16.8,196.0,207.9,193.1,1081331862
952818,316.4,-12.2,184.5,193.1,207.9,1081329359
952868,318.4,39.4,205.9,193.1,178.2,1081337438
952918,319.5,21.6,200.5,193.1,193.1,1081341864
952968,321.4,39.1,209.2,193.1,207.9,1081349877
953018,321.6,3.4,196.1,222.8,207.9,1081350572
953068,322.9,26.4,206.1,193.1,178.2,1081355973
953118,324.1,24.5,206.8,193.1,207.9,1081360982
953168,324.1,-0.9,197.3,207.9,207.9,1081360803
953218,324.1,-0.6,197.4,193.1,193.1,1081360677
953268,325.0,17.6,205.1,207.9,207.9,1081364275
953318,325.3,6.3,201.3,193.1,193.1,1081365565
953368,326.1,16.4,205.9,207.9,207.9,1081368926
953418,326.7,11.5,204.7,207.9,178.2,1081371279
953468,327.7,20.0,209.0,207.9,207.9,1081375383
953518,326.9,-16.0,194.8,207.9,207.9,1081372112
953568,327.8,18.8,208.7,193.1,222.8,1081375966
953618,328.5,13.2,207.4,207.9,178.2,1081378664
953668,328.6,3.2,203.9,207.9,207.9,1081379324
953718,329.3,14.3,208.8,207.9,207.9,1081382244
953768,329.5,4.0,205.2,193.1,207.9,1081383058
953818,329.4,-3.2,202.3,222.8,207.9,1081382400
953868,329.6,3.7,205.1,207.9,193.1,1081383168
953918,330.3,14.6,210.0,193.1,207.9,1081386163
953968,330.8,10.2,208.9,207.9,207.9,1081388260
954018,332.4,31.2,218.4,222.8,207.9,1081394642
954068,331.4,-20.2,198.2,207.9,207.9,1081390509
954118,330.6,-14.1,199.7,193.1,207.9,1081387615
954168,330.2,-9.9,200.7,193.1,193.1,1081385590
954218,330.7,11.1,209.1,207.9,207.9,1081387858
954268,331.1,7.8,208.3,222.8,207.9,1081389446
954318,331.7,11.4,210.3,207.9,193.1,1081391787
954368,333.3,32.0,219.7,193.1,207.9,1081398340
954418,333.8,10.4,212.3,222.8,222.8,1081400470
954468,334.8,19.3,216.7,222.8,222.8,1081404419
954518,333.9,-16.5,202.4,207.9,193.1,1081401038
954568,333.3,-11.6,203.6,207.9,207.9,1081398672
954618,333.8,9.9,212.2,207.9,222.8,1081400702
954668,333.3,-11.1,203.8,207.9,193.1,1081398437
954718,333.5,4.3,209.7,207.9,207.9,1081399309
954768,333.7,3.0,209.4,222.8,207.9,1081399919
954818,333.8,2.1,209.2,207.9,207.9,1081400347
954868,336.2,49.5,229.5,193.1,222.8,1081410476
954918,336.5,4.6,213.1,237.6,207.9,1081411423
954968,336.0,-8.8,207.7,207.9,222.8,1081409628
955018,336.3,5.9,213.4,207.9,207.9,1081410829
955068,335.9,-7.9,207.9,207.9,207.9,1081409212
955118,335.9,0.5,211.0,207.9,207.9,1081409309
955168,337.5,30.3,223.8,207.9,207.9,1081415521
955218,338.2,15.2,219.0,237.6,222.8,1081418641
955268,337.6,-13.3,207.7,207.9,222.8,1081415909
955318,339.5,38.7,229.1,207.9,193.1,1081423827
955368,338.7,-14.9,208.4,222.8,237.6,1081420769
955418,337.6,-22.5,204.4,207.9,207.9,1081416170
955468,338.9,26.3,223.9,207.9,207.9,1081421552
955518,340.5,30.4,227.1,222.8,222.8,1081427778
955568,339.1,-26.7,204.4,237.6,237.6,1081422305
955618,337.6,-30.7,201.2,222.8,207.9,1081416017
955668,337.7,2.5,213.7,178.2,193.1,1081416530
955718,337.2,-10.2,208.4,222.8,193.1,1081414432
955768,337.7,10.8,216.8,207.9,207.9,1081416649
955818,337.5,-4.4,210.9,207.9,222.8,1081415744
955868,339.5,38.9,229.2,207.9,207.9,1081423712
955918,340.2,15.2,221.2,237.6,222.8,1081426832
955968,340.2,-1.3,215.0,207.9,222.8,1081426558
956018,341.9,35.1,230.5,222.8,207.9,1081433739
956068,341.9,0.5,217.7,207.9,222.8,1081433851
956118,342.9,18.4,225.3,222.8,222.8,1081437616
956168,343.8,18.9,226.6,222.8,222.8,1081441480
956218,344.2,7.2,222.7,222.8,222.8,1081442956
956268,343.8,-7.0,217.0,222.8,222.8,1081441531
956318,345.4,31.1,232.9,207.9,222.8,1081447907
956368,345.9,9.8,225.5,222.8,222.8,1081449912
956418,345.9,0.9,222.2,222.8,222.8,1081450087
956468,344.1,-35.4,206.8,237.6,237.6,1081442837
956518,345.9,35.2,235.0,207.9,222.8,1081450050
956568,346.5,12.7,227.3,207.9,207.9,1081452641
956618,347.6,20.9,231.5,237.6,237.6,1081456913
956668,346.8,-15.4,217.2,237.6,237.6,1081453759
956718,347.2,7.2,226.0,207.9,222.8,1081455237
956768,347.4,5.1,225.5,222.8,207.9,1081456272
956818,346.7,-14.5,217.4,222.8,237.6,1081453311
956868,345.9,-16.1,215.9,222.8,222.8,1081450008
956918,345.9,0.7,222.2,207.9,193.1,1081450155
956968,345.9,0.5,222.1,222.8,237.6,1081450257
957018,344.8,-23.7,211.9,237.6,222.8,1081445413
957068,344.5,-4.6,218.7,207.9,222.8,1081444480
957118,346.2,32.8,234.4,207.9,207.9,1081451200
957168,347.0,17.0,229.5,222.8,222.8,1081454675
957218,346.7,-6.1,220.5,237.6,237.6,1081453421
957268,344.4,-46.3,203.1,222.8,222.8,1081443942
957318,343.4,-20.4,211.5,207.9,207.9,1081439764
957368,343.0,-8.3,215.6,207.9,207.9,1081438068
957418,342.1,-17.8,211.0,222.8,207.9,1081434424
957468,341.2,-18.5,209.8,222.8,207.9,1081430644
957518,340.5,-12.9,211.1,222.8,222.8,1081427998
957568,338.3,-45.0,196.7,207.9,207.9,1081418773
957618,337.6,-13.5,207.6,193.1,207.9,1081416002
957668,338.3,14.5,218.8,222.8,193.1,1081418977
957718,338.5,4.2,215.2,207.9,222.8,1081419831
957768,337.5,-21.1,204.7,222.8,222.8,1081415514
957818,334.0,-68.8,183.2,222.8,207.9,1081401432
957868,334.0,-0.1,208.6,178.2,193.1,1081401406
957918,333.1,-18.1,201.0,193.1,193.1,1081397701
957968,331.9,-24.7,197.1,222.8,222.8,1081392649
958018,333.1,24.7,216.9,207.9,193.1,1081397715
958068,333.1,-0.7,207.4,193.1,207.9,1081397575
958118,332.8,-6.5,204.9,222.8,222.8,1081396248
958168,331.9,-16.5,200.2,207.9,207.9,1081392861
958218,330.8,-23.6,196.3,193.1,193.1,1081388033
958268,330.8,1.5,205.7,207.9,207.9,1081388340
958318,332.1,25.0,215.8,207.9,207.9,1081393470
958368,330.6,-30.5,193.5,207.9,207.9,1081387230
958418,328.0,-51.3,182.9,193.1,193.1,1081376719
958468,327.7,-5.9,199.4,193.1,193.1,1081375505
958518,327.2,-10.2,197.3,207.9,207.9,1081373426
958568,326.2,-19.1,192.9,207.9,193.1,1081369513
958618,324.4,-37.4,184.0,193.1,178.2,1081361859
958668,323.4,-20.2,189.3,178.2,207.9,1081357730
958718,322.9,-8.1,193.3,178.2,193.1,1081356069
958768,323.0,0.3,196.5,207.9,193.1,1081356134
958818,325.7,54.2,219.5,193.1,207.9,1081367239
958868,325.7,0.0,199.4,178.2,193.1,1081367239
958918,323.4,-46.0,179.7,237.6,207.9,1081357810
958968,323.4,0.0,196.8,163.4,178.2,1081357810
959018,322.7,-14.2,190.7,222.8,222.8,1081354896
959068,322.7,0.0,196.0,178.2,178.2,1081354896
959118,321.0,-34.0,181.5,207.9,207.9,1081347940
959168,321.0,0.0,194.1,178.2,178.2,1081347940
959218,320.1,-17.8,186.5,193.1,193.1,1081344300
959268,320.1,0.0,193.1,178.2,193.1,1081344300
959318,316.5,-72.4,162.2,222.8,207.9,1081329465
959368,313.0,-68.7,159.8,163.4,163.4,1081315393
959418,311.8,-24.1,175.0,163.4,163.4,1081310458
959468,308.9,-58.9,158.8,178.2,178.2,1081298402
959518,308.3,-11.2,175.9,178.2,178.2,1081296107
959568,309.4,22.2,189.5,178.2,163.4,1081300644
959618,310.2,15.5,187.9,193.1,178.2,1081303820
959668,306.2,-79.1,148.3,178.2,207.9,1081287612
959718,304.1,-43.4,159.2,163.4,148.5,1081278723
959768,302.5,-30.4,162.3,148.5,148.5,1081272501
959818,300.6,-39.3,156.9,178.2,178.2,1081264460
959868,300.4,-3.5,169.9,163.4,178.2,1081263746
959918,298.5,-38.4,154.8,193.1,148.5,1081255873
959968,298.0,-8.9,165.3,148.5,163.4,1081254049
960018,297.7,-6.2,165.9,163.4,178.2,1081252771
960068,298.4,13.6,174.1,163.4,148.5,1081255564
960118,297.1,-26.5,157.7,178.2,178.2,1081250146
960168,295.9,-24.5,157.1,163.4,163.4,1081245124
960218,295.0,-17.2,158.8,163.4,163.4,1081241609
960268,293.2,-36.0,149.8,163.4,163.4,1081234234
960318,291.6,-31.2,149.9,148.5,148.5,1081227842
960368,290.5,-21.8,152.2,148.5,178.2,1081223368
960418,289.8,-15.3,153.7,163.4,148.5,1081220236
960468,288.0,-34.7,144.6,148.5,148.5,1081213128
960518,287.4,-12.3,152.2,148.5,148.5,1081210610
960568,287.6,3.4,158.2,148.5,163.4,1081211305
960618,286.5,-21.6,147.7,163.4,163.4,1081206877
960668,286.1,-9.1,151.9,148.5,148.5,1081205006
960718,283.3,-54.4,132.0,148.5,163.4,1081193865
960768,281.7,-32.1,138.5,148.5,133.7,1081187296
960818,280.3,-28.5,138.3,133.7,148.5,1081181469
960868,278.4,-37.9,132.7,133.7,133.7,1081173703
960918,276.2,-44.5,127.7,163.4,163.4,1081164581
960968,273.4,-55.2,120.7,118.8,118.8,1081153280
961018,271.5,-38.6,124.7,133.7,118.8,1081145370
961068,271.4,-3.0,137.8,118.8,148.5,1081144747
961118,271.2,-2.1,138.0,148.5,133.7,1081144312
961168,268.8,-49.5,117.6,133.7,133.7,1081134177
961218,268.2,-10.6,131.5,133.7,118.8,1081131997
961268,267.6,-13.4,129.7,133.7,118.8,1081129243
961318,266.5,-21.4,125.5,133.7,133.7,1081124857
961368,264.8,-33.0,119.4,133.7,148.5,1081118100
961418,265.2,6.9,134.6,118.8,118.8,1081119515
961468,263.3,-37.2,116.2,133.7,118.8,1081111904
961518,261.4,-38.0,113.7,133.7,133.7,1081104118
961568,260.7,-14.6,121.6,118.8,133.7,1081101126
961618,260.5,-4.2,125.2,118.8,104.0,1081100260
961668,260.0,-9.0,123.0,133.7,133.7,1081098425
961718,258.8,-24.3,115.9,133.7,133.7,1081093454
961768,258.0,-17.0,117.7,104.0,118.8,1081089975
961818,254.7,-65.9,95.9,133.7,118.8,1081071104
961868,253.3,-28.1,108.3,104.0,104.0,1081059584
961918,253.8,10.3,123.2,104.0,104.0,1081063808
961968,252.7,-22.8,109.6,133.7,133.7,1081054476
962018,251.6,-21.9,108.7,118.8,118.8,1081045487
962068,250.5,-21.4,107.7,104.0,104.0,1081036737
962118,247.9,-51.0,93.9,104.0,118.8,1081015866
962168,246.5,-29.7,100.1,118.8,104.0,1081003714
962218,245.7,-14.8,104.8,89.1,104.0,1080997665
962268,245.5,-4.3,108.5,118.8,104.0,1080995889
962318,244.5,-21.0,101.1,118.8,118.8,1080987272
962368,243.4,-20.7,100.1,104.0,104.0,1080978783
962418,242.1,-26.5,96.4,89.1,104.0,1080967926
962468,240.6,-30.6,93.2,118.8,89.1,1080955410
962518,237.7,-57.4,80.1,89.1,104.0,1080931904
962568,236.0,-34.2,86.8,104.0,104.0,1080917907
962618,234.8,-23.9,89.3,74.3,74.3,1080908109
962668,234.3,-10.7,93.6,89.1,89.1,1080903708
962718,231.8,-49.5,76.4,104.0,89.1,1080883424
962768,230.6,-22.7,85.1,104.0,104.0,1080874141
962818,230.8,2.1,94.4,74.3,89.1,1080875015
962868,229.9,-16.5,86.6,89.1,74.3,1080868255
962918,228.4,-29.6,80.1,104.0,104.0,1080856149
962968,225.3,-62.7,64.3,89.1,89.1,1080830472
963018,223.4,-37.9,71.4,74.3,74.3,1080814956
963068,222.4,-20.5,76.7,59.4,59.4,1080806552
963118,224.4,39.6,101.3,89.1,89.1,1080822788
963168,226.4,39.7,103.5,89.1,104.0,1080839068
963218,228.4,39.8,105.8,104.0,104.0,1080855380
963268,229.7,27.9,102.9,104.0,104.0,1080866798
963318,231.0,25.5,103.4,104.0,104.0,1080877248
963368,230.4,-12.1,88.8,89.1,74.3,1080872275
963418,228.2,-44.5,74.3,89.1,89.1,1080854048
963468,226.0,-43.1,72.4,89.1,89.1,1080836374
963518,224.5,-30.2,75.5,59.4,89.1,1080824003
963568,223.8,-15.1,80.3,89.1,74.3,1080817800
963618,222.0,-34.6,71.1,74.3,74.3,1080803628
963668,219.6,-48.2,63.4,74.3,89.1,1080783877
963718,217.9,-33.8,66.9,74.3,59.4,1080770051
963768,215.6,-47.6,59.0,59.4,74.3,1080750543
963818,210.0,-111.3,29.2,59.4,59.4,1080704938
963868,206.7,-65.9,42.4,59.4,59.4,1080677930
963918,202.3,-88.2,29.2,59.4,44.6,1080641821
963968,198.0,-85.7,25.4,59.4,59.4,1080606715
964018,192.6,-108.0,11.1,59.4,59.4,1080562479
964068,187.9,-93.6,11.2,44.6,44.6,1080524142
964118,184.6,-65.5,18.0,44.6,44.6,1080497306
964168,181.5,-63.9,15.0,44.6,44.6,1080471147
964218,178.6,-56.7,14.5,44.6,44.6,1080447921
964268,176.3,-45.7,16.1,44.6,44.6,1080429206
964318,174.7,-32.0,19.4,29.7,29.7,1080416105
964368,173.9,-16.4,24.3,44.6,29.7,1080409392
964418,173.3,-11.5,25.4,44.6,29.7,1080404692
964468,173.5,4.0,31.4,59.4,29.7,1080406318
964518,173.1,-9.2,26.0,14.9,44.6,1080402541
964568,172.5,-12.5,24.1,0.0,29.7,1080397439
964618,172.9,9.3,32.7,0.0,44.6,1080401241
964668,172.0,-17.5,21.8,0.0,29.7,1080394072
964718,171.7,-6.3,25.6,0.0,29.7,1080391511
964768,172.1,7.6,31.2,0.0,29.7,1080394633
964818,171.5,-12.7,22.9,0.0,44.6,1080389446
964868,171.3,-2.9,26.4,0.0,0.0,1080388273
964918,171.2,-2.0,26.6,0.0,0.0,1080387452
964968,171.5,4.6,29.3,0.0,0.0,1080389335
965018,172.2,15.2,34.1,0.0,0.0,1080395568
965068,172.2,-1.3,27.9,0.0,0.0,1080395016
965118,172.4,5.1,30.6,0.0,0.0,1080397087
965168,172.6,3.5,30.2,0.0,0.0,1080398537
965218,173.3,14.5,35.1,0.0,0.0,1080404467
965268,172.3,-19.9,21.2,44.6,0.0,1080396330
965318,171.9,-7.9,25.2,59.4,0.0,1080393092
965368,171.9,0.5,28.3,29.7,0.0,1080393282
965418,171.4,-11.7,23.2,44.6,0.0,1080388501
965468,170.4,-20.2,18.9,44.6,0.0,1080380238
965518,169.0,-26.1,15.2,29.7,0.0,1080369539
965568,169.0,-0.3,24.8,14.9,0.0,1080369423
965618,168.7,-6.2,22.3,29.7,14.9,1080366884
965668,167.9,-16.3,17.6,44.6,59.4,1080360192
965718,167.6,-5.4,21.3,29.7,59.4,1080357964
965768,166.5,-21.8,14.0,44.6,44.6,1080349032
965818,166.5,0.0,22.1,44.6,29.7,1080349032
965868,165.2,-27.3,10.5,44.6,14.9,1080337865
965918,165.2,0.0,20.6,29.7,14.9,1080337865
965968,163.6,-31.1,7.3,44.6,44.6,1080325133
966018,163.6,0.0,18.9,29.7,44.6,1080325133
966068,162.2,-27.8,7.0,44.6,44.6,1080313762
966118,162.2,0.0,17.3,14.9,44.6,1080313762
966168,160.1,-43.4,0.0,0.0,29.7,1080295973
966218,160.1,0.0,14.9,0.0,29.7,1080295973
966268,157.9,-42.4,0.0,0.0,29.7,1080278605
966318,156.8,-23.7,2.5,0.0,29.7,1080268905
966368,156.8,1.4,11.9,0.0,14.9,1080269488
966418,156.6,-5.0,9.2,0.0,14.9,1080267438
966468,155.8,-15.5,4.4,0.0,0.0,1080261088
966518,155.9,1.1,10.7,0.0,0.0,1080261558
966568,155.6,-5.2,8.0,0.0,0.0,1080259430
966618,156.0,8.4,13.5,0.0,0.0,1080262855
966668,155.7,-6.1,7.8,0.0,0.0,1080260338
966718,154.9,-16.3,3.1,0.0,0.0,1080253660
966768,154.6,-5.4,6.9,0.0,0.0,1080251444
966818,154.4,-3.8,7.3,0.0,0.0,1080249892
966868,153.7,-14.7,2.4,0.0,0.0,1080243891
966918,154.7,19.7,16.3,0.0,0.0,1080251978
966968,153.9,-16.2,2.0,0.0,0.0,1080245351
967018,153.9,0.7,8.3,0.0,0.0,1080245627
967068,153.6,-5.5,5.7,0.0,0.0,1080243363
967118,153.8,2.1,8.7,0.0,0.0,1080244235
967168,154.4,13.5,13.7,0.0,0.0,1080249761
967218,154.6,3.4,10.1,0.0,0.0,1080251172
967268,154.4,-3.6,7.3,0.0,0.0,1080249702
967318,154.3,-2.5,7.6,0.0,0.0,1080248673
967368,154.8,10.2,12.9,0.0,0.0,1080252868
967418,154.3,-10.8,4.4,0.0,0.0,1080248431
967468,154.8,10.4,12.9,0.0,0.0,1080252699
967518,154.8,1.3,9.6,0.0,0.0,1080253228
967568,155.2,6.9,12.1,0.0,0.0,1080256056
967618,155.4,4.8,11.6,0.0,0.0,1080258036
967668,155.0,-8.6,6.1,0.0,0.0,1080254507
967718,155.0,-0.0,9.3,0.0,0.0,1080254494
967768,154.4,-12.0,4.2,0.0,0.0,1080249569
967818,154.0,-8.4,5.0,0.0,0.0,1080246122
967868,154.0,0.1,8.2,0.0,0.0,1080246167
967918,154.3,6.1,10.7,0.0,0.0,1080248656
967968,154.2,-1.7,7.7,0.0,14.9,1080247941
968018,153.8,-7.2,5.3,0.0,29.7,1080244982
968068,153.9,0.9,8.4,0.0,14.9,1080245369
968118,154.2,6.7,10.9,0.0,29.7,1080248097
968168,153.9,-7.3,5.3,0.0,0.0,1080245092
968218,154.2,6.9,10.9,0.0,0.0,1080247904
968268,153.8,-7.2,5.3,0.0,0.0,1080244956
968318,153.9,1.0,8.4,0.0,0.0,1080245351
968368,153.6,-5.3,5.8,0.0,0.0,1080243170
968418,153.4,-3.7,6.2,0.0,0.0,1080241643
968468,153.3,-2.6,6.4,0.0,0.0,1080240574
968518,154.1,16.2,14.3,0.0,0.0,1080247198
968568,154.4,5.3,10.6,0.0,0.0,1080249378
968618,154.9,9.7,12.7,59.4,0.0,1080253361
968668,155.5,12.8,14.6,44.6,0.0,1080258607
968718,156.0,9.0,13.7,44.6,0.0,1080262279
968768,155.4,-11.7,5.3,29.7,0.0,1080257477
968818,155.0,-8.2,6.2,14.9,0.0,1080254115
968868,155.6,12.3,14.5,44.6,0.0,1080259135
968918,155.7,2.6,11.0,14.9,0.0,1080260191
968968,156.1,7.8,13.4,29.7,0.0,1080263388
969018,157.0,17.5,18.0,29.7,0.0,1080270541
969068,157.3,6.2,14.1,29.7,0.0,1080273091
969118,158.7,28.4,23.9,29.7,0.0,1080284706
969168,159.4,13.9,19.3,29.7,14.9,1080290379
969218,160.2,15.7,20.9,14.9,74.3,1080296807
969268,160.7,11.0,19.7,44.6,59.4,1080301307
969318,160.5,-4.3,13.8,44.6,44.6,1080299542
969368,160.4,-3.0,14.1,44.6,44.6,1080298307
969418,160.2,-2.1,14.3,44.6,44.6,1080297442
969468,159.9,-7.5,11.9,29.7,29.7,1080294379
969518,160.5,12.8,20.2,29.7,44.6,1080299607
969568,161.0,8.9,19.2,29.7,44.6,1080303267
969618,162.5,30.3,28.8,29.7,44.6,1080315660
969668,163.2,15.2,24.1,44.6,59.4,1080321877
969718,163.5,4.6,20.4,44.6,59.4,1080323771
969768,164.2,15.2,25.2,44.6,59.4,1080330013
969818,164.2,-1.3,19.0,44.6,44.6,1080329466
969868,164.4,5.1,21.6,14.9,44.6,1080331541
969918,164.0,-8.5,16.2,0.0,44.6,1080328079
969968,164.3,6.1,21.9,0.0,0.0,1080330570
970018,166.0,34.3,34.3,0.0,0.0,1080344602
970068,166.9,18.0,29.2,0.0,0.0,1080351967
970118,168.1,24.6,33.0,0.0,0.0,1080362038
970168,170.2,41.2,41.5,0.0,0.0,1080378917
970218,172.8,52.8,48.8,0.0,0.0,1080400564
970268,173.5,13.0,34.7,0.0,0.0,1080405886
970318,174.8,27.1,41.4,0.0,0.0,1080416984
970368,177.0,43.0,49.7,0.0,0.0,1080434583
970418,178.8,36.1,49.2,29.7,44.6,1080449360
970468,180.4,31.3,49.1,89.1,59.4,1080462161
970518,182.0,33.9,52.0,59.4,74.3,1080476038
970568,182.6,11.7,44.4,44.6,59.4,1080480836
970618,184.2,32.2,53.8,44.6,59.4,1080494025
970668,185.4,22.5,51.5,44.6,59.4,1080503257
970718,187.4,39.8,60.1,74.3,59.4,1080519550
970768,188.2,15.8,52.1,44.6,59.4,1080526040
970818,187.8,-6.9,43.3,59.4,59.4,1080523211
970868,188.2,7.2,48.9,59.4,29.7,1080526145
970918,187.8,-7.0,43.2,44.6,59.4,1080523284
970968,188.8,19.1,54.0,59.4,59.4,1080531111
971018,189.7,19.4,55.2,44.6,44.6,1080539048
971068,191.0,25.6,58.9,44.6,59.4,1080549519
971118,191.3,5.9,51.9,44.6,44.6,1080551934
971168,191.8,10.1,54.1,59.4,74.3,1080556081
971218,192.8,19.1,58.4,44.6,59.4,1080563900
971268,194.0,25.4,62.2,74.3,59.4,1080574288
971318,196.1,41.8,70.6,59.4,59.4,1080591390
971368,197.3,23.2,65.0,74.3,59.4,1080600904
971418,197.8,10.3,60.8,74.3,74.3,1080605107
971468,199.7,37.2,72.8,29.7,44.6,1080620336
971518,201.0,26.0,70.1,74.3,44.6,1080630997
971568,202.2,24.2,70.8,74.3,74.3,1080640917
971618,203.9,35.0,76.8,59.4,74.3,1080655234
971668,204.5,12.5,69.1,74.3,59.4,1080660340
971718,204.7,2.7,65.6,59.4,74.3,1080661457
971768,205.4,13.9,70.6,74.3,74.3,1080667154
971818,206.5,21.7,74.7,74.3,74.3,1080676058
971868,207.8,27.2,78.2,74.3,59.4,1080687205
971918,210.3,49.1,89.1,89.1,74.3,1080707296
971968,211.1,16.3,77.8,74.3,74.3,1080713987
972018,211.7,11.4,76.6,74.3,74.3,1080718671
972068,212.1,8.0,75.8,89.1,74.3,1080721950
972118,213.2,23.6,82.9,89.1,74.3,1080731617
972168,213.5,4.5,76.1,74.3,89.1,1080733470
972218,214.8,27.2,86.0,74.3,74.3,1080744597
972268,216.4,31.0,89.2,74.3,74.3,1080757301
972318,217.2,15.7,84.4,89.1,89.1,1080763736
972368,218.0,17.0,85.8,89.1,74.3,1080770698
972418,218.9,17.9,87.1,74.3,59.4,1080778029
972468,219.5,12.5,85.8,104.0,89.1,1080783161
972518,221.5,38.8,97.7,74.3,104.0,1080799042
972568,223.1,33.1,97.5,89.1,89.1,1080812615
972618,224.3,23.2,95.1,89.1,89.1,1080822117
972668,224.8,10.2,90.8,104.0,89.1,1080826311
972718,226.4,31.2,100.3,74.3,74.3,1080839076
972768,226.4,0.0,88.8,104.0,74.3,1080839076
972818,229.0,51.8,110.9,89.1,118.8,1080860301
972868,229.0,0.0,91.7,89.1,89.1,1080860301
972918,229.9,18.3,99.5,104.0,104.0,1080867785
972968,229.9,0.0,92.7,89.1,89.1,1080867785
973018,232.9,60.8,118.6,104.0,89.1,1080892684
973068,232.9,0.0,96.1,104.0,104.0,1080892684
973118,235.9,60.6,121.9,104.0,118.8,1080917487
973168,235.9,0.0,99.4,89.1,104.0,1080917487
973218,238.4,48.4,120.1,104.0,104.0,1080937306
973268,240.0,33.9,116.6,118.8,104.0,1080951180
973318,241.8,35.7,119.3,104.0,118.8,1080965807
973368,243.1,25.0,116.7,118.8,118.8,1080976045
973418,244.6,29.5,120.0,104.0,104.0,1080988128
973468,246.8,44.6,128.1,104.0,118.8,1081006416
973518,247.5,13.3,117.2,133.7,133.7,1081011844
973568,248.2,15.3,118.8,118.8,104.0,1081018102
973618,248.8,10.7,117.7,104.0,118.8,1081022483
973668,249.1,7.5,116.9,104.0,118.8,1081025549
973718,250.0,17.2,121.5,118.8,118.8,1081032610
973768,251.2,24.1,125.4,133.7,104.0,1081042469
973818,253.2,40.8,133.9,118.8,133.7,1081059200
973868,254.1,16.6,125.8,104.0,118.8,1081065997
973918,254.6,11.6,124.6,133.7,133.7,1081070754
973968,255.4,14.1,126.3,133.7,133.7,1081076542
974018,255.8,9.9,125.3,118.8,118.8,1081080594
974068,255.0,-17.1,114.3,104.0,104.0,1081073600
974118,255.0,0.0,120.7,118.8,133.7,1081073619
974168,256.2,24.0,130.9,118.8,118.8,1081082659
974218,257.0,16.8,129.2,133.7,118.8,1081086104
974268,257.6,11.8,128.0,133.7,118.8,1081088516
974318,258.6,20.2,132.2,118.8,133.7,1081092662
974368,259.0,8.2,128.2,133.7,133.7,1081094335
974418,259.6,11.7,130.2,118.8,118.8,1081096735
974468,260.6,20.2,134.5,133.7,133.7,1081100873
974518,261.7,20.1,135.6,133.7,118.8,1081104998
974568,262.1,8.1,131.5,148.5,148.5,1081106657
974618,262.0,-0.3,128.4,118.8,133.7,1081106589
974668,262.0,-0.2,128.4,133.7,118.8,1081106542
974718,262.6,11.8,133.5,118.8,118.8,1081108967
974768,262.4,-3.7,127.6,133.7,148.5,1081108206
974818,263.2,15.4,135.5,148.5,118.8,1081111360
974868,263.7,10.8,134.4,118.8,133.7,1081113568
974918,263.8,1.5,131.1,133.7,133.7,1081113885
974968,262.7,-22.9,120.7,133.7,133.7,1081109191
975018,263.7,20.0,137.7,118.8,133.7,1081113279
975068,265.0,26.0,141.4,133.7,118.8,1081118597
975118,264.4,-11.8,126.7,133.7,133.7,1081116176
975168,264.6,3.7,132.7,148.5,133.7,1081116939
975218,265.9,26.6,142.7,118.8,133.7,1081122389
975268,265.9,0.6,133.1,133.7,133.7,1081122517
975318,266.5,12.4,138.1,148.5,133.7,1081125064
975368,267.6,20.7,142.4,133.7,133.7,1081129305
975418,268.6,20.5,143.4,133.7,133.7,1081133502
975468,268.4,-3.7,134.3,148.5,148.5,1081132754
975518,267.4,-20.6,126.8,133.7,148.5,1081128543
975568,268.2,15.6,141.1,133.7,133.7,1081131740
975618,269.0,16.9,142.6,118.8,104.0,1081135207
975668,270.2,23.8,146.5,163.4,148.5,1081140091
975718,270.8,10.7,142.2,148.5,148.5,1081142281
975768,270.8,1.5,138.8,133.7,133.7,1081142586
975818,271.5,13.0,143.9,118.8,148.5,1081145256
975868,272.8,27.1,150.6,163.4,118.8,1081150812
975918,272.0,-17.0,133.3,148.5,148.5,1081147328
975968,271.7,-5.9,137.1,118.8,163.4,1081146118
976018,272.4,13.9,145.2,148.5,118.8,1081148958
976068,272.3,-2.3,139.0,133.7,133.7,1081148488
976118,273.7,28.4,152.0,133.7,148.5,1081154303
976168,274.4,13.9,147.4,148.5,148.5,1081157145
976218,273.1,-26.3,131.0,148.5,148.5,1081151761
976268,273.0,-0.4,140.6,133.7,133.7,1081151679
976318,272.4,-12.3,135.5,133.7,133.7,1081149164
976368,273.2,15.4,146.7,133.7,163.4,1081152319
976418,274.9,34.8,155.8,148.5,133.7,1081159442
976468,274.7,-5.7,140.5,148.5,148.5,1081158285
976518,275.4,14.0,148.6,133.7,148.5,1081161161
976568,274.7,-14.2,137.3,148.5,148.5,1081158259
976618,273.9,-15.9,135.8,148.5,133.7,1081154999
976668,273.6,-5.1,139.5,133.7,133.7,1081153945
976718,275.2,32.4,155.2,133.7,133.7,1081160581
976768,276.1,16.7,150.3,163.4,163.4,1081163997
976818,276.3,5.7,146.5,148.5,148.5,1081165159
976868,276.8,10.0,148.7,133.7,133.7,1081167202
976918,278.4,31.0,158.2,148.5,148.5,1081173547
976968,279.5,21.7,156.0,163.4,163.4,1081177988
977018,278.1,-26.8,136.5,148.5,163.4,1081172496
977068,278.7,11.2,151.2,148.5,133.7,1081174795
977118,279.4,13.9,153.0,148.5,133.7,1081177633
977168,280.2,15.7,154.5,148.5,148.5,1081180849
977218,280.1,-1.0,148.3,148.5,163.4,1081180642
977268,279.5,-12.7,143.2,148.5,148.5,1081178040
977318,279.6,3.1,149.3,148.5,133.7,1081178676
977368,279.4,-3.8,146.5,148.5,133.7,1081177892
977418,279.3,-2.7,146.8,148.5,163.4,1081177343
977468,279.5,4.1,149.5,133.7,163.4,1081178188
977518,281.2,32.9,162.0,148.5,133.7,1081184924
977568,282.6,29.0,162.2,163.4,148.5,1081190867
977618,282.1,-9.7,147.3,163.4,163.4,1081188884
977668,280.9,-24.8,140.3,148.5,163.4,1081183809
977718,280.6,-5.3,147.2,133.7,148.5,1081182714
977768,281.3,14.3,155.3,148.5,133.7,1081185634
977818,280.3,-20.0,141.5,163.4,163.4,1081181534
977868,282.0,34.0,163.4,133.7,148.5,1081188495
977918,283.2,23.8,160.9,163.4,133.7,1081193367
977968,283.5,4.7,154.1,148.5,163.4,1081194320
978018,283.6,3.3,153.8,163.4,148.5,1081194987
978068,284.6,20.3,161.2,163.4,163.4,1081199140
978118,285.9,26.2,164.9,148.5,148.5,1081204505
978168,287.8,36.3,170.6,163.4,148.5,1081211947
978218,288.1,7.4,160.3,178.2,163.4,1081213470
978268,288.1,-0.8,157.2,148.5,178.2,1081213307
978318,290.5,47.4,177.8,148.5,148.5,1081223024
978368,291.2,15.2,166.7,178.2,163.4,1081226139
978418,292.1,16.6,168.1,163.4,178.2,1081229548
978468,293.8,35.7,177.2,148.5,163.4,1081236850
978518,293.3,-11.0,159.2,178.2,163.4,1081234589
978568,293.2,-1.7,162.6,178.2,163.4,1081234234
978618,293.7,10.8,167.8,148.5,178.2,1081236444
978668,293.8,1.6,164.5,178.2,163.4,1081236762
978718,293.6,-4.9,161.8,163.4,148.5,1081235756
978768,294.0,8.6,167.3,148.5,178.2,1081237509
978818,295.2,24.0,174.4,178.2,163.4,1081242422
978868,297.8,52.8,188.0,178.2,163.4,1081253235
978918,298.5,13.0,173.9,163.4,178.2,1081255888
978968,298.6,3.1,170.4,178.2,178.2,1081256517
979018,299.0,8.1,172.8,178.2,178.2,1081258186
979068,299.3,5.7,172.2,163.4,163.4,1081259354
979118,301.0,34.0,184.6,163.4,163.4,1081266316
979168,301.3,5.8,174.4,193.1,178.2,1081267502
979218,302.4,22.1,181.7,178.2,178.2,1081272019
979268,305.3,57.4,198.0,178.2,163.4,1081283783
979318,304.9,-7.8,173.4,178.2,193.1,1081282187
979368,304.9,0.5,176.5,193.1,193.1,1081282299
979418,305.3,6.4,179.0,163.4,163.4,1081283606
979468,307.9,52.5,199.0,163.4,178.2,1081294351
979518,309.4,30.7,192.7,207.9,193.1,1081300644
979568,309.3,-2.5,180.2,193.1,193.1,1081300134
979618,311.6,46.3,200.9,163.4,178.2,1081309607
979668,312.3,14.4,189.9,207.9,193.1,1081312552
979718,312.3,0.0,184.5,163.4,163.4,1081312552
979768,314.0,34.1,199.1,207.9,222.8,1081319529
979818,314.0,0.0,186.4,178.2,178.2,1081319529
979868,317.6,71.8,217.1,207.9,193.1,1081334243
979918,317.6,0.0,190.4,178.2,193.1,1081334243
979968,320.4,56.3,214.4,222.8,207.9,1081345771
980018,320.4,0.0,193.5,178.2,178.2,1081345771
980068,319.4,-20.6,184.8,222.8,222.8,1081341553
980118,319.4,0.0,192.4,163.4,193.1,1081341553
980168,320.2,15.6,199.1,207.9,178.2,1081344745
980218,323.1,58.9,218.4,178.2,207.9,1081356809
980268,325.2,41.2,214.2,207.9,207.9,1081365254
980318,326.0,16.9,206.0,207.9,207.9,1081368708
980368,326.6,11.8,204.8,207.9,207.9,1081371126
980418,327.6,20.3,209.1,193.1,193.1,1081375276
980468,328.3,14.2,207.6,193.1,193.1,1081378181
980518,326.4,-38.1,186.1,222.8,222.8,1081370384
980568,326.9,9.4,204.2,207.9,193.1,1081372299
980618,327.5,12.5,206.1,178.2,178.2,1081374869
980668,327.4,-3.2,200.1,222.8,207.9,1081374209
980718,329.4,39.7,218.3,207.9,207.9,1081382350
980768,332.0,51.8,225.6,193.1,193.1,1081392963
980818,331.7,-5.7,203.9,222.8,237.6,1081391791
980868,332.4,14.0,212.0,207.9,207.9,1081394657
980918,332.0,-8.2,203.3,207.9,207.9,1081392976
980968,331.1,-17.7,198.8,207.9,193.1,1081389342
981018,332.8,35.6,220.6,193.1,207.9,1081396629
981068,334.7,36.9,223.1,222.8,207.9,1081404188
981118,334.2,-10.2,205.1,207.9,207.9,1081402106
981168,333.5,-13.1,203.3,207.9,222.8,1081399419
981218,335.8,44.8,227.3,207.9,207.9,1081408598
981268,337.0,25.4,221.5,222.8,193.1,1081413795
981318,338.5,29.8,224.8,222.8,237.6,1081419890
981368,336.0,-51.2,191.9,222.8,222.8,1081409411
981418,336.0,0.2,210.9,207.9,178.2,1081409448
981468,335.4,-11.9,205.8,178.2,222.8,1081407017
981518,337.7,45.7,229.7,207.9,207.9,1081416374
981568,336.9,-16.0,205.9,237.6,222.8,1081413094
981618,338.1,24.8,222.4,193.1,207.9,1081418170
981668,338.1,-0.6,213.0,222.8,222.8,1081418037
981718,337.8,-6.5,210.4,207.9,207.9,1081416716
981768,340.2,49.5,234.0,222.8,207.9,1081426850
981818,341.1,16.6,222.7,222.8,237.6,1081430257
981868,341.0,-0.4,216.4,222.8,222.8,1081430185
981918,340.7,-6.2,213.8,207.9,222.8,1081428905
981968,340.5,-4.4,214.3,222.8,207.9,1081428009
982018,340.7,2.9,217.2,222.8,207.9,1081428611
982068,341.1,8.1,219.5,207.9,222.8,1081430261
982118,341.6,11.6,221.5,222.8,207.9,1081432645
982168,341.4,-3.9,215.5,222.8,237.6,1081431856
982218,343.4,39.3,233.7,222.8,207.9,1081439906
982268,346.0,51.5,241.1,222.8,207.9,1081450456
982318,345.4,-11.9,216.9,222.8,237.6,1081448010
982368,348.6,63.6,248.5,237.6,222.8,1081461044
982418,348.4,-3.5,223.4,252.5,237.6,1081460337
982468,346.8,-32.4,210.9,207.9,222.8,1081453698
982518,348.0,25.3,233.7,207.9,222.8,1081458881
982568,350.1,41.7,242.1,237.6,222.8,1081467425
982618,350.1,-0.8,226.3,222.8,252.5,1081467261
982668,350.1,-0.6,226.3,237.6,222.8,1081467147
982718,353.3,65.6,254.6,207.9,237.6,1081480583
982768,350.5,-56.1,206.3,237.6,222.8,1081469099
982818,351.6,20.7,235.9,252.5,207.9,1081473349
982868,351.7,2.5,229.3,207.9,237.6,1081473866
982918,354.8,61.8,254.8,237.6,237.6,1081486515
982968,354.6,-4.8,229.8,237.6,237.6,1081485540
983018,354.1,-9.3,227.6,237.6,237.6,1081483628
983068,357.1,59.5,256.4,237.6,237.6,1081495807
983118,355.5,-30.4,221.4,252.5,237.6,1081489586
983168,353.3,-45.3,213.3,222.8,222.8,1081480317
983218,352.9,-7.7,226.9,207.9,222.8,1081478743
983268,352.0,-17.4,222.3,222.8,222.8,1081475184
983318,355.9,77.8,262.0,237.6,237.6,1081491125
983368,356.8,18.5,241.0,237.6,237.6,1081494910
983418,359.6,54.9,257.6,237.6,252.5,1081506162
983468,361.8,44.5,256.1,252.5,252.5,1081515267
983518,358.6,-64.9,211.9,252.5,252.5,1081501979
983568,360.5,38.6,252.5,222.8,207.9,1081509881
983618,361.5,21.0,247.1,237.6,237.6,1081514184
983668,356.9,-93.3,199.5,252.5,252.5,1081495078
983718,354.2,-53.3,211.4,222.8,207.9,1081484161
983768,350.9,-67.3,202.4,237.6,193.1,1081470375
983818,345.2,-113.1,179.1,237.6,222.8,1081447208
983868,340.9,-85.2,184.8,178.2,207.9,1081429762
983918,344.0,60.4,242.2,163.4,193.1,1081442126
983968,342.2,-35.7,204.5,237.6,222.8,1081434807
984018,341.5,-13.0,212.2,222.8,207.9,1081432140
984068,341.7,2.9,218.3,222.8,207.9,1081432732
984118,340.3,-28.0,205.2,222.8,207.9,1081427002
984168,337.2,-61.6,189.3,207.9,222.8,1081414389
984218,336.8,-7.1,209.2,193.1,207.9,1081412933
984268,334.5,-47.0,191.8,193.1,193.1,1081403312
984318,336.7,45.1,228.5,193.1,207.9,1081412552
984368,336.5,-4.4,209.8,237.6,222.8,1081411647
984418,336.4,-3.1,210.1,222.8,222.8,1081411014
984468,334.2,-44.2,192.4,222.8,193.1,1081401969
984518,332.6,-30.9,195.6,193.1,207.9,1081395637
984568,333.0,8.4,210.7,207.9,193.1,1081397349
984618,333.6,11.9,212.6,193.1,222.8,1081399776
984668,333.4,-3.7,206.7,207.9,207.9,1081399018
984718,332.7,-14.6,201.8,222.8,207.9,1081396029
984768,332.8,1.8,208.0,193.1,207.9,1081396395
984818,332.0,-16.8,200.2,237.6,193.1,1081392964
984868,330.2,-35.7,191.1,222.8,207.9,1081385648
984918,329.8,-7.0,201.4,178.2,222.8,1081384212
984968,328.1,-34.9,189.1,178.2,178.2,1081377064
985018,327.8,-6.4,199.3,193.1,207.9,1081375746
985068,326.9,-16.5,194.7,207.9,193.1,1081372366
985118,324.8,-41.6,183.0,178.2,207.9,1081363856
985168,323.1,-35.1,183.5,193.1,178.2,1081356670
985218,323.4,5.4,198.8,193.1,178.2,1081357784
985268,324.5,21.8,206.1,193.1,207.9,1081362250
985318,324.0,-8.7,194.3,193.1,207.9,1081360462
985368,324.3,5.9,200.1,207.9,193.1,1081361667
985418,322.7,-31.9,184.3,193.1,207.9,1081355138
985468,321.9,-16.3,189.1,193.1,178.2,1081351796
985518,321.0,-17.4,187.7,178.2,193.1,1081348229
985568,321.9,17.8,201.8,193.1,193.1,1081351875
985618,319.5,-47.5,174.9,193.1,193.1,1081342140
985668,319.7,2.7,193.7,178.2,207.9,1081342698
985718,320.1,7.9,196.1,193.1,178.2,1081344317
985768,318.0,-42.5,175.0,193.1,193.1,1081335620
985818,316.8,-23.7,180.7,178.2,193.1,1081330761
985868,315.0,-34.6,174.7,178.2,193.1,1081323673
985918,314.1,-18.2,179.8,178.2,178.2,1081319941
985968,313.2,-18.8,178.5,178.2,178.2,1081316099
986018,313.4,4.9,187.6,178.2,163.4,1081317097
986068,312.4,-20.6,177.0,193.1,193.1,1081312879
986118,311.7,-14.4,178.4,193.1,193.1,1081309927
986168,309.7,-40.1,166.7,163.4,163.4,1081301717
986218,308.9,-16.1,174.7,178.2,178.2,1081298427
986268,307.7,-23.2,170.7,178.2,178.2,1081293667
986318,306.0,-34.3,164.7,178.2,178.2,1081286648
986368,306.3,6.0,180.0,178.2,163.4,1081287879
986418,306.2,-1.8,177.0,163.4,178.2,1081287512
986468,306.1,-1.3,177.2,193.1,193.1,1081287255
986518,304.9,-24.9,167.0,178.2,178.2,1081282160
986568,304.9,0.6,176.5,163.4,163.4,1081282280
986618,303.5,-29.6,163.6,178.2,178.2,1081276220
986668,300.9,-50.7,153.0,178.2,178.2,1081265834
986718,300.9,0.0,171.8,133.7,148.5,1081265834
986768,299.1,-35.5,156.7,207.9,178.2,1081258564
986818,299.1,0.0,169.8,148.5,178.2,1081258564
986868,297.3,-36.8,154.1,178.2,163.4,1081251017
986918,297.3,0.0,167.8,133.7,148.5,1081251017
986968,296.9,-7.8,164.5,193.1,193.1,1081249420
987018,296.9,0.0,167.3,148.5,148.5,1081249420
987068,293.0,-77.5,134.3,178.2,193.1,1081233557
987118,293.0,0.0,163.0,133.7,133.7,1081233557
987168,291.2,-36.2,147.6,178.2,163.4,1081226140
987218,290.0,-25.4,150.2,148.5,163.4,1081220947
987268,287.3,-53.7,136.7,148.5,148.5,1081209940
987318,286.6,-13.6,150.8,148.5,148.5,1081207150
987368,285.8,-15.5,149.2,148.5,148.5,1081203968
987418,284.7,-22.9,145.2,163.4,148.5,1081199283
987468,283.0,-34.0,139.2,133.7,148.5,1081192317
987518,282.4,-11.8,146.8,148.5,133.7,1081189899
987568,280.8,-32.3,137.4,148.5,148.5,1081183290
987618,280.2,-10.6,144.8,148.5,133.7,1081181122
987668,279.3,-19.4,140.5,148.5,148.5,1081177147
987718,277.4,-37.6,131.6,133.7,148.5,1081169449
987768,277.0,-8.3,142.1,148.5,118.8,1081167747
987818,275.2,-35.8,129.8,148.5,148.5,1081160412
987868,274.8,-7.1,140.1,133.7,148.5,1081158963
987918,274.0,-17.0,135.5,133.7,118.8,1081155492
987968,273.7,-5.9,139.3,148.5,148.5,1081154290
988018,271.7,-40.1,124.4,148.5,133.7,1081146077
988068,269.4,-46.1,119.6,104.0,148.5,1081136641
988118,268.1,-26.3,125.5,118.8,118.8,1081131264
988168,267.1,-18.4,127.4,148.5,133.7,1081127501
988218,265.6,-30.9,121.0,118.8,133.7,1081121180
988268,264.8,-15.6,125.8,133.7,118.8,1081117984
988318,264.9,1.1,132.1,133.7,133.7,1081118205
988368,262.8,-41.2,114.1,133.7,133.7,1081109758
988418,260.8,-40.9,111.9,118.8,133.7,1081101387
988468,259.9,-16.6,120.0,118.8,104.0,1081097985
988518,258.5,-29.6,113.5,118.8,133.7,1081091917
988568,257.1,-26.7,113.1,118.8,118.8,1081086441
988618,255.9,-24.7,112.5,118.8,118.8,1081080903
988668,255.9,0.7,121.9,104.0,104.0,1081081189
988718,253.2,-53.5,98.8,133.7,133.7,1081059270
988768,252.9,-7.5,115.5,104.0,104.0,1081056215
988818,252.0,-17.2,110.9,118.8,118.8,1081049162
988868,250.5,-30.1,104.5,118.8,118.8,1081036852
988918,248.9,-33.0,101.6,104.0,104.0,1081023319
988968,247.4,-29.1,101.4,104.0,104.0,1081011389
989018,246.1,-26.4,100.9,118.8,118.8,1081000580
989068,245.5,-12.5,105.4,104.0,104.0,1080995472
989118,243.2,-44.7,90.9,104.0,104.0,1080977150
989168,242.0,-25.3,96.7,104.0,104.0,1080966782
989218,239.6,-47.7,85.8,89.1,89.1,1080947237
989268,238.5,-21.4,94.3,104.0,104.0,1080938471
989318,237.1,-27.0,90.8,104.0,89.1,1080927419
989368,236.2,-18.9,92.7,104.0,104.0,1080919683
989418,234.6,-31.2,86.4,104.0,89.1,1080906895
989468,233.8,-15.9,91.2,89.1,89.1,1080900400
989518,233.6,-5.1,94.9,74.3,89.1,1080898312
989568,231.9,-33.6,82.5,104.0,104.0,1080884562
989618,230.1,-35.5,79.8,89.1,104.0,1080870022
989668,228.9,-24.8,82.4,89.1,74.3,1080859844
989718,228.3,-11.4,86.7,74.3,89.1,1080855177
989768,227.3,-20.0,82.4,104.0,89.1,1080846995
989818,225.4,-38.0,73.6,89.1,89.1,1080831437
989868,222.9,-50.6,66.1,59.4,74.3,1080810716
989918,222.3,-11.4,80.0,59.4,89.1,1080806042
989968,221.9,-8.0,80.9,89.1,74.3,1080802770
990018,219.9,-41.6,66.1,89.1,89.1,1080785734
990068,217.5,-47.1,61.4,74.3,74.3,1080766436
990118,216.1,-27.0,67.4,59.4,59.4,1080755385
990168,214.9,-24.9,66.8,74.3,74.3,1080745192
990218,212.8,-41.4,58.3,74.3,59.4,1080728226
990268,210.5,-47.0,53.6,44.6,74.3,1080708977
990318,209.4,-20.9,62.2,59.4,74.3,1080700418
990368,207.5,-38.6,53.4,74.3,59.4,1080684597
990418,207.4,-3.0,66.5,59.4,59.4,1080683352
990468,205.1,-44.1,48.8,74.3,74.3,1080665278
990518,202.4,-54.9,41.7,59.4,59.4,1080642795
990568,200.8,-32.4,48.2,59.4,44.6,1080629515
990618,199.3,-28.7,48.0,44.6,44.6,1080617761
990668,197.7,-32.1,45.0,59.4,59.4,1080604618
990718,196.6,-22.5,47.3,44.6,59.4,1080595418
990768,194.6,-39.7,38.7,44.6,59.4,1080579148
990818,193.8,-15.8,46.7,59.4,59.4,1080572674
990868,191.8,-41.1,35.0,44.6,44.6,1080555854
990918,190.7,-22.7,40.5,44.6,44.6,1080546538
990968,189.9,-15.9,42.2,44.6,44.6,1080540016
991018,188.1,-35.1,33.1,59.4,44.6,1080525621
991068,187.2,-18.6,38.2,59.4,29.7,1080518002
991118,185.9,-25.0,34.4,44.6,44.6,1080507753
991168,184.7,-23.5,33.7,59.4,44.6,1080498121
991218,183.3,-28.5,30.3,44.6,44.6,1080486464
991268,181.7,-31.9,27.2,44.6,44.6,1080473389
991318,180.3,-28.3,26.9,29.7,59.4,1080461778
991368,179.6,-13.8,31.6,44.6,44.6,1080456109
991418,177.9,-33.7,22.3,44.6,59.4,1080442310
991468,177.1,-17.6,27.3,44.6,44.6,1080435108
991518,175.2,-36.3,18.3,59.4,44.6,1080420236
991568,175.5,4.6,33.8,14.9,29.7,1080422114
991618,174.1,-26.8,20.6,0.0,0.0,1080411141
991668,173.8,-6.8,27.7,0.0,0.0,1080408374
991718,172.7,-22.7,20.5,0.0,0.0,1080399065
991768,172.8,2.1,29.8,0.0,0.0,1080399921
991818,171.9,-16.5,22.0,0.0,0.0,1080393148
991868,172.9,18.4,36.0,0.0,0.0,1080400695
991918,172.9,0.9,29.5,0.0,0.0,1080401062
991968,172.0,-17.4,21.8,0.0,0.0,1080393947
992018,172.0,-0.2,28.2,0.0,0.0,1080393881
992068,171.4,-12.1,23.1,0.0,0.0,1080388920
992118,171.3,-2.5,26.5,0.0,0.0,1080387904
992168,170.9,-7.7,24.1,0.0,0.0,1080384736
992218,171.5,12.6,32.4,0.0,0.0,1080389891
992268,170.8,-15.2,21.2,14.9,0.0,1080383669
992318,170.5,-4.6,24.9,59.4,0.0,1080381772
992368,169.8,-15.2,20.1,59.4,0.0,1080375528
992418,170.4,13.3,31.4,29.7,0.0,1080380988
992468,170.6,3.3,27.9,59.4,0.0,1080382352
992518,170.4,-3.7,25.1,44.6,59.4,1080380850
992568,169.4,-20.6,17.7,44.6,59.4,1080372425
992618,169.3,-2.4,24.3,29.7,44.6,1080371443
992668,167.4,-37.7,9.1,44.6,29.7,1080356010
992718,165.8,-32.4,9.3,44.6,44.6,1080342749
992768,164.0,-34.7,6.5,29.7,44.6,1080328551
992818,163.1,-18.3,11.6,44.6,29.7,1080321071
992868,162.8,-6.8,15.4,29.7,44.6,1080318292
992918,162.6,-4.7,15.9,44.6,44.6,1080316346
992968,162.4,-3.3,16.3,44.6,44.6,1080314985
993018,161.1,-26.3,6.3,44.6,44.6,1080304201
993068,160.2,-18.4,8.2,-29.7,44.6,1080296653
993118,159.5,-12.9,9.5,14.9,44.6,1080291369
993168,158.2,-27.0,2.8,44.6,29.7,1080280297
993218,157.5,-12.9,7.3,0.0,44.6,1080275005
993268,155.9,-33.0,0.0,29.7,0.0,1080261470
993318,154.7,-23.1,0.4,0.0,0.0,1080251995
993368,154.5,-4.2,7.2,0.0,0.0,1080250278
993418,154.6,3.1,10.0,0.0,0.0,1080251534
993468,154.4,-3.9,7.2,0.0,0.0,1080249955
993518,154.3,-2.7,7.5,0.0,0.0,1080248850
993568,154.5,4.1,10.3,0.0,0.0,1080250534
993618,154.7,2.9,10.0,0.0,0.0,1080251713
993668,154.7,0.0,8.9,0.0,0.0,1080251713
993718,155.1,8.0,12.3,0.0,0.0,1080254996
993768,155.1,0.0,9.4,0.0,0.0,1080254996
993818,155.0,-0.4,9.2,0.0,0.0,1080254836
993868,155.0,0.0,9.3,0.0,0.0,1080254836
993918,153.5,-30.3,0.0,0.0,0.0,1080242436
993968,153.5,0.0,7.6,0.0,0.0,1080242436
994018,154.0,8.8,11.4,0.0,0.0,1080246044
994068,154.0,0.0,8.1,0.0,0.0,1080246044
994118,153.7,-5.8,5.6,0.0,0.0,1080243655
994168,153.8,1.9,8.6,0.0,0.0,1080244440
994218,153.8,1.3,8.5,0.0,0.0,1080244989
994268,153.3,-11.1,3.3,0.0,0.0,1080240459
994318,153.5,4.3,9.2,0.0,0.0,1080242203
994368,154.6,21.0,16.6,0.0,0.0,1080250796
994418,153.8,-15.3,2.2,0.0,0.0,1080244524
994468,152.7,-22.7,0.0,0.0,0.0,1080235218
994518,153.7,20.1,15.2,0.0,0.0,1080243449
994568,154.1,8.1,11.2,0.0,0.0,1080246753
994618,154.3,5.6,10.6,0.0,0.0,1080249066
994668,153.6,-14.0,2.6,0.0,0.0,1080243313
994718,153.4,-3.8,6.1,0.0,0.0,1080241743
994768,153.6,3.3,9.0,0.0,0.0,1080243101
994818,153.7,2.3,8.7,0.0,0.0,1080244052
994868,154.4,13.6,13.7,0.0,0.0,1080249633
994918,154.3,-2.5,7.6,0.0,0.0,1080248625
994968,153.6,-13.7,2.6,0.0,0.0,1080243004
995018,153.7,2.4,8.7,0.0,0.0,1080243984
995068,153.8,1.7,8.6,0.0,0.0,1080244670
995118,153.9,1.2,8.5,0.0,0.0,1080245151
995168,153.9,0.8,8.4,0.0,0.0,1080245487
995218,154.8,18.6,16.0,0.0,0.0,1080253095
995268,154.0,-17.0,1.8,0.0,0.0,1080246133
995318,153.7,-5.9,5.6,0.0,0.0,1080243717
995368,154.4,13.9,13.7,0.0,0.0,1080249399
995418,154.3,-2.3,7.6,0.0,0.0,1080248460
995468,155.1,16.4,15.5,0.0,0.0,1080255177
995518,155.1,-0.5,9.2,0.0,0.0,1080254963
995568,155.6,11.6,14.3,0.0,0.0,1080259728
995618,156.0,8.1,13.5,0.0,0.0,1080263064
995668,156.9,17.7,18.0,0.0,14.9,1080270314
995718,157.9,18.4,19.3,14.9,59.4,1080277847
995768,157.9,0.9,12.8,59.4,59.4,1080278205
995818,157.6,-5.4,10.2,59.4,44.6,1080275998
995868,157.7,2.2,13.2,44.6,59.4,1080276910
995918,158.7,19.6,20.7,59.4,44.6,1080284922
995968,159.4,13.7,19.3,59.4,44.6,1080290530
996018,159.6,3.6,15.7,44.6,44.6,1080291998
996068,159.4,-3.5,12.9,59.4,44.6,1080290568
996118,160.5,21.6,23.4,44.6,59.4,1080299398
996168,160.3,-2.9,14.1,44.6,44.6,1080298205
996218,159.3,-20.0,6.7,44.6,59.4,1080289998
996268,159.5,4.0,15.8,14.9,-14.9,1080291626
996318,160.9,26.8,25.8,0.0,29.7,1080302595
996368,160.0,-17.3,8.5,0.0,44.6,1080295529
996418,160.9,17.9,22.5,0.0,0.0,1080302870
996468,161.8,18.5,23.8,0.0,0.0,1080310466
996518,162.5,13.0,22.4,0.0,0.0,1080315784
996568,163.5,21.1,26.6,0.0,0.0,1080324421
996618,164.6,20.8,27.7,0.0,0.0,1080332925
996668,166.2,32.5,33.8,0.0,0.0,1080346251
996718,166.7,10.8,26.4,0.0,0.0,1080350663
996768,167.7,19.5,30.7,0.0,0.0,1080358667
996818,168.7,19.7,31.9,0.0,0.0,1080366728
996868,170.6,37.8,40.7,0.0,0.0,1080382201
996918,171.9,26.4,37.9,14.9,14.9,1080393032
996968,173.4,30.5,41.1,74.3,59.4,1080405528
997018,173.3,-2.6,28.7,74.3,74.3,1080404446
997068,174.1,16.1,36.6,44.6,44.6,1080411061
997118,174.1,-0.7,30.3,44.6,44.6,1080410776
997168,175.0,17.5,38.0,44.6,44.6,1080417949
997218,175.3,6.3,34.2,59.4,44.6,1080420513
997268,176.4,22.4,41.4,44.6,44.6,1080429681
997318,177.2,15.7,39.8,44.6,44.6,1080436098
997368,178.6,29.0,46.3,44.6,44.6,1080447963
997418,178.1,-9.7,31.4,44.6,44.6,1080443980
997468,178.1,-0.8,34.7,29.7,44.6,1080443650
997518,178.7,11.4,39.9,44.6,44.6,1080448334
997568,180.6,38.0,51.9,59.4,44.6,1080463901
997618,182.5,38.6,54.2,29.7,44.6,1080479713
997668,183.2,15.0,46.3,59.4,44.6,1080485866
997718,184.4,22.5,50.4,59.4,44.6,1080495089
997768,184.9,9.8,46.2,44.6,44.6,1080499087
997818,185.5,12.8,48.0,44.6,44.6,1080504343
997868,185.7,3.0,44.5,44.6,44.6,1080505565
997918,186.7,20.1,52.0,44.6,44.6,1080513793
997968,187.1,8.1,48.0,44.6,59.4,1080517095
998018,187.9,17.6,52.5,44.6,44.6,1080524321
998068,188.9,18.4,53.8,59.4,44.6,1080531838
998118,190.4,30.8,60.2,44.6,59.4,1080544472
998168,191.8,27.6,60.5,59.4,44.6,1080555773
998218,192.7,19.3,58.5,59.4,59.4,1080563684
998268,194.9,43.5,69.9,44.6,44.6,1080581510
998318,196.1,24.5,64.2,74.3,74.3,1080591531
998368,196.7,11.1,59.9,59.4,59.4,1080596087
998418,198.3,31.8,69.3,59.4,59.4,1080609107
998468,198.8,10.3,61.9,59.4,74.3,1080613306
998518,199.8,19.2,66.3,59.4,59.4,1080621161
998568,201.0,25.4,70.0,59.4,89.1,1080631574
998618,202.2,23.8,70.7,74.3,59.4,1080641321
998668,203.7,28.7,74.1,59.4,59.4,1080653059
998718,204.7,20.1,72.0,74.3,74.3,1080661275
998768,205.7,20.0,73.2,59.4,59.4,1080669485
998818,207.0,26.0,76.8,59.4,74.3,1080680146
998868,208.2,24.2,77.5,89.1,74.3,1080690067
998918,209.0,17.0,75.7,74.3,89.1,1080697012
998968,210.8,35.9,84.8,74.3,59.4,1080711703
999018,212.1,25.1,82.2,74.3,74.3,1080721987
999068,213.5,29.6,85.5,74.3,74.3,1080734101
999118,214.3,14.7,80.8,74.3,74.3,1080740124
999168,215.4,22.3,84.8,74.3,89.1,1080749254
999218,216.8,27.6,88.3,74.3,74.3,1080760561
999268,218.3,31.3,91.5,89.1,104.0,1080773391
999318,219.1,15.9,86.6,89.1,74.3,1080779914
999368,220.0,17.1,88.0,89.1,74.3,1080786938
999418,220.6,12.0,86.8,74.3,89.1,1080791855
999468,222.2,32.4,96.2,89.1,74.3,1080805127
999518,223.1,16.7,91.3,89.1,89.1,1080811960
999568,224.2,23.7,95.2,89.1,104.0,1080821658
999618,225.1,16.6,93.5,89.1,104.0,1080828447
999668,227.4,47.6,107.6,104.0,74.3,1080847945
999718,227.9,9.3,94.0,89.1,89.1,1080851763
999768,230.0,42.5,108.7,89.1,89.1,1080869181
999818,231.8,35.8,108.1,89.1,118.8,1080883832
999868,233.1,25.0,105.5,118.8,104.0,1080894087
999918,233.4,5.5,98.6,104.0,104.0,1080896350
999968,234.1,15.9,103.3,118.8,89.1,1080902850
1000018,236.2,41.1,115.0,74.3,89.1,1080919688
1000068,238.8,52.8,122.3,104.0,104.0,1080941304
1000118,239.8,18.9,110.8,133.7,118.8,1080949063
1000168,240.8,19.3,111.9,89.1,118.8,1080956952
1000218,242.0,25.5,115.7,118.8,104.0,1080967390
1000268,242.3,5.8,108.7,104.0,104.0,1080969781
1000318,242.8,10.1,110.8,118.8,118.8,1080973912
1000368,244.4,31.1,120.4,104.0,104.0,1080986634
1000418,246.4,39.7,125.8,104.0,118.8,1081002913
1000468,247.5,21.8,120.4,118.8,118.8,1081011850
1000518,248.5,21.3,121.3,133.7,104.0,1081020564
1000568,249.0,8.9,117.2,118.8,118.8,1081024206
1000618,249.0,0.0,113.9,89.1,104.0,1081024206
1000668,249.6,12.2,119.2,133.7,148.5,1081029213
1000718,249.6,0.0,114.6,118.8,89.1,1081029213
1000768,250.6,20.6,123.4,118.8,118.8,1081037633
1000818,250.6,0.0,115.8,118.8,118.8,1081037633
1000868,251.6,20.4,124.5,118.8,118.8,1081045984
1000918,251.6,0.0,116.9,104.0,118.8,1081045984
1000968,252.9,26.3,128.1,133.7,118.8,1081056746
1001018,252.9,0.0,118.4,118.8,104.0,1081056746
1001068,254.8,36.4,133.9,133.7,133.7,1081071651
1001118,255.7,19.5,128.7,104.0,133.7,1081079628
1001168,256.7,19.6,129.9,133.7,118.8,1081084762
1001218,258.6,37.7,138.7,133.7,118.8,1081092492
1001268,258.4,-3.6,123.1,118.8,148.5,1081091759
1001318,260.4,39.5,141.3,133.7,118.8,1081099847
1001368,260.6,3.6,128.2,133.7,118.8,1081100593
1001418,260.7,2.6,128.0,118.8,148.5,1081101116
1001468,261.1,7.8,130.3,133.7,118.8,1081102711
1001518,263.5,47.5,147.7,133.7,118.8,1081112429
1001568,263.3,-2.8,128.9,133.7,148.5,1081111858
1001618,263.5,4.1,131.7,133.7,133.7,1081112688
1001668,264.0,8.8,133.9,133.7,133.7,1081114497
1001718,264.3,6.2,133.3,118.8,118.8,1081115764
1001768,265.4,22.3,140.5,148.5,133.7,1081120337
1001818,265.9,9.6,136.4,133.7,148.5,1081122309
1001868,265.9,0.7,133.1,133.7,118.8,1081122461
1001918,265.3,-11.5,127.9,133.7,148.5,1081120110
1001968,266.4,22.0,141.6,118.8,118.8,1081124608
1002018,267.5,21.4,142.5,148.5,148.5,1081128986
1002068,268.0,9.0,138.4,133.7,133.7,1081130821
1002118,267.1,-17.7,127.5,148.5,133.7,1081127191
1002168,267.3,5.6,136.5,118.8,133.7,1081128336
1002218,268.4,21.9,143.8,148.5,133.7,1081132824
1002268,269.2,15.3,142.2,148.5,133.7,1081135965
1002318,267.6,-31.3,123.1,133.7,148.5,1081129563
1002368,268.4,14.1,140.8,118.8,133.7,1081132454
1002418,269.7,27.9,147.4,133.7,118.8,1081138164
1002468,269.5,-4.5,135.2,163.4,148.5,1081137246
1002518,270.0,8.9,140.6,133.7,133.7,1081139061
1002568,270.9,18.2,145.1,118.8,148.5,1081142789
1002618,271.8,18.7,146.4,148.5,133.7,1081146627
1002668,272.2,7.1,142.4,148.5,133.7,1081148085
1002718,271.8,-7.0,136.8,148.5,148.5,1081146648
1002768,271.9,1.1,139.9,118.8,133.7,1081146871
1002818,272.5,12.8,144.9,148.5,133.7,1081149485
1002868,273.6,20.9,149.1,148.5,133.7,1081153772
1002918,273.7,2.7,142.5,148.5,163.4,1081154316
1002968,273.2,-10.1,137.2,133.7,148.5,1081152238
1003018,272.5,-13.1,135.3,148.5,104.0,1081149555
1003068,273.6,20.8,149.1,133.7,148.5,1081153821
1003118,272.8,-15.4,134.8,133.7,148.5,1081150664
1003168,273.5,13.2,146.1,163.4,133.7,1081153368
1003218,273.3,-2.8,140.0,133.7,148.5,1081152804
1003268,274.4,22.1,150.5,133.7,148.5,1081157324
1003318,273.7,-14.6,136.1,148.5,148.5,1081154345
1003368,273.2,-10.2,137.1,148.5,148.5,1081152259
1003418,273.7,10.9,145.6,133.7,133.7,1081154485
1003468,274.1,7.6,144.8,133.7,133.7,1081156043
1003518,275.3,23.3,151.9,148.5,163.4,1081160821
1003568,274.3,-19.7,134.9,163.4,148.5,1081156792
1003618,273.6,-13.8,136.3,133.7,133.7,1081153972
1003668,274.6,20.4,150.1,133.7,133.7,1081158142
1003718,275.0,8.3,146.0,133.7,133.7,1081159832
1003768,274.1,-18.2,135.2,163.4,163.4,1081156100
1003818,273.2,-18.8,134.0,133.7,133.7,1081152258
1003868,273.7,10.9,145.6,133.7,133.7,1081154485
1003918,274.1,7.6,144.8,148.5,133.7,1081156043
1003968,274.4,5.3,144.2,133.7,163.4,1081157134
1004018,274.6,3.7,143.8,148.5,148.5,1081157898
1004068,275.9,26.6,153.8,148.5,133.7,1081163347
1004118,276.5,12.6,149.3,148.5,163.4,1081165933
1004168,276.4,-3.2,143.3,133.7,148.5,1081165286
1004218,276.9,9.8,148.6,148.5,148.5,1081167291
1004268,278.7,36.9,160.7,148.5,133.7,1081174838
1004318,280.0,25.8,158.1,148.5,148.5,1081180121
1004368,280.3,6.1,151.1,163.4,178.2,1081181361
1004418,279.9,-7.8,145.5,133.7,163.4,1081179772
1004468,280.2,6.6,151.2,163.4,118.8,1081181117
1004518,279.9,-7.4,145.6,133.7,148.5,1081179601
1004568,280.8,18.8,156.4,148.5,178.2,1081183455
1004618,281.8,19.2,157.6,148.5,133.7,1081187382
1004668,281.8,1.4,151.1,163.4,148.5,1081187673
1004718,282.5,13.0,156.1,148.5,148.5,1081190334
1004768,282.6,3.1,152.6,148.5,163.4,1081190968
1004818,283.0,8.2,154.9,148.5,148.5,1081192641
1004868,285.1,41.7,169.7,163.4,148.5,1081201184
1004918,285.1,-0.8,153.9,163.4,163.4,1081201021
1004968,285.4,5.4,156.5,163.4,163.4,1081202135
1005018,286.8,27.8,166.4,148.5,133.7,1081207831
1005068,287.4,13.5,161.8,148.5,163.4,1081210588
1005118,286.1,-26.6,145.4,163.4,178.2,1081205146
1005168,287.6,29.4,167.9,163.4,148.5,1081211167
1005218,288.6,20.6,165.7,148.5,133.7,1081215382
1005268,289.6,20.4,166.8,163.4,178.2,1081219561
1005318,290.3,14.3,165.3,163.4,178.2,1081222486
1005368,290.8,10.0,164.3,163.4,148.5,1081224534
1005418,292.4,31.0,173.8,163.4,163.4,1081230882
1005468,293.8,27.7,174.1,163.4,178.2,1081236555
1005518,294.4,13.4,169.6,178.2,163.4,1081239297
1005568,294.6,3.4,166.0,163.4,163.4,1081239988
1005618,294.4,-3.6,163.2,163.4,178.2,1081239243
1005668,294.6,3.5,166.1,163.4,148.5,1081239950
1005718,296.2,32.4,178.6,163.4,163.4,1081246589
1005768,296.8,10.7,171.1,163.4,178.2,1081248778
1005818,298.0,25.5,178.1,193.1,163.4,1081253997
1005868,298.3,5.8,171.1,163.4,178.2,1081255193
1005918,300.6,46.1,188.6,163.4,178.2,1081264632
1005968,301.3,14.3,177.6,193.1,163.4,1081267553
1006018,300.9,-8.0,168.9,178.2,193.1,1081265911
1006068,300.7,-5.6,169.4,163.4,163.4,1081264761
1006118,299.9,-15.9,164.7,178.2,163.4,1081261499
1006168,300.8,18.9,178.7,163.4,178.2,1081265360
1006218,300.3,-10.8,167.1,178.2,163.4,1081263147
1006268,303.2,58.4,196.0,178.2,178.2,1081275115
1006318,304.6,28.9,186.7,178.2,178.2,1081281035
1006368,306.2,32.2,189.7,193.1,193.1,1081287636
1006418,307.4,22.6,187.4,178.2,178.2,1081292257
1006468,307.6,3.8,180.6,193.1,178.2,1081293034
1006518,307.7,2.7,180.3,178.2,193.1,1081293578
1006568,309.0,25.9,190.4,178.2,163.4,1081298874
1006618,309.9,18.1,188.5,193.1,193.1,1081302581
1006668,311.4,30.7,194.9,178.2,193.1,1081308863
1006718,312.8,27.5,195.2,193.1,193.1,1081314489
1006768,314.4,31.2,198.4,178.2,178.2,1081320884
1006818,314.2,-2.1,185.9,193.1,207.9,1081320446
1006868,314.2,-1.5,186.0,178.2,193.1,1081320139
1006918,316.2,41.0,204.1,193.1,163.4,1081328526
1006968,319.2,58.7,213.9,193.1,207.9,1081340541
1007018,319.4,5.1,194.3,207.9,207.9,1081341579
1007068,319.6,3.5,193.9,193.1,193.1,1081342305
1007118,320.9,26.5,203.9,193.1,178.2,1081347728
1007168,321.5,12.5,199.4,207.9,193.1,1081350296
1007218,321.7,2.8,196.0,193.1,207.9,1081350865
1007268,321.8,1.9,195.8,193.1,207.9,1081351263
1007318,322.1,7.4,198.2,207.9,178.2,1081352770
1007368,321.8,-6.8,192.5,193.1,193.1,1081351368
1007418,323.1,25.2,205.8,193.1,207.9,1081356530
1007468,322.7,-6.4,193.8,193.1,207.9,1081355229
1007518,323.7,19.6,204.5,207.9,193.1,1081359233
1007568,323.7,0.0,197.2,163.4,163.4,1081359233
1007618,325.6,37.7,213.3,237.6,237.6,1081366951
1007668,325.6,0.0,199.3,178.2,193.1,1081366951
1007718,326.0,8.4,202.9,222.8,207.9,1081368667
1007768,326.0,0.0,199.8,178.2,178.2,1081368667
1007818,327.5,29.9,212.5,222.8,222.8,1081374784
1007868,327.5,0.0,201.4,193.1,193.1,1081374784
1007918,328.9,26.9,212.9,222.8,222.8,1081380294
1007968,328.9,0.0,202.9,178.2,178.2,1081380294
1008018,331.9,60.8,228.9,237.6,222.8,1081392753
1008068,332.5,12.6,211.7,207.9,222.8,1081395330
1008118,333.0,8.8,210.8,222.8,207.9,1081397134
1008168,333.6,12.2,212.7,207.9,193.1,1081399626
1008218,334.9,26.5,219.5,193.1,222.8,1081405056
1008268,334.3,-11.4,204.8,222.8,207.9,1081402714
1008318,335.7,28.0,221.0,222.8,207.9,1081408447
1008368,336.4,13.6,216.4,207.9,207.9,1081411231
1008418,337.8,27.5,223.1,207.9,222.8,1081416866
1008468,337.6,-4.7,210.9,222.8,207.9,1081415896
1008518,338.6,20.7,221.4,207.9,207.9,1081420132
1008568,339.6,20.5,222.5,222.8,207.9,1081424326
1008618,338.5,-21.7,205.7,207.9,237.6,1081419889
1008668,337.8,-15.2,207.2,222.8,207.9,1081416783
1008718,338.7,19.4,221.1,207.9,193.1,1081420753
1008768,339.4,13.6,219.7,193.1,222.8,1081423531
1008818,338.7,-14.5,208.5,237.6,222.8,1081420561
1008868,340.3,31.8,227.5,207.9,222.8,1081427084
1008918,341.1,16.3,222.6,207.9,207.9,1081430421
1008968,339.6,-30.6,203.5,237.6,222.8,1081424155
1009018,336.7,-57.4,190.3,193.1,207.9,1081412397
1009068,337.7,19.8,220.1,207.9,193.1,1081416454
1009118,338.4,13.9,218.7,207.9,222.8,1081419293
1009168,339.5,21.7,222.8,207.9,207.9,1081423739
1009218,340.2,15.2,221.2,222.8,237.6,1081426851
1009268,340.2,-1.4,215.0,237.6,207.9,1081426571
1009318,339.5,-13.0,210.0,207.9,222.8,1081423918
1009368,339.4,-3.1,213.5,193.1,207.9,1081423290
1009418,338.4,-20.1,206.0,237.6,222.8,1081419164
1009468,340.0,33.9,228.0,207.9,207.9,1081426106
1009518,341.5,29.7,228.1,207.9,222.8,1081432194
1009568,341.4,-3.2,215.7,237.6,222.8,1081431540
1009618,340.7,-14.2,210.8,222.8,222.8,1081428625
1009668,339.6,-22.0,206.7,193.1,207.9,1081424127
1009718,340.0,8.6,218.5,207.9,207.9,1081425894
1009768,340.9,18.0,223.0,237.6,222.8,1081429588
1009818,342.7,36.6,232.0,222.8,222.8,1081437089
1009868,340.4,-46.4,198.6,207.9,222.8,1081427594
1009918,338.8,-32.5,201.9,222.8,207.9,1081420948
1009968,339.2,7.3,217.1,193.1,207.9,1081422439
1010018,339.7,11.1,219.1,193.1,207.9,1081424712
1010068,341.0,25.8,226.0,237.6,237.6,1081429990
1010118,340.7,-6.0,213.9,222.8,207.9,1081428769
1010168,341.7,19.8,224.6,207.9,222.8,1081432829
1010218,343.0,25.9,228.3,237.6,207.9,1081438129
1010268,342.4,-11.9,213.6,222.8,222.8,1081435695
1010318,343.2,15.7,224.7,207.9,222.8,1081438906
1010368,341.9,-25.0,208.2,222.8,222.8,1081433782
1010418,342.2,6.5,220.2,222.8,207.9,1081435109
1010468,342.5,4.5,219.8,222.8,222.8,1081436039
1010518,342.6,3.2,219.5,207.9,222.8,1081436689
1010568,341.2,-27.8,206.4,222.8,222.8,1081431001
1010618,340.9,-7.4,213.5,222.8,207.9,1081429476
1010668,340.0,-17.2,209.0,193.1,207.9,1081425952
1010718,340.3,6.0,217.9,222.8,222.8,1081427171
1010768,340.5,4.2,217.5,207.9,207.9,1081428024
1010818,341.6,20.9,224.8,222.8,207.9,1081432308
1010868,341.7,2.6,218.2,222.8,237.6,1081432849
1010918,342.1,7.8,220.6,207.9,222.8,1081434457
1010968,342.7,11.5,222.6,222.8,207.9,1081436811
1011018,343.4,14.0,224.3,207.9,237.6,1081439687
1011068,343.6,3.8,220.7,237.6,207.9,1081440472
1011118,341.0,-51.3,197.4,207.9,222.8,1081429962
1011168,340.1,-17.9,208.8,207.9,207.9,1081426292
1011218,338.6,-30.5,202.4,207.9,207.9,1081420036
1011268,338.7,2.6,214.9,207.9,207.9,1081420572
1011318,339.1,7.8,217.2,207.9,222.8,1081422177
1011368,338.8,-6.5,211.5,207.9,207.9,1081420842
1011418,337.6,-22.6,204.3,222.8,222.8,1081416221
1011468,337.4,-3.8,211.1,207.9,207.9,1081415444
1011518,337.6,3.3,213.9,207.9,207.9,1081416129
1011568,339.5,38.3,229.1,207.9,193.1,1081423982
1011618,338.8,-15.2,208.3,237.6,222.8,1081420877
1011668,337.9,-16.6,206.9,207.9,222.8,1081417474
1011718,336.5,-29.6,200.4,207.9,207.9,1081411406
1011768,334.2,-44.7,192.3,207.9,193.1,1081402243
1011818,333.9,-7.3,205.8,207.9,207.9,1081400745
1011868,333.0,-17.1,201.2,193.1,193.1,1081397238
1011918,332.4,-12.0,202.4,207.9,207.9,1081394783
1011968,332.3,-2.4,205.9,222.8,222.8,1081394294
1012018,332.2,-1.7,206.0,193.1,193.1,1081393951
1012068,332.7,10.8,211.3,207.9,193.1,1081396169
1012118,331.0,-34.4,192.6,207.9,222.8,1081389120
1012168,332.2,23.9,215.5,207.9,193.1,1081394016
1012218,330.9,-25.3,195.9,193.1,207.9,1081388841
1012268,329.5,-29.7,192.6,222.8,207.9,1081382761
1012318,329.3,-2.8,202.4,193.1,193.1,1081382192
1012368,327.7,-31.9,189.8,193.1,207.9,1081375650
1012418,327.2,-10.4,197.2,193.1,193.1,1081373527
1012468,327.4,4.7,203.1,207.9,193.1,1081374499
1012518,326.1,-26.7,190.0,207.9,207.9,1081369036
1012568,324.3,-36.7,184.2,193.1,207.9,1081361525
1012618,323.9,-7.7,194.6,178.2,178.2,1081359954
1012668,322.4,-29.4,184.9,207.9,193.1,1081353939
1012718,320.8,-32.6,181.9,178.2,207.9,1081347271
1012768,319.1,-34.8,179.1,193.1,178.2,1081340145
1012818,318.4,-12.4,186.7,178.2,178.2,1081337615
1012868,316.2,-44.6,172.3,193.1,193.1,1081328471
1012918,315.8,-7.3,185.7,193.1,178.2,1081326986
1012968,316.5,12.9,194.0,178.2,193.1,1081329632
1013018,315.4,-21.0,180.2,178.2,193.1,1081325341
1013068,316.2,15.3,194.5,193.1,178.2,1081328481
1013118,313.1,-61.3,162.7,193.1,193.1,1081315933
1013168,311.3,-36.9,169.7,163.4,193.1,1081308379
1013218,309.7,-31.8,169.8,178.2,163.4,1081301862
1013268,309.8,1.7,182.3,163.4,163.4,1081302215
1013318,309.0,-16.8,174.5,178.2,193.1,1081298776
1013368,309.3,6.2,183.4,178.2,193.1,1081300055
1013418,308.6,-13.6,175.3,178.2,178.2,1081297264
1013468,308.7,2.5,181.4,178.2,163.4,1081297768
1013518,307.9,-16.3,173.5,193.1,178.2,1081294434
1013568,307.0,-17.4,172.2,178.2,178.2,1081290872
1013618,304.9,-42.2,160.6,163.4,163.4,1081282234
1013668,303.4,-29.5,163.7,178.2,178.2,1081276188
1013718,303.0,-8.7,170.9,163.4,163.4,1081274413
1013768,302.4,-12.1,169.0,178.2,163.4,1081271942
1013818,300.8,-32.4,159.6,178.2,193.1,1081265297
1013868,298.7,-40.7,154.3,163.4,163.4,1081256959
1013918,298.5,-4.5,167.5,163.4,148.5,1081256037
1013968,296.0,-51.1,147.3,178.2,163.4,1081245562
1014018,295.1,-17.8,158.7,148.5,163.4,1081241916
1014068,293.6,-30.5,152.3,163.4,163.4,1081235677
1014118,292.2,-27.3,151.9,148.5,148.5,1081230081
1014168,291.5,-13.1,156.5,163.4,163.4,1081227392
1014218,291.1,-9.2,157.4,163.4,163.4,1081225511
1014268,290.5,-12.4,155.5,148.5,148.5,1081222964
1014318,288.2,-44.7,141.1,163.4,163.4,1081213809
1014368,287.3,-19.3,149.4,163.4,148.5,1081209858
1014418,287.3,0.0,156.6,118.8,148.5,1081209858
1014468,284.8,-49.5,135.5,193.1,178.2,1081199720
1014518,284.8,0.0,153.8,133.7,118.8,1081199720
1014568,283.0,-34.7,139.0,148.5,163.4,1081192623
1014618,283.0,0.0,151.9,133.7,148.5,1081192623
1014668,281.5,-30.3,139.0,178.2,163.4,1081186426
1014718,281.5,0.0,150.2,118.8,133.7,1081186426
1014768,279.0,-51.2,128.4,163.4,148.5,1081175945
1014818,279.0,0.0,147.4,133.7,148.5,1081175945
1014868,276.9,-41.8,129.5,163.4,148.5,1081167379
1014918,273.3,-71.3,114.6,118.8,133.7,1081152781
1014968,272.3,-19.9,132.6,133.7,118.8,1081148707
1015018,271.9,-7.9,136.6,133.7,148.5,1081147083
1015068,270.7,-23.5,129.5,133.7,133.7,1081142261
1015118,270.5,-4.5,136.3,118.8,118.8,1081141342
1015168,268.9,-33.1,123.8,148.5,148.5,1081134555
1015218,267.1,-35.2,121.1,133.7,148.5,1081127347
1015268,266.5,-12.6,128.8,118.8,118.8,1081124759
1015318,265.7,-14.8,127.1,118.8,104.0,1081121718
1015368,262.8,-58.4,107.7,148.5,133.7,1081109759
1015418,262.3,-10.9,124.7,118.8,118.8,1081107532
1015468,260.1,-43.6,110.1,133.7,118.8,1081098600
1015518,260.7,11.5,131.2,118.8,118.8,1081100950
1015568,259.9,-16.0,120.2,104.0,133.7,1081097679
1015618,258.4,-29.2,113.6,133.7,104.0,1081091703
1015668,256.2,-44.4,105.5,133.7,118.8,1081082605
1015718,253.7,-49.1,101.0,104.0,118.8,1081063244
1015768,253.2,-10.4,114.8,104.0,118.8,1081058997
1015818,253.1,-1.3,118.1,104.0,104.0,1081058482
1015868,251.9,-24.9,108.0,118.8,118.8,1081048291
1015918,251.3,-11.4,112.3,133.7,118.8,1081043615
1015968,250.0,-26.0,105.5,104.0,118.8,1081032968
1016018,249.4,-12.2,109.9,89.1,104.0,1081027974
1016068,247.5,-38.5,98.0,118.8,118.8,1081012190
1016118,245.8,-33.0,98.2,118.8,118.8,1080998683
1016168,244.1,-35.1,95.5,89.1,89.1,1080984313
1016218,243.2,-18.6,100.6,104.0,104.0,1080976712
1016268,241.3,-37.0,91.7,89.1,104.0,1080961561
1016318,239.7,-31.9,91.8,89.1,104.0,1080948497
1016368,238.3,-28.3,91.6,104.0,89.1,1080936895
1016418,238.2,-1.8,101.3,104.0,104.0,1080936146
1016468,236.9,-25.3,91.2,89.1,89.1,1080925792
1016518,234.6,-47.7,80.2,118.8,104.0,1080906256
1016568,233.2,-27.4,86.2,89.1,89.1,1080895038
1016618,231.9,-25.2,85.6,74.3,89.1,1080884728
1016668,231.4,-11.6,90.0,89.1,74.3,1080879969
1016718,229.4,-38.1,78.0,89.1,104.0,1080864349
1016768,228.1,-26.7,80.8,104.0,89.1,1080853415
1016818,226.0,-42.7,72.5,74.3,74.3,1080835931
1016868,224.2,-35.9,73.0,89.1,89.1,1080821235
1016918,223.8,-7.1,83.3,74.3,74.3,1080818320
1016968,222.1,-35.0,71.0,89.1,89.1,1080803992
1017018,220.0,-42.5,65.9,74.3,74.3,1080786590
1017068,217.3,-53.7,58.7,89.1,74.3,1080764577
1017118,215.7,-31.6,65.1,59.4,74.3,1080751626
1017168,214.6,-22.1,67.4,74.3,59.4,1080742561
1017218,211.4,-63.5,48.5,74.3,74.3,1080716554
1017268,209.8,-32.4,58.3,59.4,74.3,1080703265
1017318,207.7,-40.7,52.9,59.4,59.4,1080686589
1017368,206.9,-16.5,61.0,59.4,44.6,1080679831
1017418,205.1,-35.5,51.9,59.4,74.3,1080665271
1017468,203.9,-24.9,54.5,59.4,59.4,1080655078
1017518,202.4,-29.4,51.2,74.3,59.4,1080643028
1017568,201.4,-20.6,53.3,59.4,59.4,1080634593
1017618,199.2,-44.4,42.0,44.6,59.4,1080616401
1017668,197.3,-37.1,42.7,59.4,59.4,1080601208
1017718,196.3,-20.0,47.9,59.4,44.6,1080593031
1017768,195.3,-20.0,46.8,29.7,59.4,1080584850
1017818,193.1,-44.0,35.4,59.4,44.6,1080566835
1017868,190.7,-48.8,30.9,44.6,44.6,1080546851
1017918,189.6,-22.2,39.6,44.6,44.6,1080537778
1017968,188.8,-15.5,41.2,44.6,44.6,1080531427
1018018,187.1,-34.9,32.1,29.7,44.6,1080517151
1018068,185.8,-24.4,34.6,59.4,59.4,1080507157
1018118,184.7,-23.1,33.8,44.6,44.6,1080497704
1018168,182.7,-40.2,25.2,44.6,44.6,1080481257
1018218,182.5,-4.1,38.4,59.4,59.4,1080479574
1018268,181.4,-20.9,31.0,59.4,44.6,1080471023
1018318,179.8,-32.6,24.8,59.4,44.6,1080457665
1018368,179.0,-16.8,29.7,44.6,44.6,1080450772
1018418,177.8,-23.8,25.8,44.6,44.6,1080441031
1018468,177.2,-10.6,30.1,44.6,29.7,1080436670
1018518,175.7,-31.5,20.6,44.6,44.6,1080423788
1018568,174.0,-34.0,17.8,44.6,44.6,1080409854
1018618,173.4,-11.8,25.4,44.6,44.6,1080405016
1018668,171.8,-32.3,16.0,44.6,44.6,1080391799
1018718,170.3,-28.6,15.7,-14.9,-44.6,1080380090
1018768,169.9,-8.0,22.9,29.7,29.7,1080376808
1018818,168.8,-23.6,15.8,44.6,29.7,1080367138
1018868,168.5,-4.5,22.7,-14.9,29.7,1080365285
1018918,168.4,-3.2,23.0,29.7,14.9,1080363987
1018968,168.0,-8.2,20.7,59.4,29.7,1080360621
1019018,166.2,-35.8,8.5,-14.9,29.7,1080345977
1019068,165.2,-19.0,13.6,29.7,14.9,1080338184
1019118,164.0,-25.3,9.9,44.6,29.7,1080327813
1019168,163.1,-17.7,11.7,-29.7,14.9,1080320554
1019218,163.3,5.6,20.7,29.7,0.0,1080322845
1019268,163.2,-2.1,17.7,44.6,29.7,1080321992
1019318,162.6,-13.5,12.7,-29.7,44.6,1080316479
1019368,162.1,-9.4,13.7,0.0,-29.7,1080312620
1019418,161.8,-6.6,14.4,0.0,14.9,1080309919
1019468,161.2,-10.6,12.3,0.0,44.6,1080305570
1019518,161.2,-1.4,15.6,0.0,-29.7,1080304984
1019568,161.7,11.0,20.8,0.0,14.9,1080309488
1019618,161.8,1.7,17.5,0.0,29.7,1080310184
1019668,161.3,-10.8,12.2,0.0,44.6,1080305756
1019718,160.6,-13.6,10.5,0.0,0.0,1080300199
1019768,161.3,14.5,21.7,0.0,0.0,1080306139
1019818,160.6,-13.8,10.4,0.0,0.0,1080300467
1019868,160.4,-3.7,14.0,0.0,0.0,1080298954
1019918,160.0,-8.6,11.7,0.0,0.0,1080295437
1019968,160.9,18.0,22.5,0.0,0.0,1080302806
1020018,161.5,12.6,21.2,0.0,0.0,1080307964
1020068,160.8,-15.2,10.1,0.0,0.0,1080301744
1020118,160.5,-4.6,13.7,0.0,0.0,1080299848
1020168,160.7,2.8,16.6,0.0,0.0,1080300978
1020218,161.1,7.9,19.0,0.0,0.0,1080304227
1020268,161.4,5.6,18.4,0.0,0.0,1080306501
1020318,160.9,-8.1,12.9,0.0,0.0,1080303178
1020368,161.0,0.3,16.0,0.0,0.0,1080303309
1020418,160.4,-11.8,10.9,0.0,0.0,1080298486
1020468,160.3,-2.2,14.3,0.0,0.0,1080297567
1020518,161.1,16.4,22.2,0.0,0.0,1080304297
1020568,161.7,11.5,21.0,14.9,0.0,1080309008
1020618,161.8,2.1,17.6,59.4,0.0,1080309848
1020668,162.1,7.4,20.0,44.6,0.0,1080312893
1020718,160.6,-30.8,4.1,44.6,0.0,1080300280
1020768,160.1,-9.6,11.4,14.9,0.0,1080296365
1020818,159.8,-6.7,12.1,29.7,0.0,1080293625
1020868,159.2,-10.7,10.0,0.0,0.0,1080289249
1020918,159.8,10.5,18.5,0.0,0.0,1080293559
1020968,159.5,-4.6,12.6,0.0,0.0,1080291661
1021018,159.4,-3.2,13.0,0.0,0.0,1080290332
1021068,159.3,-2.3,13.2,0.0,0.0,1080289402
1021118,159.8,10.4,18.5,0.0,0.0,1080293666
1021168,158.9,-16.7,7.5,0.0,0.0,1080286821
1021218,159.0,0.3,13.8,0.0,0.0,1080286944
1021268,158.1,-17.8,6.1,0.0,0.0,1080279657
1021318,158.4,5.5,15.1,0.0,0.0,1080281930
1021368,158.4,0.0,13.0,0.0,0.0,1080281930
1021418,157.6,-14.1,7.0,0.0,0.0,1080276147
1021468,157.6,0.0,12.2,0.0,0.0,1080276147
1021518,158.1,8.1,15.7,0.0,0.0,1080279473
1021568,158.1,0.0,12.7,0.0,74.3,1080279473
1021618,157.7,-6.3,10.0,0.0,59.4,1080276885
1021668,157.7,0.0,12.3,0.0,44.6,1080276885
1021718,157.2,-10.4,7.9,0.0,29.7,1080272616
1021768,157.2,0.0,11.8,0.0,14.9,1080272616
1021818,157.5,4.7,13.8,0.0,0.0,1080274543
1021868,157.3,-2.7,10.9,0.0,0.0,1080273434
1021918,156.3,-19.9,3.4,0.0,0.0,1080265286
1021968,156.2,-1.9,9.9,0.0,0.0,1080264497
1022018,156.8,10.7,15.2,0.0,0.0,1080268859
1022068,155.9,-16.5,4.2,29.7,0.0,1080262083
1022118,156.0,0.4,10.5,44.6,0.0,1080262255
1022168,153.9,-41.7,0.0,59.4,0.0,1080245172
1022218,153.0,-17.2,0.7,59.4,0.0,1080238129
1022268,153.3,6.0,9.6,44.6,0.0,1080240572
1022318,152.6,-13.8,1.5,29.7,0.0,1080234909
1022368,152.4,-3.7,5.1,44.6,0.0,1080233402
1022418,152.0,-8.6,2.8,29.7,0.0,1080229890
1022468,151.7,-6.0,3.4,14.9,0.0,1080227432
1022518,151.8,1.8,6.4,14.9,0.0,1080228169
1022568,152.5,13.3,11.4,0.0,0.0,1080233600
1022618,154.1,33.3,20.7,0.0,0.0,1080247232
1022668,155.6,29.3,20.8,0.0,59.4,1080259232
1022718,156.9,26.5,21.2,0.0,59.4,1080270089
1022768,156.9,0.6,11.6,0.0,44.6,1080270317
1022818,157.3,6.4,14.2,59.4,29.7,1080272934
1022868,157.8,10.5,16.3,29.7,44.6,1080277223
1022918,158.1,7.3,15.5,14.9,44.6,1080280226
1022968,159.3,23.1,22.7,14.9,44.6,1080289700
1023018,159.8,10.2,18.4,29.7,44.6,1080293875
1023068,161.4,31.1,27.9,44.6,44.6,1080306627
1023118,161.0,-8.2,12.9,44.6,59.4,1080303266
1023168,160.7,-5.7,13.5,44.6,44.6,1080300913
1023218,161.4,14.0,21.6,44.6,29.7,1080306639
1023268,162.2,15.8,23.1,59.4,29.7,1080313105
1023318,162.1,-1.0,16.8,44.6,44.6,1080312716
1023368,161.8,-6.7,14.4,59.4,29.7,1080309986
1023418,161.5,-4.7,14.8,-14.9,44.6,1080308075
1023468,162.0,8.7,20.3,14.9,44.6,1080311652
1023518,162.6,12.1,22.2,44.6,44.6,1080316614
1023568,162.1,-9.5,13.7,59.4,44.6,1080312715
1023618,162.7,11.3,22.0,0.0,0.0,1080317358
1023668,163.7,19.9,26.3,0.0,14.9,1080325523
1023718,163.5,-4.0,17.2,0.0,44.6,1080323866
1023768,164.5,21.2,27.8,0.0,0.0,1080332537
1023818,165.9,26.8,31.3,0.0,29.7,1080343521
1023868,168.0,42.8,39.7,0.0,29.7,1080361041
1023918,169.8,35.9,39.1,0.0,29.7,1080375762
1023968,170.5,13.2,31.4,0.0,29.7,1080381152
1024018,171.8,27.2,38.1,0.0,29.7,1080392297
1024068,173.1,25.0,38.7,0.0,29.7,1080402557
1024118,174.3,23.5,39.5,0.0,14.9,1080412196
1024168,176.9,52.5,53.1,29.7,14.9,1080433689
1024218,178.4,30.7,46.8,59.4,14.9,1080446277
1024268,181.0,51.5,57.4,59.4,44.6,1080467376
1024318,180.7,-5.9,35.7,59.4,44.6,1080464942
1024368,181.7,19.8,46.4,44.6,29.7,1080473069
1024418,182.1,7.9,42.4,59.4,44.6,1080476300
1024468,183.3,23.5,49.5,74.3,44.6,1080485935
1024518,184.1,16.5,47.8,59.4,59.4,1080492679
1024568,184.7,11.5,46.6,44.6,44.6,1080497400
1024618,185.7,20.1,50.9,44.6,44.6,1080505620
1024668,186.4,14.0,49.4,44.6,59.4,1080511374
1024718,188.1,33.8,58.7,44.6,44.6,1080525232
1024768,189.8,35.7,61.3,44.6,44.6,1080539848
1024818,191.1,25.0,58.7,59.4,44.6,1080550079
1024868,192.0,17.5,56.9,59.4,44.6,1080557241
1024918,192.3,6.2,53.1,59.4,44.6,1080559796
1024968,192.2,-1.6,50.1,44.6,29.7,1080559128
1025018,193.3,22.9,60.5,59.4,44.6,1080568490
1025068,192.9,-8.0,48.6,74.3,59.4,1080565213
1025118,193.6,12.4,56.8,44.6,59.4,1080570292
1025168,194.0,8.7,55.9,44.6,44.6,1080573848
1025218,195.8,36.1,68.1,59.4,59.4,1080588625
1025268,197.7,37.3,70.6,44.6,59.4,1080603883
1025318,199.0,26.1,67.9,74.3,74.3,1080614565
1025368,199.6,12.3,63.5,74.3,59.4,1080619584
1025418,201.2,32.6,72.8,44.6,44.6,1080632928
1025468,201.7,10.8,65.4,74.3,59.4,1080637353
1025518,201.8,1.6,62.0,74.3,44.6,1080637994
1025568,202.5,13.1,67.0,59.4,59.4,1080643357
1025618,203.2,15.2,68.6,59.4,59.4,1080649569
1025668,203.8,10.6,67.5,74.3,74.3,1080653917
1025718,204.7,19.4,71.9,59.4,59.4,1080661876
1025768,205.7,19.6,73.0,74.3,74.3,1080669905
1025818,207.3,31.7,79.3,74.3,74.3,1080682898
1025868,209.3,40.2,84.7,74.3,74.3,1080699366
1025918,210.7,28.1,81.8,74.3,74.3,1080710894
1025968,211.1,7.7,74.6,74.3,89.1,1080714048
1026018,212.6,29.4,84.3,74.3,59.4,1080726086
1026068,213.6,20.6,82.2,89.1,89.1,1080734513
1026118,214.0,8.4,78.1,74.3,74.3,1080737954
1026168,215.5,29.9,87.8,59.4,74.3,1080750193
1026218,217.2,32.9,90.7,89.1,74.3,1080763676
1026268,219.5,47.0,98.6,89.1,104.0,1080782944
1026318,220.9,26.9,92.6,89.1,89.1,1080793974
1026368,221.5,12.9,88.1,89.1,74.3,1080799238
1026418,222.3,15.0,89.8,89.1,89.1,1080805380
1026468,224.0,34.5,98.9,89.1,89.1,1080819510
1026518,226.1,42.1,104.1,89.1,89.1,1080836774
1026568,227.0,17.5,95.9,89.1,89.1,1080843943
1026618,227.0,0.3,89.5,104.0,104.0,1080844046
1026668,228.5,30.2,102.3,89.1,89.1,1080856407
1026718,228.6,3.1,92.5,89.1,89.1,1080857686
1026768,230.2,32.2,105.0,104.0,104.0,1080870870
1026818,231.4,22.5,102.7,89.1,104.0,1080880098
1026868,233.1,33.8,108.8,104.0,89.1,1080893931
1026918,234.5,29.6,108.9,104.0,104.0,1080906072
1026968,233.5,-21.3,88.8,104.0,104.0,1080897367
1027018,236.3,57.1,121.1,89.1,89.1,1080920765
1027068,239.2,58.0,124.6,104.0,104.0,1080944516
1027118,240.7,28.6,115.3,133.7,133.7,1080956227
1027168,241.1,8.0,108.1,104.0,104.0,1080959509
1027218,241.6,11.6,110.1,104.0,104.0,1080964264
1027268,242.7,20.1,114.4,104.0,104.0,1080972508
1027318,244.0,26.1,118.1,118.8,133.7,1080983194
1027368,245.5,30.3,121.3,104.0,104.0,1080995589
1027418,246.8,27.2,121.7,118.8,104.0,1081006724
1027468,248.1,25.0,122.3,118.8,118.8,1081016975
1027518,248.7,11.5,117.9,133.7,118.8,1081021694
1027568,251.2,50.1,135.0,118.8,118.8,1081042200
1027618,252.3,23.0,126.2,104.0,118.8,1081051639
1027668,253.1,16.1,124.6,148.5,118.8,1081058246
1027718,254.9,35.3,133.6,118.8,118.8,1081072702
1027768,254.3,-11.3,115.7,133.7,133.7,1081068075
1027818,256.0,34.1,134.5,104.0,118.8,1081081948
1027868,255.7,-6.1,119.2,118.8,118.8,1081079527
1027918,258.5,55.7,145.2,133.7,118.8,1081092100
1027968,259.0,9.0,128.4,133.7,133.7,1081093942
1028018,259.6,12.3,130.3,148.5,148.5,1081096460
1028068,258.5,-21.4,116.6,118.8,118.8,1081092079
1028118,259.8,27.0,136.1,104.0,104.0,1081097613
1028168,259.9,0.9,126.5,148.5,118.8,1081097801
1028218,259.6,-5.4,123.8,133.7,133.7,1081096704
1028268,259.6,0.0,125.8,118.8,104.0,1081096704
1028318,261.2,32.2,139.6,148.5,148.5,1081103309
1028368,261.2,0.0,127.6,133.7,118.8,1081103309
1028418,260.6,-13.4,121.9,133.7,133.7,1081100559
1028468,260.6,0.0,126.9,118.8,104.0,1081100559
1028518,259.5,-21.4,117.7,118.8,148.5,1081096177
1028568,259.5,0.0,125.7,118.8,104.0,1081096177
1028618,259.0,-9.0,121.8,163.4,118.8,1081094338
1028668,259.0,0.0,125.2,104.0,118.8,1081094338
1028718,260.5,29.7,137.9,118.8,133.7,1081100424
1028768,262.5,38.8,143.4,133.7,133.7,1081108370
1028818,263.8,27.2,140.6,133.7,133.7,1081113933
1028868,264.5,13.0,136.1,133.7,148.5,1081116597
1028918,265.2,15.1,137.7,133.7,133.7,1081119692
1028968,265.8,10.6,136.6,118.8,133.7,1081121858
1029018,266.7,19.4,140.9,133.7,148.5,1081125831
1029068,267.7,19.6,142.1,133.7,133.7,1081129842
1029118,266.6,-22.3,125.3,133.7,148.5,1081125276
1029168,268.2,32.4,147.4,133.7,133.7,1081131911
1029218,268.8,10.7,139.9,133.7,133.7,1081134098
1029268,269.4,13.5,141.7,133.7,148.5,1081136857
1029318,269.9,9.4,140.8,148.5,133.7,1081138789
1029368,269.9,0.6,137.5,133.7,133.7,1081138912
1029418,269.7,-5.6,134.9,133.7,148.5,1081137769
1029468,270.4,14.1,143.0,133.7,133.7,1081140656
1029518,270.2,-2.1,136.9,133.7,148.5,1081140219
1029568,271.1,16.5,144.7,148.5,133.7,1081143600
1029618,272.3,23.6,148.6,133.7,133.7,1081148424
1029668,272.8,10.5,144.4,133.7,163.4,1081150572
1029718,272.5,-4.7,138.5,148.5,133.7,1081149618
1029768,273.6,20.7,149.1,148.5,133.7,1081153865
1029818,273.4,-3.5,139.9,133.7,148.5,1081153152
1029868,272.7,-14.4,135.0,148.5,148.5,1081150195
1029918,271.9,-16.1,133.5,133.7,148.5,1081146896
1029968,272.5,12.7,144.9,148.5,118.8,1081149502
1030018,273.0,8.9,144.0,133.7,148.5,1081151327
1030068,273.6,12.2,145.9,133.7,148.5,1081153833
1030118,273.4,-3.4,139.9,148.5,133.7,1081153129
1030168,273.0,-8.4,137.6,148.5,148.5,1081151408
1030218,272.7,-5.9,138.2,133.7,148.5,1081150203
1030268,272.2,-10.1,136.0,133.7,133.7,1081148131
1030318,273.3,22.9,149.6,118.8,133.7,1081152824
1030368,272.9,-8.0,137.7,148.5,148.5,1081151194
1030418,273.8,18.4,148.5,148.5,133.7,1081154969
1030468,274.8,18.9,149.7,148.5,148.5,1081158840
1030518,275.5,13.2,148.4,133.7,148.5,1081161549
1030568,275.3,-2.7,142.3,163.4,133.7,1081160988
1030618,276.4,22.1,152.7,148.5,148.5,1081165511
1030668,276.0,-8.5,140.9,148.5,148.5,1081163762
1030718,275.1,-18.0,136.4,133.7,148.5,1081160079
1030768,276.0,17.4,150.5,148.5,118.8,1081163646
1030818,277.2,24.2,154.3,148.5,148.5,1081168600
1030868,277.7,10.9,150.0,148.5,163.4,1081170839
1030918,277.2,-10.3,141.6,148.5,133.7,1081168720
1030968,277.7,10.8,150.0,148.5,133.7,1081170923
1031018,277.8,1.5,146.7,148.5,163.4,1081171236
1031068,277.9,1.1,146.5,148.5,148.5,1081171456
1031118,277.6,-5.3,143.9,148.5,133.7,1081170381
1031168,278.9,26.3,157.1,133.7,148.5,1081175772
1031218,279.0,0.4,147.5,163.4,163.4,1081175859
1031268,277.2,-35.7,132.1,163.4,148.5,1081168548
1031318,277.1,-1.0,144.9,118.8,133.7,1081168345
1031368,277.7,11.3,150.1,148.5,148.5,1081170661
1031418,278.4,13.9,151.9,148.5,148.5,1081173510
1031468,278.6,3.7,148.3,148.5,163.4,1081174276
1031518,279.0,8.6,150.6,148.5,133.7,1081176041
1031568,278.7,-6.0,144.8,148.5,148.5,1081174819
1031618,278.5,-4.2,145.3,148.5,148.5,1081173964
1031668,278.3,-2.9,145.6,148.5,148.5,1081173365
1031718,278.8,10.0,150.9,148.5,148.5,1081175403
1031768,280.4,31.0,160.4,133.7,148.5,1081181745
1031818,280.6,3.7,150.5,163.4,163.4,1081182498
1031868,282.2,32.6,163.1,148.5,148.5,1081189170
1031918,283.6,28.8,163.3,148.5,163.4,1081195068
1031968,282.8,-15.8,145.8,148.5,163.4,1081191824
1032018,284.1,24.9,162.3,163.4,148.5,1081196927
1032068,284.7,11.4,158.0,148.5,148.5,1081199269
1032118,286.6,38.0,169.9,163.4,163.4,1081207053
1032168,287.0,8.6,159.5,163.4,163.4,1081208816
1032218,287.0,0.0,156.3,148.5,163.4,1081208820
1032268,287.0,0.0,156.3,178.2,163.4,1081208824
1032318,288.5,30.0,169.1,133.7,133.7,1081214970
1032368,289.8,27.0,169.5,163.4,178.2,1081220501
1032418,289.3,-11.1,154.7,163.4,163.4,1081218229
1032468,289.8,10.2,163.2,163.4,163.4,1081220325
1032518,291.1,25.2,170.2,148.5,148.5,1081225479
1032568,291.6,11.6,165.8,163.4,163.4,1081227857
1032618,292.7,20.1,170.1,193.1,163.4,1081231980
1032668,294.9,44.1,181.4,163.4,178.2,1081241010
1032718,295.2,6.9,168.0,163.4,163.4,1081242416
1032768,295.1,-1.2,164.9,178.2,148.5,1081242171
1032818,296.3,23.2,175.3,163.4,178.2,1081246915
1032868,296.2,-1.8,165.9,178.2,163.4,1081246549
1032918,298.2,40.8,184.0,148.5,163.4,1081254895
1032968,298.8,10.5,173.3,193.1,178.2,1081257050
1033018,299.7,19.4,177.7,178.2,178.2,1081261017
1033068,299.8,1.6,171.2,148.5,163.4,1081261335
1033118,302.6,55.1,194.1,193.1,178.2,1081272618
1033168,302.1,-9.4,169.6,178.2,178.2,1081270685
1033218,303.6,29.4,185.7,178.2,178.2,1081276705
1033268,304.6,20.6,183.6,163.4,193.1,1081280919
1033318,305.3,14.4,182.1,193.1,178.2,1081283869
1033368,306.1,16.1,183.6,163.4,178.2,1081287162
1033418,306.4,5.3,179.9,178.2,193.1,1081288239
1033468,308.4,39.7,194.8,193.1,178.2,1081296366
1033518,308.9,9.8,184.3,178.2,178.2,1081298368
1033568,311.0,42.8,198.9,178.2,193.1,1081307142
1033618,311.6,12.0,188.2,193.1,193.1,1081309598
1033668,311.4,-3.6,182.2,193.1,178.2,1081308859
1033718,313.4,39.5,200.4,178.2,178.2,1081316944
1033768,313.0,-8.4,182.1,207.9,193.1,1081315230
1033818,315.1,42.1,203.2,178.2,193.1,1081323861
1033868,316.3,23.5,197.6,193.1,193.1,1081328674
1033918,317.7,28.5,201.0,193.1,193.1,1081334500
1033968,317.5,-4.1,188.7,207.9,193.1,1081333664
1034018,318.5,21.1,199.3,193.1,193.1,1081337993
1034068,318.4,-3.2,190.1,178.2,207.9,1081337338
1034118,319.2,15.8,198.0,193.1,178.2,1081340565
1034168,321.5,47.0,212.2,193.1,193.1,1081350197
1034218,322.0,8.9,198.6,207.9,207.9,1081352024
1034268,322.9,18.2,203.0,193.1,207.9,1081355761
1034318,322.6,-5.2,194.0,207.9,193.1,1081354690
1034368,323.6,20.3,204.7,193.1,193.1,1081358856
1034418,324.3,14.2,203.2,207.9,193.1,1081361772
1034468,323.9,-8.0,194.5,193.1,193.1,1081360126
1034518,323.4,-11.6,192.5,207.9,207.9,1081357746
1034568,324.4,21.9,206.1,178.2,178.2,1081362224
1034618,325.5,21.3,207.1,207.9,193.1,1081366587
1034668,326.6,20.9,208.1,207.9,222.8,1081370870
1034718,327.0,8.6,204.1,207.9,207.9,1081372639
1034768,327.0,0.0,200.9,193.1,193.1,1081372649
1034818,327.9,18.0,208.6,193.1,193.1,1081376342
1034868,327.6,-5.4,199.6,222.8,222.8,1081375241
1034918,328.0,8.2,205.1,193.1,207.9,1081376928
1034968,329.2,23.8,212.2,207.9,193.1,1081381795
1035018,329.8,10.6,207.9,207.9,193.1,1081383973
1035068,330.4,13.4,209.7,222.8,222.8,1081386727
1035118,330.4,0.0,204.7,163.4,193.1,1081386727
1035168,331.8,27.4,216.4,237.6,237.6,1081392340
1035218,331.8,0.0,206.2,193.1,178.2,1081392340
1035268,334.0,43.2,224.7,222.8,237.6,1081401185
1035318,334.0,0.0,208.6,193.1,193.1,1081401185
1035368,334.0,0.2,208.7,252.5,252.5,1081401233
1035418,334.0,0.0,208.6,178.2,163.4,1081401233
1035468,334.9,18.2,216.4,207.9,237.6,1081404953
1035518,334.9,0.0,209.6,207.9,207.9,1081404953
1035568,336.1,24.7,220.2,222.8,222.8,1081410014
1035618,336.1,-0.7,210.7,207.9,207.9,1081409870
1035668,336.4,5.5,213.3,207.9,207.9,1081410999
1035718,336.3,-2.1,210.4,222.8,207.9,1081410560
1035768,337.7,28.5,223.3,207.9,193.1,1081416396
1035818,337.5,-4.1,211.0,222.8,222.8,1081415567
1035868,337.3,-2.8,211.3,207.9,207.9,1081414986
1035918,337.2,-2.0,211.5,222.8,207.9,1081414580
1035968,337.2,-1.4,211.7,207.9,207.9,1081414295
1036018,337.1,-1.0,211.8,222.8,222.8,1081414096
1036068,338.3,23.3,222.1,207.9,207.9,1081418872
1036118,338.2,-1.7,212.7,207.9,207.9,1081418529
1036168,340.2,40.8,230.8,207.9,222.8,1081426890
1036218,341.4,22.6,225.2,237.6,207.9,1081431514
1036268,342.2,15.8,223.6,222.8,237.6,1081434751
1036318,343.3,23.1,227.6,207.9,207.9,1081439474
1036368,343.5,4.1,220.8,222.8,222.8,1081440323
1036418,343.7,2.9,220.5,222.8,222.8,1081440917
1036468,343.5,-4.0,217.7,222.8,222.8,1081440104
1036518,344.8,27.2,230.8,222.8,222.8,1081445679
1036568,343.7,-22.9,210.9,207.9,222.8,1081440980
1036618,343.8,1.9,220.3,222.8,222.8,1081441377
1036668,343.2,-10.6,215.0,222.8,222.8,1081439197
1036718,343.8,10.5,223.5,207.9,222.8,1081441358
1036768,344.1,7.4,222.7,207.9,207.9,1081442871
1036818,344.1,-0.8,219.6,237.6,237.6,1081442700
1036868,344.1,-0.6,219.7,207.9,207.9,1081442581
1036918,344.0,-0.4,219.7,207.9,222.8,1081442498
1036968,344.0,-0.3,219.7,222.8,222.8,1081442440
1037018,343.4,-12.2,214.6,222.8,207.9,1081439941
1037068,343.3,-2.5,218.1,207.9,222.8,1081439421
1037118,344.1,16.2,225.9,237.6,222.8,1081442743
1037168,345.0,17.4,227.3,207.9,222.8,1081446298
1037218,344.4,-11.9,215.8,237.6,222.8,1081443871
1037268,344.6,3.7,221.8,222.8,222.8,1081444629
1037318,346.2,32.6,234.3,207.9,222.8,1081451304
1037368,344.9,-25.2,211.5,237.6,222.8,1081446147
1037418,345.0,0.4,221.0,222.8,222.8,1081446222
1037468,344.4,-11.7,215.8,207.9,222.8,1081443818
1037518,342.8,-32.2,206.5,237.6,207.9,1081437220
1037568,342.8,1.4,219.0,207.9,207.9,1081437516
1037618,342.9,1.0,218.9,207.9,222.8,1081437723
1037668,344.1,24.7,229.1,237.6,222.8,1081442784
1037718,344.1,-0.7,219.6,222.8,222.8,1081442640
1037768,344.1,-0.5,219.7,222.8,222.8,1081442539
1037818,342.8,-24.3,209.5,207.9,222.8,1081437553
1037868,342.9,1.0,218.9,222.8,207.9,1081437749
1037918,342.6,-5.3,216.3,222.8,207.9,1081436658
1037968,341.8,-15.7,211.5,207.9,237.6,1081433437
1038018,341.9,1.0,217.8,222.8,207.9,1081433639
1038068,341.9,0.7,217.7,222.8,207.9,1081433781
1038118,342.5,12.5,222.8,207.9,237.6,1081436338
1038168,342.1,-9.3,214.2,207.9,207.9,1081434441
1038218,338.8,-66.5,189.3,237.6,207.9,1081420825
1038268,338.5,-4.5,212.0,193.1,222.8,1081419896
1038318,337.8,-15.2,207.2,207.9,193.1,1081416788
1038368,339.0,25.4,223.7,207.9,207.9,1081421985
1038418,339.3,5.8,216.7,207.9,207.9,1081423165
1038468,338.3,-20.0,206.1,222.8,222.8,1081419076
1038518,336.4,-38.0,197.3,222.8,207.9,1081411299
1038568,337.8,27.4,223.1,193.1,193.1,1081416914
1038618,337.9,1.2,213.4,207.9,222.8,1081417158
1038668,338.5,12.8,218.4,222.8,207.9,1081419787
1038718,339.0,9.0,217.5,237.6,222.8,1081421626
1038768,337.8,-23.7,204.1,207.9,207.9,1081416770
1038818,338.7,19.4,221.1,193.1,207.9,1081420744
1038868,338.5,-4.4,212.0,222.8,207.9,1081419839
1038918,338.1,-9.1,209.8,222.8,222.8,1081417977
1038968,339.2,23.6,223.3,207.9,222.8,1081422817
1039018,337.1,-43.5,195.9,222.8,207.9,1081413917
1039068,335.2,-36.4,196.5,207.9,207.9,1081406459
1039118,334.3,-19.5,201.7,193.1,193.1,1081402467
1039168,333.9,-7.6,205.7,207.9,207.9,1081400901
1039218,333.6,-5.4,206.3,193.1,207.9,1081399805
1039268,331.9,-33.7,193.8,207.9,222.8,1081392894
1039318,329.6,-47.6,186.0,207.9,193.1,1081383141
1039368,328.8,-15.3,197.2,178.2,193.1,1081380000
1039418,328.6,-4.7,200.8,207.9,207.9,1081379030
1039468,328.1,-9.3,198.6,207.9,193.1,1081377123
1039518,326.0,-42.5,183.9,178.2,207.9,1081368414
1039568,323.9,-41.8,181.9,207.9,207.9,1081359861
1039618,322.7,-23.2,187.5,193.1,178.2,1081355103
1039668,322.2,-10.3,191.7,163.4,178.2,1081353001
1039718,321.2,-19.2,187.3,193.1,222.8,1081349071
1039768,320.0,-25.4,183.6,222.8,178.2,1081343863
1039818,318.8,-23.8,182.9,163.4,178.2,1081338989
1039868,318.5,-4.7,189.7,178.2,193.1,1081338035
1039918,317.5,-21.3,182.4,222.8,193.1,1081333680
1039968,315.8,-32.9,176.2,163.4,178.2,1081326946
1040018,315.6,-5.0,186.3,178.2,178.2,1081325918
1040068,313.9,-33.5,173.8,207.9,178.2,1081319054
1040118,314.5,12.5,191.6,163.4,178.2,1081321623
1040168,315.6,20.8,195.9,193.1,193.1,1081325878
1040218,316.0,8.5,191.8,207.9,193.1,1081327628
1040268,314.5,-30.0,175.8,163.4,193.1,1081321480
1040318,312.9,-33.0,172.8,193.1,178.2,1081314719
1040368,312.6,-5.1,182.9,178.2,178.2,1081313673
1040418,310.9,-33.6,170.5,178.2,193.1,1081306797
1040468,309.7,-23.5,172.9,178.2,178.2,1081301983
1040518,306.8,-58.5,156.7,178.2,163.4,1081290012
1040568,305.7,-22.9,168.6,163.4,178.2,1081285319
1040618,304.6,-22.0,167.7,178.2,163.4,1081280805
1040668,303.2,-27.4,164.2,163.4,178.2,1081275187
1040718,302.2,-19.2,166.2,178.2,178.2,1081271255
1040768,301.9,-7.4,170.1,163.4,163.4,1081269731
1040818,298.9,-59.2,147.6,178.2,178.2,1081257605
1040868,298.0,-17.4,162.1,163.4,148.5,1081254032
1040918,297.7,-6.2,165.9,148.5,163.4,1081252760
1040968,297.8,1.7,169.0,178.2,178.2,1081253098
1041018,294.6,-64.8,140.7,163.4,163.4,1081239818
1041068,294.1,-9.4,160.7,163.4,148.5,1081237895
1041118,293.2,-18.6,156.3,148.5,163.4,1081234091
1041168,291.0,-43.0,144.8,178.2,163.4,1081225284
1041218,290.1,-18.1,153.1,148.5,148.5,1081221577
1041268,288.0,-42.7,141.6,163.4,163.4,1081212838
1041318,287.1,-17.9,149.8,148.5,148.5,1081209179
1041368,285.3,-36.5,140.8,133.7,148.5,1081201702
1041418,284.6,-13.6,148.6,163.4,148.5,1081198926
1041468,283.2,-27.5,141.9,148.5,148.5,1081193296
1041518,281.9,-25.2,141.3,133.7,163.4,1081188126
1041568,281.1,-17.7,143.1,163.4,148.5,1081184507
1041618,280.4,-12.4,144.4,133.7,133.7,1081181974
1041668,278.8,-32.7,135.1,148.5,163.4,1081175286
1041718,278.3,-10.9,142.5,148.5,148.5,1081173062
1041768,277.3,-19.6,138.2,133.7,133.7,1081169047
1041818,276.3,-19.7,137.1,133.7,118.8,1081165008
1041868,275.6,-13.8,138.5,133.7,178.2,1081162181
1041918,274.5,-21.7,134.4,163.4,118.8,1081157744
1041968,274.5,0.0,142.4,118.8,118.8,1081157744
1042018,273.8,-15.2,135.9,148.5,148.5,1081154638
1042068,273.8,0.0,141.6,133.7,148.5,1081154638
1042118,271.1,-52.6,119.1,148.5,148.5,1081143863
1042168,271.1,0.0,138.6,118.8,104.0,1081143863
1042218,268.1,-60.8,112.7,133.7,148.5,1081131404
1042268,268.1,0.0,135.3,118.8,133.7,1081131404
1042318,264.5,-72.6,104.3,148.5,133.7,1081116540
1042368,264.5,0.0,131.2,118.8,89.1,1081116540
1042418,262.2,-44.8,112.1,133.7,148.5,1081107363
1042468,259.2,-61.4,102.5,118.8,133.7,1081094796
1042518,257.9,-25.0,114.6,104.0,104.0,1081089685
1042568,257.0,-17.5,116.4,118.8,89.1,1081086107
1042618,256.4,-12.2,117.7,133.7,133.7,1081083603
1042668,255.7,-14.6,116.0,118.8,118.8,1081079387
1042718,254.9,-16.2,114.5,104.0,118.8,1081072755
1042768,252.8,-41.3,102.9,118.8,133.7,1081055824
1042818,252.0,-16.9,111.0,118.8,89.1,1081048888
1042868,251.7,-5.9,114.8,118.8,104.0,1081046490
1042918,250.0,-34.1,102.4,118.8,133.7,1081032524
1042968,248.8,-23.9,104.9,104.0,118.8,1081022747
1043018,247.9,-16.7,106.6,104.0,89.1,1081015904
1043068,245.6,-47.7,92.4,118.8,104.0,1080996368
1043118,244.5,-21.4,101.0,118.8,104.0,1080987608
1043168,241.9,-51.0,87.2,89.1,104.0,1080966730
1043218,242.3,6.3,108.8,89.1,104.0,1080969319
1043268,241.3,-19.6,98.1,104.0,104.0,1080961301
1043318,239.4,-37.7,89.3,118.8,118.8,1080945858
1043368,237.8,-32.4,89.5,89.1,89.1,1080932590
1043418,236.3,-28.7,89.2,74.3,89.1,1080920845
1043468,235.9,-8.1,96.4,89.1,89.1,1080917538
1043518,234.5,-29.7,86.8,118.8,104.0,1080905393
1043568,232.8,-32.8,83.8,89.1,104.0,1080891977
1043618,232.0,-16.9,88.7,89.1,74.3,1080885043
1043668,230.8,-23.9,84.8,89.1,89.1,1080875274
1043718,230.5,-4.7,91.7,104.0,89.1,1080873351
1043768,229.2,-27.3,81.8,74.3,89.1,1080862174
1043818,227.9,-25.1,81.2,89.1,89.1,1080851893
1043868,224.9,-59.6,65.1,89.1,89.1,1080827493
1043918,223.5,-29.7,74.5,74.3,89.1,1080815328
1043968,222.7,-14.8,79.2,59.4,59.4,1080809270
1044018,221.0,-34.4,70.0,104.0,74.3,1080795199
1044068,219.2,-36.0,67.4,74.3,89.1,1080780435
1044118,218.5,-13.2,75.1,74.3,89.1,1080775015
1044168,216.9,-33.3,65.9,74.3,59.4,1080761390
1044218,216.0,-17.3,70.8,59.4,74.3,1080754311
1044268,214.2,-36.1,61.8,89.1,74.3,1080739524
1044318,212.9,-25.3,64.4,59.4,74.3,1080729174
1044368,210.6,-47.7,53.5,74.3,44.6,1080709641
1044418,209.8,-15.4,64.6,59.4,59.4,1080703341
1044468,208.7,-22.8,60.6,74.3,74.3,1080694015
1044518,207.3,-27.9,57.1,59.4,59.4,1080682572
1044568,205.4,-37.6,51.5,59.4,74.3,1080667189
1044618,203.5,-38.3,49.1,59.4,59.4,1080651506
1044668,201.8,-32.8,49.3,44.6,44.6,1080638070
1044718,200.1,-35.0,46.5,59.4,59.4,1080623750
1044768,198.9,-24.5,49.0,59.4,44.6,1080613725
1044818,197.4,-29.1,45.7,44.6,59.4,1080601793
1044868,195.8,-32.4,42.7,59.4,29.7,1080588525
1044918,194.9,-16.7,47.6,59.4,44.6,1080581696
1044968,193.5,-29.7,41.1,59.4,59.4,1080569542
1045018,192.4,-20.8,43.3,44.6,59.4,1080561035
1045068,191.7,-14.5,44.8,44.6,44.6,1080555079
1045118,190.3,-28.2,38.1,44.6,44.6,1080543538
1045168,189.0,-25.7,37.6,44.6,44.6,1080533001
1045218,187.5,-30.0,34.3,44.6,59.4,1080520710
1045268,186.5,-21.0,36.5,44.6,44.6,1080512107
1045318,184.2,-44.7,25.2,44.6,29.7,1080493796
1045368,182.7,-31.3,28.5,44.6,29.7,1080480979
1045418,183.1,8.1,43.5,44.6,29.7,1080484295
1045468,182.4,-12.3,35.3,44.6,29.7,1080479243
1045518,181.4,-20.6,31.0,44.6,44.6,1080470792
1045568,180.1,-26.4,27.4,44.6,29.7,1080459960
1045618,178.9,-24.5,26.8,44.6,44.6,1080449921
1045668,178.0,-17.2,28.5,44.6,44.6,1080442893
1045718,177.4,-12.0,29.8,44.6,44.6,1080437974
1045768,176.4,-20.4,25.5,44.6,44.6,1080429615
1045818,175.1,-26.3,21.9,44.6,44.6,1080418849
1045868,172.9,-42.4,13.5,29.7,44.6,1080401482
1045918,171.8,-23.7,19.2,44.6,44.6,1080391783
1045968,170.3,-28.6,15.8,44.6,29.7,1080380078
1046018,168.7,-32.0,12.7,0.0,29.7,1080366970
1046068,168.8,1.6,25.3,29.7,14.9,1080367624
1046118,167.7,-22.9,14.9,59.4,0.0,1080358252
1046168,167.2,-10.0,19.1,0.0,0.0,1080354149
1046218,166.5,-13.0,17.3,29.7,0.0,1080348819
1046268,166.1,-9.1,18.2,59.4,0.0,1080345089
1046318,165.7,-6.4,18.9,0.0,0.0,1080342477
1046368,165.2,-10.5,16.8,29.7,0.0,1080338191
1046418,164.6,-13.3,15.0,14.9,0.0,1080332734
1046468,163.2,-27.3,8.3,0.0,0.0,1080321541
1046518,162.8,-7.1,15.4,0.0,0.0,1080318621
1046568,162.6,-5.0,15.9,0.0,0.0,1080316577
1046618,162.7,2.5,18.8,0.0,0.0,1080317604
1046668,162.2,-10.2,13.5,0.0,0.0,1080313407
1046718,162.1,-1.2,16.8,0.0,0.0,1080312927
1046768,162.1,-0.8,16.9,0.0,0.0,1080312591
1046818,162.4,5.4,19.5,0.0,0.0,1080314814
1046868,163.5,21.8,26.8,0.0,0.0,1080323742
1046918,162.4,-20.7,9.8,0.0,0.0,1080315247
1046968,161.7,-14.5,11.3,0.0,0.0,1080309300
1047018,162.1,7.8,20.1,0.0,0.0,1080312510
1047068,161.8,-6.5,14.4,0.0,0.0,1080309841
1047118,161.8,1.4,17.4,0.0,0.0,1080310431
1047168,161.9,1.0,17.3,0.0,0.0,1080310844
1047218,162.5,12.7,22.4,0.0,0.0,1080316048
1047268,162.7,2.9,18.9,0.0,59.4,1080317234
1047318,163.1,8.0,21.2,0.0,59.4,1080320521
1047368,163.0,-0.4,18.1,0.0,29.7,1080320365
1047418,162.7,-6.3,15.6,0.0,44.6,1080317798
1047468,162.8,1.6,18.6,0.0,44.6,1080318458
1047518,162.0,-16.9,10.8,0.0,29.7,1080311548
1047568,160.5,-29.8,4.3,0.0,44.6,1080299338
1047618,160.0,-8.9,11.6,0.0,44.6,1080295706
1047668,159.1,-18.2,7.1,0.0,44.6,1080288248
1047718,159.4,5.3,16.1,0.0,29.7,1080290401
1047768,159.3,-2.3,13.2,0.0,29.7,1080289450
1047818,158.9,-7.6,10.8,0.0,29.7,1080286327
1047868,159.2,6.7,16.5,0.0,14.9,1080289056
1047918,158.6,-13.3,8.3,0.0,0.0,1080283593
1047968,158.1,-9.3,9.3,0.0,0.0,1080279770
1048018,157.2,-18.5,4.8,0.0,0.0,1080272178
1048068,158.0,17.0,19.0,0.0,0.0,1080279152
1048118,158.0,-0.1,12.6,0.0,0.0,1080279118
1048168,157.4,-12.1,7.5,0.0,0.0,1080274179
1048218,157.3,-2.4,10.9,0.0,0.0,1080273180
1048268,157.2,-1.7,11.1,0.0,0.0,1080272480
1048318,158.0,16.8,18.9,0.0,0.0,1080279363
1048368,158.3,5.8,15.1,0.0,0.0,1080281724
1048418,158.2,-2.0,12.1,0.0,0.0,1080280918
1048468,158.5,4.6,14.9,44.6,0.0,1080282812
1048518,159.2,15.2,19.6,0.0,0.0,1080289053
1048568,159.2,-1.3,13.4,29.7,0.0,1080288507
1048618,158.5,-12.9,8.4,14.9,0.0,1080283209
1048668,158.1,-9.1,9.3,14.9,0.0,1080279501
1048718,157.1,-18.3,4.9,29.7,0.0,1080271989
1048768,157.1,0.0,11.7,29.7,0.0,1080271989
1048818,157.1,-0.8,11.3,44.6,0.0,1080271647
1048868,157.1,0.0,11.6,29.7,0.0,1080271647
1048918,156.2,-18.6,3.7,44.6,0.0,1080264034
1048968,156.2,0.0,10.6,14.9,0.0,1080264034
1049018,155.2,-19.0,2.5,29.7,0.0,1080256248
1049068,155.2,0.0,9.5,14.9,59.4,1080256248
1049118,154.6,-13.3,3.8,29.7,59.4,1080250797
1049168,154.6,0.0,8.8,29.7,29.7,1080250797
1049218,154.4,-3.3,7.4,29.7,44.6,1080249440
1049268,153.7,-14.3,2.5,29.7,44.6,1080243574
1049318,152.9,-16.0,1.0,44.6,29.7,1080237010
1049368,151.7,-23.2,0.0,29.7,59.4,1080227501
1049418,150.6,-22.3,0.0,44.6,0.0,1080218386
1049468,148.9,-33.6,0.0,14.9,0.0,1080204634
1049518,147.7,-23.5,0.0,0.0,0.0,1080195007
1049568,147.8,1.5,1.9,0.0,0.0,1080195640
1049618,147.3,-10.9,0.0,0.0,0.0,1080191169
1049668,146.9,-7.6,0.0,0.0,0.0,1080188039
1049718,147.2,6.7,3.1,0.0,0.0,1080190763
1049768,147.5,4.7,2.6,0.0,0.0,1080192670
1049818,147.3,-2.7,0.0,0.0,0.0,1080191547
1049868,147.8,10.1,5.0,0.0,0.0,1080195677
1049918,149.1,25.1,12.0,0.0,0.0,1080205940
1049968,150.9,35.5,17.9,0.0,0.0,1080220497
1050018,153.0,42.9,23.0,0.0,0.0,1080238060
1050068,154.8,36.0,22.4,0.0,0.0,1080252811
1050118,156.4,31.2,22.4,0.0,0.0,1080265595
1050168,156.0,-8.2,7.3,0.0,0.0,1080262256
1050218,156.6,12.3,15.6,0.0,0.0,1080267291
1050268,157.9,26.6,22.4,0.0,0.0,1080278188
1050318,159.7,36.6,28.1,0.0,0.0,1080293189
1050368,161.0,25.6,25.5,0.0,0.0,1080303690
1050418,163.1,41.9,33.9,0.0,0.0,1080320871
1050468,164.6,29.4,30.8,0.0,29.7,1080332897
1050518,166.2,32.6,33.8,0.0,59.4,1080346231
1050568,167.0,16.8,28.9,0.0,59.4,1080353107
1050618,167.0,-0.2,22.6,74.3,44.6,1080353005
1050668,167.9,17.8,30.3,59.4,44.6,1080360307
1050718,168.8,18.5,31.6,44.6,44.6,1080367876
1050768,168.9,0.9,25.1,44.6,44.6,1080368258
1050818,169.8,18.7,32.7,44.6,29.7,1080375899
1050868,170.5,13.1,31.4,44.6,44.6,1080381248
1050918,170.9,9.1,30.4,29.7,44.6,1080384992
1050968,172.5,30.4,40.0,29.7,29.7,1080397443
1051018,173.8,27.3,40.4,29.7,44.6,1080408616
1051068,173.6,-4.9,28.1,44.6,59.4,1080406607
1051118,173.4,-3.4,28.5,44.6,44.6,1080405201
1051168,173.3,-2.4,28.8,29.7,44.6,1080404217
1051218,175.0,34.3,44.3,44.6,44.6,1080418273
1051268,176.2,24.0,41.8,44.6,29.7,1080428113
1051318,177.3,22.8,42.6,59.4,14.9,1080437458
1051368,177.2,-2.0,33.3,29.7,0.0,1080436627
1051418,178.4,22.6,43.7,44.6,0.0,1080445875
1051468,178.9,9.8,39.5,29.7,29.7,1080449892
1051518,180.1,24.9,46.5,44.6,44.6,1080460076
1051568,181.3,23.4,47.2,59.4,29.7,1080469663
1051618,182.1,16.4,45.5,44.6,44.6,1080476373
1051668,182.4,5.5,41.8,44.6,44.6,1080478613
1051718,183.8,27.8,51.6,44.6,59.4,1080490012
1051768,184.7,19.5,49.6,44.6,29.7,1080497990
1051818,184.8,1.6,43.1,44.6,59.4,1080498660
1051868,186.1,25.1,53.2,44.6,59.4,1080508960
1051918,186.9,17.6,51.4,59.4,44.6,1080516169
1051968,187.9,18.3,52.7,44.6,59.4,1080523674
1052018,188.8,18.8,53.9,44.6,44.6,1080531384
1052068,190.7,37.2,62.8,59.4,59.4,1080546612
1052118,191.4,14.0,55.0,44.6,59.4,1080552356
1052168,191.9,9.8,54.0,59.4,59.4,1080556377
1052218,193.1,24.9,61.0,59.4,44.6,1080566565
1052268,194.6,29.4,64.3,44.6,59.4,1080578611
1052318,195.9,26.6,64.7,59.4,74.3,1080589501
1052368,197.1,24.6,65.3,74.3,59.4,1080599582
1052418,197.7,11.2,61.0,44.6,59.4,1080604181
1052468,199.0,25.9,67.9,74.3,59.4,1080614773
1052518,199.3,6.1,60.9,59.4,59.4,1080617272
1052568,200.1,16.3,65.6,59.4,74.3,1080623937
1052618,201.6,29.4,72.1,59.4,59.4,1080635975
1052668,202.3,14.6,67.4,74.3,59.4,1080641944
1052718,203.4,22.2,71.4,59.4,74.3,1080651037
1052768,204.2,15.5,69.8,59.4,59.4,1080657403
1052818,205.6,28.9,76.4,74.3,74.3,1080669231
1052868,207.2,32.2,79.4,74.3,74.3,1080682427
1052918,207.5,4.6,69.4,74.3,74.3,1080684291
1052968,209.4,39.2,84.5,74.3,59.4,1080700341
1053018,212.0,51.4,91.9,59.4,89.1,1080721406
1053068,214.1,42.0,90.7,89.1,74.3,1080738610
1053118,215.6,29.4,87.7,104.0,89.1,1080750652
1053168,216.3,14.6,83.0,74.3,89.1,1080756625
1053218,218.3,40.2,94.7,59.4,89.1,1080773093
1053268,218.8,10.1,84.1,104.0,74.3,1080777248
1053318,220.7,37.1,96.2,74.3,89.1,1080792445
1053368,221.7,20.0,91.0,89.1,74.3,1080800625
1053418,222.4,14.0,89.5,89.1,104.0,1080806351
1053468,223.2,15.8,91.1,89.1,74.3,1080812817
1053518,223.7,11.1,89.9,89.1,89.1,1080817343
1053568,225.3,31.7,99.4,89.1,89.1,1080830341
1053618,226.1,16.2,94.5,89.1,104.0,1080836983
1053668,226.1,-0.7,88.2,104.0,89.1,1080836717
1053718,227.9,35.5,103.6,74.3,74.3,1080851276
1053768,229.4,30.9,103.6,104.0,104.0,1080863925
1053818,231.7,45.6,111.6,104.0,118.8,1080882610
1053868,232.7,19.9,103.2,104.0,89.1,1080890774
1053918,232.8,2.0,96.6,89.1,104.0,1080891574
1053968,233.7,19.4,104.2,104.0,89.1,1080899506
1054018,236.2,49.6,118.1,89.1,104.0,1080919805
1054068,237.4,22.7,109.4,118.8,104.0,1080929098
1054118,237.5,3.9,102.7,118.8,118.8,1080930689
1054168,238.3,14.7,107.5,104.0,89.1,1080936717
1054218,239.4,22.3,111.6,104.0,104.0,1080945852
1054268,241.4,39.6,120.2,104.0,104.0,1080962077
1054318,241.9,9.7,109.6,104.0,104.0,1080966062
1054368,243.4,30.8,119.2,133.7,133.7,1080978682
1054418,243.9,9.6,111.8,104.0,104.0,1080982600
1054468,244.5,12.7,113.7,104.0,104.0,1080987801
1054518,243.5,-21.1,100.0,104.0,118.8,1080979153
1054568,245.7,45.2,127.1,104.0,89.1,1080997676
1054618,245.8,1.7,111.0,104.0,118.8,1080998354
1054668,247.4,31.2,123.7,133.7,133.7,1081011116
1054718,249.7,45.8,131.7,118.8,104.0,1081029880
1054768,250.4,14.1,120.7,118.8,118.8,1081035643
1054818,251.5,21.8,124.8,104.0,118.8,1081044591
1054868,251.3,-2.7,115.6,133.7,133.7,1081043483
1054918,251.8,10.1,120.9,118.8,104.0,1081047622
1054968,253.4,31.1,130.4,104.0,118.8,1081060349
1055018,254.2,15.8,125.6,118.8,118.8,1081066801
1055068,254.4,5.0,121.9,133.7,133.7,1081068860
1055118,254.6,3.5,121.5,104.0,133.7,1081070301
1055168,255.6,20.5,128.9,133.7,104.0,1081078683
1055218,256.3,14.3,127.5,133.7,133.7,1081083203
1055268,257.4,22.0,131.6,104.0,118.8,1081087714
1055318,258.2,15.4,130.0,118.8,148.5,1081090871
1055368,259.3,22.8,134.0,133.7,118.8,1081095539
1055418,260.1,16.0,132.3,148.5,133.7,1081098807
1055468,260.1,-0.8,126.0,118.8,133.7,1081098637
1055518,260.1,-0.6,126.1,104.0,133.7,1081098518
1055568,260.1,0.0,126.3,118.8,118.8,1081098518
1055618,260.3,5.6,128.7,163.4,118.8,1081099663
1055668,260.3,0.0,126.6,118.8,118.8,1081099663
1055718,262.3,39.9,143.7,118.8,148.5,1081107838
1055768,262.3,0.0,128.8,133.7,118.8,1081107838
1055818,263.1,15.9,135.7,148.5,133.7,1081111102
1055868,263.1,0.0,129.7,133.7,118.8,1081111102
1055918,265.8,53.2,152.4,133.7,148.5,1081121989
1055968,265.8,0.0,132.7,118.8,118.8,1081121989
1056018,267.4,31.2,146.0,163.4,163.4,1081128381
1056068,267.6,3.8,136.1,133.7,148.5,1081129169
1056118,266.5,-21.3,125.5,133.7,118.8,1081124805
1056168,267.2,15.1,139.9,118.8,118.8,1081127895
1056218,267.5,4.6,136.2,148.5,148.5,1081128829
1056268,267.9,9.2,138.5,133.7,133.7,1081130711
1056318,268.8,18.4,142.9,148.5,133.7,1081134487
1056368,268.6,-5.1,133.9,133.7,133.7,1081133443
1056418,268.7,2.4,136.8,133.7,133.7,1081133941
1056468,269.1,7.7,139.2,133.7,118.8,1081135519
1056518,270.9,35.4,151.5,148.5,148.5,1081142767
1056568,271.2,6.8,141.2,148.5,133.7,1081144154
1056618,271.7,10.7,143.3,133.7,148.5,1081146354
1056668,270.9,-16.5,132.3,133.7,133.7,1081142979
1056718,271.5,12.5,143.7,148.5,133.7,1081145532
1056768,272.3,14.7,145.4,148.5,148.5,1081148547
1056818,271.6,-13.7,134.1,133.7,133.7,1081145743
1056868,270.8,-15.6,132.5,133.7,133.7,1081142551
1056918,269.4,-28.9,125.9,148.5,133.7,1081136630
1056968,270.8,27.8,148.5,118.8,133.7,1081142316
1057018,270.5,-4.6,136.3,148.5,148.5,1081141381
1057068,271.6,20.8,146.8,133.7,133.7,1081145642
1057118,272.9,26.6,150.5,148.5,133.7,1081151082
1057168,273.2,6.6,143.4,133.7,148.5,1081152433
1057218,272.9,-7.4,137.8,148.5,148.5,1081150920
1057268,272.6,-5.2,138.4,148.5,133.7,1081149862
1057318,272.7,2.4,141.3,133.7,133.7,1081150349
1057368,273.1,7.7,143.7,133.7,148.5,1081151920
1057418,272.8,-6.6,138.0,133.7,148.5,1081150561
1057468,274.3,31.4,153.9,148.5,133.7,1081156983
1057518,275.4,22.0,151.6,163.4,148.5,1081161478
1057568,275.0,-8.6,139.7,133.7,163.4,1081159710
1057618,275.0,-0.0,142.9,148.5,118.8,1081159701
1057668,274.1,-18.0,135.2,133.7,148.5,1081156008
1057718,275.3,23.4,151.9,133.7,133.7,1081160796
1057768,274.9,-7.6,140.0,148.5,148.5,1081159232
1057818,275.2,6.7,145.7,148.5,163.4,1081160595
1057868,276.1,16.7,150.3,148.5,133.7,1081164007
1057918,276.0,-0.3,144.0,133.7,133.7,1081163938
1057968,276.3,5.8,146.6,148.5,148.5,1081165118
1058018,276.2,-2.0,143.6,148.5,148.5,1081164715
1058068,275.9,-7.4,141.2,148.5,148.5,1081163204
1058118,276.8,18.8,151.9,133.7,148.5,1081167062
1058168,277.5,13.2,150.6,148.5,148.5,1081169763
1058218,276.4,-20.8,136.8,163.4,148.5,1081165509
1058268,276.6,3.5,146.0,133.7,148.5,1081166218
1058318,276.4,-3.6,143.2,148.5,148.5,1081165485
1058368,277.5,21.5,153.7,148.5,133.7,1081169887
1058418,277.3,-3.0,144.5,148.5,163.4,1081169283
1058468,276.0,-26.1,134.4,133.7,148.5,1081163944
1058518,276.9,17.8,151.7,148.5,133.7,1081167580
1058568,277.3,6.4,147.8,148.5,148.5,1081168896
1058618,277.5,4.5,147.4,148.5,148.5,1081169818
1058668,278.5,21.1,154.7,148.5,148.5,1081174149
1058718,279.3,14.8,153.2,133.7,133.7,1081177181
1058768,279.2,-1.6,147.0,163.4,163.4,1081176846
1058818,279.4,4.9,149.7,163.4,148.5,1081177840
1058868,279.9,9.4,151.9,133.7,148.5,1081179765
1058918,281.4,30.6,161.5,148.5,148.5,1081186027
1058968,281.9,9.4,154.1,163.4,163.4,1081187953
1059018,282.8,18.6,158.6,148.5,163.4,1081191759
1059068,281.7,-23.0,141.8,163.4,148.5,1081187050
1059118,282.1,7.9,153.8,133.7,148.5,1081188670
1059168,284.5,47.5,171.1,163.4,148.5,1081198405
1059218,283.7,-14.7,147.2,178.2,163.4,1081195389
1059268,282.9,-16.3,145.7,133.7,163.4,1081192049
1059318,284.4,30.6,164.8,148.5,133.7,1081198312
1059368,285.2,15.4,160.0,148.5,148.5,1081201468
1059418,285.4,4.8,156.3,178.2,163.4,1081202448
1059468,286.8,27.4,166.3,148.5,163.4,1081208050
1059518,287.2,7.1,159.1,148.5,148.5,1081209513
1059568,287.1,-1.0,156.1,163.4,148.5,1081209309
1059618,288.9,35.3,171.5,163.4,148.5,1081216538
1059668,289.5,12.7,163.8,163.4,178.2,1081219141
1059718,292.1,50.9,180.8,163.4,163.4,1081229565
1059768,292.9,17.6,169.5,163.4,163.4,1081233176
1059818,292.7,-5.7,160.5,178.2,163.4,1081232016
1059868,293.1,8.0,166.0,148.5,163.4,1081233662
1059918,293.9,17.6,170.6,178.2,163.4,1081237272
1059968,294.3,6.3,166.7,178.2,163.4,1081238571
1060018,293.6,-13.6,158.6,148.5,178.2,1081235793
1060068,295.8,44.5,182.6,148.5,148.5,1081244908
1060118,298.6,55.2,189.7,193.1,163.4,1081256203
1060168,301.4,56.6,193.4,178.2,207.9,1081267797
1060218,302.2,15.6,179.0,178.2,178.2,1081270997
1060268,303.0,16.9,180.4,178.2,178.2,1081274466
1060318,304.2,23.9,184.3,178.2,178.2,1081279351
1060368,306.3,40.7,192.9,178.2,163.4,1081287687
1060418,306.2,-1.5,177.1,193.1,207.9,1081287377
1060468,307.9,34.9,192.6,178.2,178.2,1081294534
1060518,308.2,6.5,182.4,178.2,163.4,1081295857
1060568,307.9,-7.5,176.8,178.2,193.1,1081294325
1060618,307.9,0.8,179.9,178.2,193.1,1081294482
1060668,310.3,48.5,200.3,178.2,163.4,1081304422
1060718,312.3,40.0,199.4,178.2,193.1,1081312609
1060768,314.0,34.0,199.0,207.9,207.9,1081319568
1060818,314.0,-0.2,186.3,178.2,193.1,1081319525
1060868,313.4,-12.1,181.2,193.1,193.1,1081317037
1060918,313.9,9.5,189.8,178.2,178.2,1081318982
1060968,314.2,6.6,189.1,178.2,178.2,1081320343
1061018,316.0,34.7,201.4,193.1,207.9,1081327440
1061068,316.9,18.3,196.4,207.9,193.1,1081331179
1061118,317.5,12.8,195.0,178.2,178.2,1081333796
1061168,317.7,2.9,191.5,193.1,207.9,1081334400
1061218,318.4,14.1,196.5,193.1,178.2,1081337280
1061268,319.5,21.8,200.6,193.1,193.1,1081341753
1061318,320.8,27.3,204.1,193.1,207.9,1081347342
1061368,321.2,7.1,197.0,193.1,207.9,1081348797
1061418,322.3,23.0,204.2,207.9,193.1,1081353502
1061468,323.4,22.1,205.1,193.1,178.2,1081358024
1061518,324.5,21.5,206.0,207.9,207.9,1081362418
1061568,324.6,3.0,199.4,207.9,207.9,1081363037
1061618,325.7,20.1,206.8,193.1,193.1,1081367156
1061668,329.4,74.1,231.0,193.1,193.1,1081382327
1061718,326.6,-56.1,179.5,237.6,237.6,1081370829
1061768,324.9,-33.3,186.1,193.1,193.1,1081364009
1061818,324.0,-17.3,191.1,178.2,178.2,1081360464
1061868,325.8,35.9,212.9,193.1,178.2,1081367813
1061918,326.5,13.1,205.1,207.9,222.8,1081370499
1061968,326.3,-2.8,199.1,207.9,207.9,1081369922
1062018,326.8,10.0,204.4,207.9,193.1,1081371976
1062068,328.4,31.0,213.9,193.1,193.1,1081378328
1062118,327.4,-20.3,193.7,207.9,207.9,1081374174
1062168,327.6,3.8,202.9,207.9,207.9,1081374952
1062218,326.2,-27.3,189.8,193.1,207.9,1081369353
1062268,327.6,28.9,212.3,193.1,178.2,1081375263
1062318,328.3,14.2,207.6,207.9,222.8,1081378172
1062368,328.3,0.0,202.4,193.1,193.1,1081378172
1062418,330.9,51.9,224.5,237.6,222.8,1081388810
1062468,330.9,0.0,205.3,178.2,193.1,1081388810
1062518,331.6,12.4,210.5,237.6,237.6,1081391341
1062568,331.6,0.0,205.9,193.1,178.2,1081391341
1062618,332.0,8.7,209.6,207.9,222.8,1081393113
1062668,332.0,0.0,206.4,193.1,207.9,1081393113
1062718,330.8,-23.9,196.2,237.6,222.8,1081388209
1062768,330.8,0.0,205.1,193.1,178.2,1081388209
1062818,330.3,-10.8,200.5,222.8,222.8,1081386006
1062868,335.3,100.5,247.4,207.9,207.9,1081406581
1062918,334.6,-13.7,204.2,207.9,207.9,1081403781
1062968,334.4,-3.6,207.8,222.8,207.9,1081403050
1063018,334.0,-8.5,205.5,207.9,207.9,1081401309
1063068,331.9,-41.9,190.7,193.1,207.9,1081392718
1063118,334.0,42.6,224.5,207.9,178.2,1081401450
1063168,334.6,11.8,213.7,207.9,222.8,1081403875
1063218,336.2,32.3,223.1,222.8,207.9,1081410489
1063268,335.0,-25.4,200.3,222.8,222.8,1081405288
1063318,333.8,-23.8,199.6,193.1,207.9,1081400418
1063368,336.5,55.4,232.0,207.9,193.1,1081411755
1063418,333.4,-63.3,184.5,207.9,222.8,1081398801
1063468,330.6,-56.3,183.9,207.9,207.9,1081387276
1063518,329.5,-21.4,195.7,193.1,178.2,1081382895
1063568,329.6,3.0,204.9,178.2,193.1,1081383514
1063618,334.0,86.1,240.6,207.9,207.9,1081401151
1063668,335.2,24.3,219.0,222.8,222.8,1081406124
1063718,338.4,65.0,237.7,237.6,237.6,1081419435
1063768,338.6,3.5,215.1,207.9,222.8,1081420152
1063818,336.0,-51.6,191.8,222.8,222.8,1081409594
1063868,338.4,47.9,231.4,193.1,193.1,1081419407
1063918,338.3,-2.5,212.5,222.8,207.9,1081418903
1063968,334.0,-85.7,176.8,222.8,222.8,1081401347
1064018,333.4,-12.0,203.5,193.1,193.1,1081398889
1064068,334.5,21.6,217.2,193.1,193.1,1081403311
1064118,335.5,21.1,218.2,207.9,207.9,1081407636
1064168,333.9,-33.2,196.2,222.8,222.8,1081400833
1064218,335.4,30.7,221.6,222.8,207.9,1081407130
1064268,333.8,-32.5,196.4,193.1,207.9,1081400479
1064318,334.5,13.3,214.1,207.9,207.9,1081403196
1064368,336.1,33.3,223.4,207.9,207.9,1081410013
1064418,329.5,-132.7,154.4,222.8,207.9,1081382836
1064468,332.6,63.1,230.6,178.2,193.1,1081395761
1064518,332.7,2.2,208.1,193.1,193.1,1081396207
1064568,335.5,55.5,231.0,222.8,222.8,1081407578
1064618,334.8,-15.1,203.9,237.6,237.6,1081404479
1064668,333.6,-22.6,199.9,207.9,193.1,1081399852
1064718,335.5,38.2,224.6,178.2,193.1,1081407672
1064768,333.6,-39.3,193.6,222.8,222.8,1081399630
1064818,332.8,-15.5,201.6,207.9,222.8,1081396457
1064868,334.4,31.2,220.6,207.9,193.1,1081402838
1064918,331.9,-50.2,187.6,207.9,207.9,1081392560
1064968,330.7,-23.1,196.4,193.1,207.9,1081387822
1065018,411.8,300.0,111.4,193.1,207.9,1081719968
1065068,390.6,-300.0,160.3,163.4,133.7,1081632982
1065118,375.7,-297.3,144.7,148.5,163.4,1081572092
1065168,358.1,-300.0,124.1,178.2,163.4,1081499978
1065218,348.8,-186.5,155.9,148.5,148.5,1081461786
1065268,424.4,300.0,111.4,148.5,163.4,1081771743
1065318,477.4,300.0,111.4,148.5,133.7,1081988713
1065368,434.4,-300.0,209.1,133.7,133.7,1081812502
1065418,404.9,-300.0,176.2,163.4,178.2,1081691612
1065468,463.7,300.0,111.4,207.9,207.9,1081932621
1065518,418.8,-300.0,191.7,133.7,133.7,1081748662
1065568,473.5,300.0,111.4,163.4,163.4,1081972556
1065618,428.3,-300.0,202.3,148.5,148.5,1081787675
1065668,480.1,300.0,111.4,163.4,163.4,1081999865
1065718,516.4,300.0,111.4,148.5,163.4,1082139415
1065768,541.8,300.0,111.4,118.8,104.0,1082191402
1065818,446.7,-300.0,222.8,104.0,118.8,1081863124
1065868,493.0,300.0,111.4,193.1,193.1,1082052679
1065918,525.4,300.0,111.4,148.5,163.4,1082157900
1065968,548.1,300.0,111.4,118.8,104.0,1082204341
1066018,505.5,-300.0,288.3,104.0,118.8,1082103652
1066068,482.2,-300.0,262.4,237.6,207.9,1082008467
1066118,478.0,-85.3,337.3,252.5,282.2,1081990989
1066168,479.8,36.3,371.3,282.2,282.2,1081998415
1066218,477.4,-46.6,351.1,311.9,297.0,1081988868
1066268,479.4,39.4,371.3,311.9,311.9,1081996931
1066318,482.3,57.6,371.3,311.9,311.9,1082008719
1066368,481.9,-7.7,370.5,326.7,326.7,1082007140
1066418,517.6,300.0,111.4,326.7,341.6,1082141961
1066468,542.6,300.0,111.4,207.9,133.7,1082193184
1066518,560.1,300.0,111.4,133.7,118.8,1082229040
1066568,524.7,-300.0,309.7,133.7,148.5,1082156449
1066618,547.6,300.0,111.4,252.5,267.3,1082203326
1066668,521.9,-300.0,306.6,207.9,207.9,1082150737
1066718,545.6,300.0,111.4,237.6,252.5,1082199327
1066768,516.0,-300.0,300.0,163.4,178.2,1082138722
1066818,493.8,-300.0,275.3,237.6,222.8,1082056023
1066868,491.5,-47.0,366.6,282.2,297.0,1082046397
1066918,482.6,-176.9,308.5,297.0,326.7,1082010167
1066968,518.1,300.0,111.4,297.0,326.7,1082143021
1067018,543.0,300.0,111.4,178.2,163.4,1082193926
1067068,560.4,300.0,111.4,118.8,104.0,1082229559
1067118,572.6,243.6,111.4,133.7,148.5,1082254502
1067168,581.1,170.5,111.4,178.2,163.4,1082271963
1067218,587.1,119.4,111.4,163.4,163.4,1082284185
1067268,559.2,-300.0,348.1,133.7,118.8,1082227000
1067318,571.7,251.1,111.4,297.0,237.6,1082252711
1067368,549.9,-300.0,337.7,207.9,207.9,1082208040
1067418,565.2,300.0,111.4,207.9,207.9,1082239439
1067468,576.0,214.6,111.4,222.8,178.2,1082261418
1067518,583.5,150.3,111.4,104.0,118.8,1082276804
1067568,588.7,105.2,111.4,133.7,118.8,1082287574
1067618,592.4,73.6,111.4,163.4,148.5,1082295113
1067668,595.0,51.5,111.4,118.8,148.5,1082300390
1067718,595.0,0.0,111.4,133.7,148.5,1082300390
1067768,596.8,36.1,111.4,148.5,133.7,1082304084
1067818,598.1,25.3,111.4,118.8,148.5,1082306670
1067868,562.3,-300.0,351.6,118.8,133.7,1082233523
1067918,529.2,-300.0,314.7,282.2,267.3,1082165732
1067968,505.8,-300.0,288.6,326.7,341.6,1082104895
1068018,480.6,-300.0,260.6,237.6,237.6,1082001964
1068068,443.2,-300.0,219.0,222.8,222.8,1081848811
1068118,386.2,-300.0,155.4,207.9,237.6,1081615038
1068168,321.6,-300.0,83.5,178.2,163.4,1081350635
1068218,264.4,-300.0,19.8,118.8,104.0,1081116401
1068268,217.8,-300.0,0.0,74.3,89.1,1080768953
1068318,178.9,-300.0,0.0,74.3,59.4,1080449947
1068368,146.2,-300.0,0.0,74.3,74.3,1080182406
1068418,119.1,-300.0,0.0,59.4,74.3,1079888162
1068468,97.8,-300.0,0.0,74.3,59.4,1079538481
1068518,82.3,-300.0,0.0,-29.7,74.3,1079283874
1068568,70.8,-229.6,0.0,0.0,-14.9,1079095819
1068618,63.9,-136.7,0.0,0.0,-14.9,1078982979
1068668,59.8,-83.7,0.0,0.0,0.0,1078845871
1068718,55.3,-88.6,0.0,0.0,0.0,1078700743
1068768,53.1,-44.0,0.0,0.0,0.0,1078628645
1068818,50.7,-48.8,0.0,0.0,0.0,1078548685
1068868,47.5,-64.2,0.0,0.0,0.0,1078443561
1068918,44.3,-62.9,0.0,0.0,0.0,1078340483
1068968,41.5,-56.0,0.0,0.0,0.0,1078248667
1069018,40.8,-15.2,0.0,0.0,0.0,1078223718
1069068,41.1,7.3,0.0,0.0,0.0,1078235745
1069118,39.9,-24.9,0.0,0.0,0.0,1078195012
1069168,39.9,0.0,0.0,0.0,0.0,1078195012
1069218,39.9,0.6,0.0,0.0,0.0,1078195990
1069268,39.9,0.0,0.0,0.0,0.0,1078195990
1069318,39.7,-5.6,0.0,0.0,0.0,1078186844
1069368,39.7,0.0,0.0,0.0,0.0,1078186844
1069418,40.1,8.1,0.0,0.0,0.0,1078200103
1069468,40.1,0.0,0.0,0.0,0.0,1078200103
1069518,39.7,-6.3,0.0,0.0,0.0,1078189723
1069568,39.7,0.0,0.0,0.0,0.0,1078189723
1069618,41.0,25.6,0.0,0.0,0.0,1078231609
1069668,44.0,59.9,0.0,0.0,0.0,1078329742
1069718,46.4,47.9,0.0,0.0,0.0,1078408266
1069768,48.4,39.5,0.0,0.0,0.0,1078473063
1069818,51.0,51.7,0.0,0.0,0.0,1078557742
1069868,52.2,24.2,0.0,0.0,0.0,1078597357
1069918,51.8,-7.1,0.0,0.0,0.0,1078585766
1069968,51.6,-5.0,0.0,0.0,0.0,1078577652
1070018,51.4,-3.5,0.0,0.0,0.0,1078571972
1070068,51.3,-2.4,0.0,0.0,0.0,1078567996
1070118,49.1,-43.7,0.0,0.0,0.0,1078496401
1070168,47.3,-36.6,0.0,0.0,0.0,1078436453
1070218,46.6,-13.6,0.0,0.0,0.0,1078414151
1070268,52.1,110.5,0.0,0.0,0.0,1078595147
1070318,70.4,300.0,0.0,0.0,0.0,1079089204
1070368,95.2,300.0,54.0,0.0,0.0,1079495306
1070418,108.3,263.0,54.9,0.0,0.0,1079710766
1070468,102.2,-121.9,0.0,0.0,0.0,1079610912
1070518,90.8,-229.3,0.0,0.0,0.0,1079423049
1070568,81.5,-184.5,0.0,0.0,0.0,1079271885
1070618,73.3,-165.2,0.0,0.0,0.0,1079136578
1070668,69.3,-79.6,0.0,0.0,0.0,1079071355
1070718,66.5,-55.7,0.0,0.0,0.0,1079025699
1070768,65.5,-21.0,0.0,0.0,0.0,1079008485
1070818,65.3,-2.7,0.0,0.0,0.0,1079006266
1070868,65.2,-1.9,0.0,0.0,0.0,1079004712
1070918,65.2,-1.3,0.0,0.0,0.0,1079003625
1070968,65.1,-0.9,0.0,0.0,0.0,1079002864
1071018,65.1,-0.7,0.0,0.0,0.0,1079002331
1071068,63.9,-24.5,0.0,0.0,0.0,1078979891
1071118,61.2,-53.1,0.0,0.0,0.0,1078892861
1071168,59.6,-31.2,0.0,0.0,0.0,1078841770
1071218,55.8,-75.8,0.0,0.0,0.0,1078717534
1071268,52.3,-71.1,0.0,0.0,0.0,1078601077
1071318,48.9,-67.8,0.0,0.0,0.0,1078490065
1071368,44.7,-83.4,0.0,0.0,0.0,1078353375
1071418,43.6,-22.4,0.0,0.0,0.0,1078316675
1071468,42.5,-21.7,0.0,0.0,0.0,1078281154
1071518,41.2,-27.2,0.0,0.0,0.0,1078236628
1071568,41.7,11.0,0.0,0.0,0.0,1078254612
1071618,42.4,13.7,0.0,0.0,0.0,1078277032
1071668,42.3,-2.4,0.0,0.0,0.0,1078273065
1071718,43.1,16.3,0.0,0.0,0.0,1078299779
1071768,42.8,-6.6,0.0,0.0,0.0,1078288987
1071818,41.9,-16.6,0.0,0.0,0.0,1078261773
1071868,40.2,-35.6,0.0,0.0,0.0,1078203401
1071918,39.2,-18.9,0.0,0.0,0.0,1078172371
1071968,39.7,10.7,0.0,0.0,0.0,1078189971
1072018,39.8,1.5,0.0,0.0,0.0,1078192461
1072068,40.8,19.1,0.0,0.0,0.0,1078223696
1072118,40.5,-4.7,0.0,0.0,0.0,1078216068
1072168,40.7,2.7,0.0,0.0,0.0,1078220560
1072218,42.9,43.9,0.0,0.0,0.0,1078292517
1072268,47.1,84.7,0.0,0.0,0.0,1078431360
1072318,52.2,101.3,0.0,0.0,0.0,1078597363
1072368,58.7,130.9,0.0,0.0,0.0,1078811869
1072418,65.7,139.6,0.0,0.0,0.0,1079012685
1072468,71.2,109.8,0.0,0.0,0.0,1079102595
1072518,75.9,94.8,0.0,0.0,0.0,1079180277
1072568,80.2,84.4,0.0,0.0,0.0,1079249400
1072618,83.1,59.1,0.0,0.0,0.0,1079297786
1072668,86.7,71.3,0.0,0.0,0.0,1079356233
1072718,91.9,103.9,0.0,0.0,0.0,1079441382
1072768,97.6,114.8,0.0,0.0,0.0,1079535393
1072818,102.5,98.3,0.0,0.0,0.0,1079615946
1072868,105.4,56.8,0.0,0.0,0.0,1079662503
1072918,107.1,33.8,0.0,0.0,0.0,1079690178
1072968,107.0,-0.4,0.0,0.0,0.0,1079689889
1073018,105.2,-36.2,0.0,0.0,0.0,1079660196
1073068,103.7,-31.4,0.0,0.0,0.0,1079634495
1073118,100.2,-70.0,0.0,0.0,0.0,1079577183
1073168,97.4,-55.0,0.0,0.0,0.0,1079532150
1073218,93.7,-74.5,0.0,0.0,0.0,1079471135
1073268,89.9,-76.1,0.0,0.0,0.0,1079408764
1073318,85.7,-83.3,0.0,0.0,0.0,1079340528
1073368,81.6,-82.3,0.0,0.0,0.0,1079273102
1073418,77.2,-87.6,0.0,0.0,0.0,1079201328
1073468,73.0,-85.3,0.0,0.0,0.0,1079131426
1073518,68.5,-89.7,0.0,0.0,0.0,1079057918
1073568,63.5,-98.8,0.0,0.0,0.0,1078969239
1073618,59.2,-87.2,0.0,0.0,0.0,1078826422
1073668,54.6,-91.0,0.0,0.0,0.0,1078677299
1073718,50.5,-81.7,0.0,0.0,0.0,1078543421
1073768,47.4,-63.2,0.0,0.0,0.0,1078439876
1073818,45.2,-44.2,0.0,0.0,0.0,1078367395
1073868,43.0,-43.0,0.0,0.0,0.0,1078296997
1073918,42.7,-6.1,0.0,0.0,0.0,1078287040
1073968,41.0,-34.3,0.0,0.0,0.0,1078230918
1074018,39.5,-30.0,0.0,0.0,0.0,1078181803
1074068,36.0,-69.0,0.0,0.0,0.0,1078068779
1074118,33.9,-42.3,0.0,0.0,0.0,1077999492
1074168,31.0,-59.6,0.0,0.0,0.0,1077867551
1074218,28.0,-59.7,0.0,0.0,0.0,1077671855
1074268,25.0,-59.8,0.0,0.0,0.0,1077475886
1074318,22.9,-41.9,0.0,0.0,0.0,1077338707
1074368,21.1,-35.3,0.0,0.0,0.0,1077223021
1074418,20.8,-6.7,0.0,0.0,0.0,1077201024
1074468,20.8,1.3,0.0,0.0,0.0,1077205286
1074518,21.8,18.9,0.0,0.0,0.0,1077267252
1074568,22.8,19.2,0.0,0.0,0.0,1077330289
1074618,26.1,67.5,0.0,0.0,0.0,1077551362
1074668,29.1,59.2,0.0,0.0,0.0,1077745435
1074718,32.7,71.5,0.0,0.0,0.0,1077957859
1074768,35.2,50.0,0.0,0.0,0.0,1078039813
1074818,36.9,35.0,0.0,0.0,0.0,1078097181
1074868,38.7,36.5,0.0,0.0,0.0,1078156999
1074918,41.2,49.6,0.0,0.0,0.0,1078238194
1074968,42.7,28.7,0.0,0.0,0.0,1078285200
1075018,44.0,26.1,0.0,0.0,0.0,1078327934
1075068,43.7,-5.7,0.0,0.0,0.0,1078318527
1075118,44.1,8.0,0.0,0.0,0.0,1078331602
1075168,43.1,-18.4,0.0,0.0,0.0,1078301433
1075218,43.4,5.1,0.0,0.0,0.0,1078309806
1075268,43.6,3.6,0.0,0.0,0.0,1078315668
1075318,45.8,44.5,0.0,0.0,0.0,1078388583
1075368,46.5,13.2,0.0,0.0,0.0,1078410133
1075418,49.0,51.2,0.0,0.0,0.0,1078494031
1075468,51.1,41.8,0.0,0.0,0.0,1078562589
1075518,56.2,101.3,0.0,0.0,0.0,1078728545
1075568,70.8,292.9,0.0,0.0,0.0,1079096571
1075618,103.3,300.0,63.1,0.0,0.0,1079628259
1075668,134.1,300.0,97.4,0.0,0.0,1080083215
1075718,160.2,300.0,126.4,0.0,14.9,1080296791
1075768,177.5,300.0,145.7,89.1,118.8,1080438922
1075818,185.8,164.9,104.8,133.7,104.0,1080506464
1075868,190.6,97.4,85.1,104.0,89.1,1080546371
1075918,194.6,80.2,83.2,74.3,74.3,1080579221
1075968,197.2,50.1,74.8,59.4,59.4,1080599759
1076018,197.7,11.1,61.0,59.4,74.3,1080604305
1076068,197.7,0.0,56.8,59.4,59.4,1080604305
1076118,190.6,-142.2,0.0,74.3,74.3,1080546047
1076168,190.6,0.0,48.9,-14.9,14.9,1080546047
1076218,180.8,-195.6,0.0,59.4,0.0,1080465945
1076268,180.8,0.0,38.0,14.9,0.0,1080465945
1076318,133.5,-300.0,0.0,29.7,0.0,1080078097
1076368,133.5,0.0,0.0,29.7,0.0,1080078097
1076418,99.1,-300.0,0.0,59.4,0.0,1079560267
1076468,99.1,0.0,0.0,-29.7,0.0,1079560267
1076518,76.3,-300.0,0.0,14.9,0.0,1079186075
1076568,59.7,-300.0,0.0,-29.7,0.0,1078843916
1076618,47.8,-238.2,0.0,29.7,0.0,1078453615
1076668,38.3,-190.8,0.0,-14.9,0.0,1078141082
1076718,32.5,-115.5,0.0,14.9,0.0,1077951801
1076768,27.2,-104.9,0.0,14.9,0.0,1077623836
1076818,24.2,-61.4,0.0,0.0,0.0,1077422612
1076868,22.3,-37.0,0.0,0.0,0.0,1077301415
1076918,21.0,-25.9,0.0,0.0,0.0,1077216578
1076968,20.7,-6.1,0.0,0.0,0.0,1077196513
1077018,21.4,13.7,0.0,0.0,0.0,1077241450
1077068,21.0,-8.4,0.0,0.0,0.0,1077213924
1077118,20.4,-11.9,0.0,0.0,0.0,1077174995
1077168,20.0,-8.3,0.0,0.0,0.0,1077147744
1077218,20.3,6.2,0.0,0.0,0.0,1077167990
1077268,23.5,64.3,0.0,0.0,0.0,1077378771
1077318,25.1,33.0,0.0,0.0,0.0,1077486995
1077368,27.5,47.1,0.0,0.0,0.0,1077641396
1077418,31.0,69.0,0.0,0.0,0.0,1077867441
1077468,33.7,54.3,0.0,0.0,0.0,1077990730
1077518,35.3,32.0,0.0,0.0,0.0,1078043162
1077568,36.1,16.4,0.0,0.0,0.0,1078070034
1077618,35.8,-6.5,0.0,0.0,0.0,1078059354
1077668,35.8,1.4,0.0,0.0,0.0,1078061707
1077718,36.5,13.0,0.0,0.0,0.0,1078083016
1077768,37.8,27.1,0.0,0.0,0.0,1078127423
1077818,37.0,-17.0,0.0,0.0,0.0,1078099526
1077868,38.2,24.1,0.0,0.0,0.0,1078138980
1077918,39.9,34.9,0.0,0.0,0.0,1078196089
1077968,41.8,36.4,0.0,0.0,0.0,1078255726
1078018,43.3,31.5,0.0,0.0,0.0,1078307303
1078068,45.0,34.0,0.0,0.0,0.0,1078363067
1078118,46.2,23.8,0.0,0.0,0.0,1078402102
1078168,46.8,10.7,0.0,0.0,0.0,1078419596
1078218,47.7,19.5,0.0,0.0,0.0,1078451503
1078268,47.8,1.6,0.0,0.0,0.0,1078454177
1078318,48.5,13.1,0.0,0.0,0.0,1078475709
1078368,48.3,-2.8,0.0,0.0,0.0,1078471121
1078418,48.8,10.0,0.0,0.0,0.0,1078487570
1078468,49.5,13.0,0.0,0.0,0.0,1078508915
1078518,49.0,-8.9,0.0,0.0,0.0,1078494365
1078568,47.5,-30.2,0.0,0.0,0.0,1078444859
1078618,46.5,-21.2,0.0,0.0,0.0,1078410204
1078668,45.1,-26.8,0.0,0.0,0.0,1078366285
1078718,44.2,-18.8,0.0,0.0,0.0,1078335542
1078768,43.8,-7.1,0.0,0.0,0.0,1078323852
1078818,43.6,-5.0,0.0,0.0,0.0,1078315669
1078868,44.3,14.5,0.0,0.0,0.0,1078339432
1078918,43.9,-7.8,0.0,0.0,0.0,1078326575
1078968,43.9,0.5,0.0,0.0,0.0,1078327406
1079018,49.4,108.4,0.0,0.0,0.0,1078504934
1079068,56.8,147.8,0.0,0.0,0.0,1078747169
1079118,55.3,-28.5,0.0,0.0,0.0,1078700465
1079168,52.8,-50.0,0.0,0.0,0.0,1078618619
1079218,51.4,-29.0,0.0,0.0,0.0,1078571158
1079268,49.8,-32.3,0.0,0.0,0.0,1078518275
1079318,46.2,-70.6,0.0,0.0,0.0,1078402613
1079368,42.9,-67.4,0.0,0.0,0.0,1078292159
1079418,42.3,-11.2,0.0,0.0,0.0,1078273823
1079468,41.9,-7.8,0.0,0.0,0.0,1078260988
1079518,41.0,-17.5,0.0,0.0,0.0,1078232343
1079568,41.0,-0.2,0.0,0.0,0.0,1078231952
1079618,41.3,5.8,0.0,0.0,0.0,1078241508
1079668,41.5,4.1,0.0,0.0,0.0,1078248198
1079718,42.0,8.9,0.0,0.0,0.0,1078262711
1079768,44.1,42.2,0.0,0.0,0.0,1078331853
1079818,46.2,41.5,0.0,0.0,0.0,1078399913
1079868,50.6,89.1,0.0,0.0,0.0,1078545859
1079918,51.3,14.4,0.0,0.0,0.0,1078569378
1079968,51.2,-2.0,0.0,0.0,0.0,1078566181
1080018,50.0,-25.4,0.0,0.0,0.0,1078524621
1080068,49.4,-11.8,0.0,0.0,0.0,1078505359
1080118,48.7,-14.2,0.0,0.0,0.0,1078482046
1080168,46.7,-40.0,0.0,0.0,0.0,1078416574
1080218,45.6,-22.0,0.0,0.0,0.0,1078380575
1080268,44.2,-27.4,0.0,0.0,0.0,1078335714
1080318,42.3,-37.2,0.0,0.0,0.0,1078274821
1080368,41.9,-8.0,0.0,0.0,0.0,1078261686
1080418,41.4,-11.6,0.0,0.0,0.0,1078242662
1080468,40.9,-8.1,0.0,0.0,0.0,1078229345
1080518,42.2,24.3,0.0,0.0,0.0,1078269175
1080568,43.3,23.0,0.0,0.0,0.0,1078306886
1080618,44.7,28.1,0.0,0.0,0.0,1078352945
1080668,45.4,13.7,0.0,0.0,0.0,1078375356
1080718,47.7,45.6,0.0,0.0,0.0,1078450026
1080768,46.9,-16.1,0.0,0.0,0.0,1078423651
1080818,46.3,-11.3,0.0,0.0,0.0,1078405189
1080868,46.5,4.1,0.0,0.0,0.0,1078411927
1080918,46.1,-9.1,0.0,0.0,0.0,1078396982
1080968,45.4,-12.4,0.0,0.0,0.0,1078376691
1081018,46.5,21.3,0.0,0.0,0.0,1078411639
1081068,44.9,-33.1,0.0,0.0,0.0,1078357459
1081118,43.1,-35.1,0.0,0.0,0.0,1078299872
1081168,41.9,-24.6,0.0,0.0,0.0,1078259562
1081218,40.7,-23.2,0.0,0.0,0.0,1078221514
1081268,40.2,-10.3,0.0,0.0,0.0,1078204711
1081318,37.7,-49.2,0.0,0.0,0.0,1078124136
1081368,34.8,-58.4,0.0,0.0,0.0,1078028412
1081418,31.0,-76.9,0.0,0.0,0.0,1077868717
1081468,27.1,-77.8,0.0,0.0,0.0,1077613689
1081518,23.5,-72.5,0.0,0.0,0.0,1077376187
1081568,21.8,-32.7,0.0,0.0,0.0,1077268918
1081618,21.0,-16.9,0.0,0.0,0.0,1077213491
1081668,21.6,12.2,0.0,0.0,0.0,1077253334
1081718,23.2,32.5,0.0,0.0,0.0,1077359868
1081768,25.8,52.8,0.0,0.0,0.0,1077532746
1081818,29.5,72.9,0.0,0.0,0.0,1077771725
1081868,33.2,75.1,0.0,0.0,0.0,1077976891
1081918,35.9,52.5,0.0,0.0,0.0,1078062966
1081968,35.3,-11.2,0.0,0.0,0.0,1078044575
1082018,36.1,16.1,0.0,0.0,0.0,1078071023
1082068,35.8,-6.7,0.0,0.0,0.0,1078060046
1082118,34.0,-34.7,0.0,0.0,0.0,1078003210
1082168,33.4,-12.3,0.0,0.0,0.0,1077983085
1082218,33.0,-8.6,0.0,0.0,0.0,1077968998
1082268,31.8,-24.0,0.0,0.0,0.0,1077923163
1082318,34.6,55.2,0.0,0.0,0.0,1078020064
1082368,36.5,38.6,0.0,0.0,0.0,1078083356
1082418,38.4,39.0,0.0,0.0,0.0,1078147322
1082468,40.1,33.3,0.0,0.0,0.0,1078201929
1082518,42.2,41.3,0.0,0.0,0.0,1078269644
1082568,43.3,22.9,0.0,0.0,0.0,1078307215
1082618,43.2,-1.9,0.0,0.0,0.0,1078304023
1082668,42.6,-13.4,0.0,0.0,0.0,1078282128
1082718,40.6,-39.4,0.0,0.0,0.0,1078217650
1082768,38.6,-39.5,0.0,0.0,0.0,1078152854
1082818,38.6,0.0,0.0,0.0,0.0,1078152854
1082868,36.0,-51.7,0.0,0.0,0.0,1078068175
1082918,36.0,0.0,0.0,0.0,0.0,1078068175
1082968,40.8,95.8,0.0,0.0,0.0,1078225169
1083018,40.8,0.0,0.0,0.0,0.0,1078225169
1083068,58.6,300.0,0.0,0.0,0.0,1078806924
1083118,58.6,0.0,0.0,0.0,0.0,1078806924
1083168,53.6,-99.4,0.0,0.0,0.0,1078643989
1083218,53.6,0.0,0.0,0.0,0.0,1078643989
1083268,50.1,-69.6,0.0,0.0,0.0,1078529934
1083318,46.5,-72.7,0.0,0.0,0.0,1078410775
1083368,44.2,-44.9,0.0,0.0,0.0,1078337193
1083418,43.0,-25.4,0.0,0.0,0.0,1078295517
1083468,42.4,-11.8,0.0,0.0,0.0,1078276174
1083518,42.0,-8.3,0.0,0.0,0.0,1078262633
1083568,41.1,-17.8,0.0,0.0,0.0,1078233494
1083618,40.2,-18.4,0.0,0.0,0.0,1078203267
1083668,38.6,-30.9,0.0,0.0,0.0,1078152616
1083718,39.3,14.4,0.0,0.0,0.0,1078176143
1083768,39.2,-1.9,0.0,0.0,0.0,1078172951
1083818,38.9,-7.4,0.0,0.0,0.0,1078160887
1083868,39.5,12.8,0.0,0.0,0.0,1078181932
1083918,40.3,15.0,0.0,0.0,0.0,1078206495
1083968,41.1,16.5,0.0,0.0,0.0,1078233519
1084018,39.9,-24.5,0.0,0.0,0.0,1078193454
1084068,39.6,-5.1,0.0,0.0,0.0,1078185069
1084118,39.4,-3.6,0.0,0.0,0.0,1078179199
1084168,38.1,-26.5,0.0,0.0,0.0,1078135769
1084218,38.7,11.4,0.0,0.0,0.0,1078154520
1084268,39.4,14.0,0.0,0.0,0.0,1078177476
1084318,39.3,-2.2,0.0,0.0,0.0,1078173884
1084368,39.2,-1.5,0.0,0.0,0.0,1078171370
1084418,38.5,-13.1,0.0,0.0,0.0,1078149949
1084468,36.3,-45.2,0.0,0.0,0.0,1078075972
1084518,34.4,-37.6,0.0,0.0,0.0,1078014358
1084568,31.6,-56.3,0.0,0.0,0.0,1077908025
1084618,30.5,-21.4,0.0,0.0,0.0,1077837812
1084668,29.4,-21.0,0.0,0.0,0.0,1077769003
1084718,29.0,-8.7,0.0,0.0,0.0,1077740497
1084768,29.9,17.9,0.0,0.0,0.0,1077799186
1084818,31.1,24.5,0.0,0.0,0.0,1077879590
1084868,33.8,53.2,0.0,0.0,0.0,1077994983
1084918,36.6,55.2,0.0,0.0,0.0,1078085461
1084968,38.5,38.7,0.0,0.0,0.0,1078148795
1085018,41.0,51.1,0.0,0.0,0.0,1078232451
1085068,44.3,65.7,0.0,0.0,0.0,1078340162
1085118,47.2,58.0,0.0,0.0,0.0,1078435220
1085168,48.7,28.6,0.0,0.0,0.0,1078482100
1085218,49.7,20.0,0.0,0.0,0.0,1078514917
1085268,50.7,20.0,0.0,0.0,0.0,1078547718
1085318,51.1,8.0,0.0,0.0,0.0,1078560849
1085368,51.0,-0.4,0.0,0.0,0.0,1078560210
1085418,51.0,-0.3,0.0,0.0,0.0,1078559763
1085468,50.7,-6.2,0.0,0.0,0.0,1078549620
1085518,50.8,1.7,0.0,0.0,0.0,1078552350
1085568,50.9,1.2,0.0,0.0,0.0,1078554261
1085618,50.0,-17.2,0.0,0.0,0.0,1078526107
1085668,48.2,-36.0,0.0,0.0,0.0,1078467078
1085718,46.9,-25.2,0.0,0.0,0.0,1078425758
1085768,44.3,-53.7,0.0,0.0,0.0,1078337851
1085818,41.2,-61.6,0.0,0.0,0.0,1078236995
1085868,38.4,-55.1,0.0,0.0,0.0,1078146735
1085918,38.3,-2.6,0.0,0.0,0.0,1078142535
1085968,39.1,16.2,0.0,0.0,0.0,1078169086
1086018,51.4,245.3,0.0,0.0,0.0,1078571058
1086068,70.2,300.0,0.0,0.0,0.0,1079085688
1086118,81.5,227.0,11.7,0.0,0.0,1079271661
1086168,80.2,-27.1,0.0,0.0,0.0,1079249471
1086218,66.6,-271.0,0.0,0.0,0.0,1079027500
1086268,57.4,-183.7,0.0,0.0,0.0,1078769368
1086318,53.4,-80.6,0.0,0.0,0.0,1078637361
1086368,50.9,-50.4,0.0,0.0,0.0,1078554786
1086418,51.5,12.7,0.0,0.0,0.0,1078575627
1086468,54.7,62.9,0.0,0.0,0.0,1078678689
1086518,56.9,44.0,0.0,0.0,0.0,1078750833
1086568,59.3,48.8,0.0,0.0,0.0,1078830824
1086618,60.7,28.2,0.0,0.0,0.0,1078876988
1086668,61.7,19.7,0.0,0.0,0.0,1078909303
1086718,63.3,31.8,0.0,0.0,0.0,1078961414
1086768,64.7,28.3,0.0,0.0,0.0,1078996213
1086818,66.0,25.8,0.0,0.0,0.0,1079017336
1086868,65.1,-18.0,0.0,0.0,0.0,1079002631
1086918,63.0,-42.6,0.0,0.0,0.0,1078950820
1086968,60.0,-59.8,0.0,0.0,0.0,1078852851
1087018,57.0,-59.9,0.0,0.0,0.0,1078754781
1087068,54.0,-59.9,0.0,0.0,0.0,1078656641
1087118,51.9,-41.9,0.0,0.0,0.0,1078587943
1087168,50.7,-23.4,0.0,0.0,0.0,1078549685
1087218,49.9,-16.3,0.0,0.0,0.0,1078522904
1087268,50.2,6.6,0.0,0.0,0.0,1078533649
1087318,51.4,22.6,0.0,0.0,0.0,1078570661
1087368,52.8,27.8,0.0,0.0,0.0,1078616231
1087418,53.7,19.5,0.0,0.0,0.0,1078648129
1087468,54.7,19.6,0.0,0.0,0.0,1078680289
1087518,53.6,-22.3,0.0,0.0,0.0,1078643818
1087568,51.9,-33.6,0.0,0.0,0.0,1078588797
1087618,48.9,-59.5,0.0,0.0,0.0,1078491300
1087668,46.0,-59.7,0.0,0.0,0.0,1078393561
1087718,45.4,-11.8,0.0,0.0,0.0,1078374296
1087768,44.1,-26.2,0.0,0.0,0.0,1078331319
1087818,42.5,-30.4,0.0,0.0,0.0,1078281574
1087868,41.2,-27.3,0.0,0.0,0.0,1078236923
1087918,39.3,-37.1,0.0,0.0,0.0,1078176175
1087968,39.8,10.0,0.0,0.0,0.0,1078192635
1088018,40.8,19.0,0.0,0.0,0.0,1078223817
1088068,39.6,-22.7,0.0,0.0,0.0,1078186662
1088118,39.5,-3.9,0.0,0.0,0.0,1078180315
1088168,39.9,9.3,0.0,0.0,0.0,1078195532
1088218,39.0,-17.5,0.0,0.0,0.0,1078166863
1088268,39.6,11.8,0.0,0.0,0.0,1078186116
1088318,39.7,2.2,0.0,0.0,0.0,1078189763
1088368,39.5,-4.4,0.0,0.0,0.0,1078182485
1088418,39.4,-3.1,0.0,0.0,0.0,1078177390
1088468,39.9,9.8,0.0,0.0,0.0,1078193485
1088518,42.0,42.9,0.0,0.0,0.0,1078263734
1088568,43.5,30.0,0.0,0.0,0.0,1078312908
1088618,44.8,27.0,0.0,0.0,0.0,1078357160
1088668,47.6,54.9,0.0,0.0,0.0,1078447119
1088718,51.0,68.4,0.0,0.0,0.0,1078559243
1088768,55.2,83.9,0.0,0.0,0.0,1078696711
1088818,67.1,238.7,0.0,0.0,0.0,1079036277
1088868,79.1,239.1,0.0,0.0,0.0,1079232159
1088918,84.2,101.4,0.0,0.0,0.0,1079315209
1088968,82.3,-37.0,0.0,0.0,0.0,1079284870
1089018,80.1,-43.9,0.0,0.0,0.0,1079248887
1089068,76.8,-66.7,0.0,0.0,0.0,1079194208
1089118,75.1,-34.7,0.0,0.0,0.0,1079165763
1089168,72.9,-42.3,0.0,0.0,0.0,1079131106
1089218,73.0,0.4,0.0,0.0,0.0,1079131422
1089268,77.8,96.3,0.0,0.0,0.0,1079210287
1089318,86.2,169.4,0.0,0.0,0.0,1079349050
1089368,106.3,300.0,66.4,0.0,0.0,1079677199
1089418,130.8,300.0,93.7,0.0,0.0,1080056107
1089468,147.1,300.0,111.8,0.0,0.0,1080189342
1089518,144.0,-60.3,0.0,59.4,59.4,1080164642
1089568,126.0,-300.0,0.0,14.9,0.0,1080000918
1089618,126.0,0.0,0.0,29.7,14.9,1080000918
1089668,91.2,-300.0,0.0,59.4,59.4,1079430633
1089718,91.2,0.0,0.0,0.0,14.9,1079430633
1089768,69.9,-300.0,0.0,29.7,0.0,1079080585
1089818,69.9,0.0,0.0,-14.9,0.0,1079080585
1089868,56.7,-263.1,0.0,14.9,0.0,1078745383
1089918,56.7,0.0,0.0,-14.9,0.0,1078745383
1089968,49.6,-142.2,0.0,29.7,0.0,1078512436
1090018,49.6,0.0,0.0,-14.9,0.0,1078512436
1090068,43.1,-129.5,0.0,-14.9,0.0,1078300222
1090118,38.6,-90.7,0.0,0.0,0.0,1078151672
1090168,35.7,-57.5,0.0,0.0,0.0,1078057518
1090218,32.8,-58.2,0.0,0.0,0.0,1077962118
1090268,32.0,-16.8,0.0,0.0,0.0,1077933193
1090318,31.1,-17.7,0.0,0.0,0.0,1077875091
1090368,30.7,-6.4,0.0,0.0,0.0,1077854080
1090418,30.8,1.5,0.0,0.0,0.0,1077859034
1090468,28.8,-40.9,0.0,0.0,0.0,1077724875
1090518,27.9,-16.7,0.0,0.0,0.0,1077670286
1090568,27.4,-11.7,0.0,0.0,0.0,1077632074
1090618,29.1,33.8,0.0,0.0,0.0,1077742951
1090668,30.5,29.7,0.0,0.0,0.0,1077840225
1090718,30.7,2.8,0.0,0.0,0.0,1077849335
1090768,29.9,-16.1,0.0,0.0,0.0,1077796730
1090818,29.3,-11.2,0.0,0.0,0.0,1077759906
1090868,30.4,22.1,0.0,0.0,0.0,1077832433
1090918,33.3,57.5,0.0,0.0,0.0,1077978478
1090968,34.1,16.2,0.0,0.0,0.0,1078005094
1091018,36.5,47.4,0.0,0.0,0.0,1078082708
1091068,52.2,300.0,0.0,0.0,0.0,1078599067
1091118,63.9,232.6,0.0,0.0,0.0,1078980179
1091168,71.1,144.8,0.0,0.0,0.0,1079101085
1091218,77.4,125.4,0.0,0.0,0.0,1079203796
1091268,80.6,63.8,0.0,0.0,0.0,1079256033
1091318,81.3,14.6,0.0,0.0,0.0,1079268023
1091368,67.1,-283.8,0.0,0.0,0.0,1079035571
1091418,59.0,-162.6,0.0,0.0,0.0,1078819989
1091468,54.2,-95.8,0.0,0.0,0.0,1078662965
1091518,50.2,-79.1,0.0,0.0,0.0,1078533387
1091568,46.6,-73.4,0.0,0.0,0.0,1078413192
1091618,45.8,-15.4,0.0,0.0,0.0,1078388037
1091668,81.0,300.0,38.2,0.0,0.0,1079262475
1091718,120.6,300.0,82.3,0.0,0.0,1079911509
1091768,149.8,300.0,114.9,0.0,0.0,1080211844
1091818,164.3,289.2,127.0,44.6,44.6,1080330306
1091868,172.3,160.5,88.1,133.7,133.7,1080396027
1091918,175.8,70.3,58.6,104.0,104.0,1080424829
1091968,179.2,67.2,61.1,14.9,29.7,1080452362
1092018,181.2,41.1,53.7,59.4,14.9,1080469178
1092068,175.4,-115.3,0.0,74.3,59.4,1080421967
1092118,161.8,-272.7,0.0,-29.7,0.0,1080310276
1092168,145.1,-300.0,0.0,0.0,14.9,1080173110
1092218,130.9,-282.4,0.0,0.0,59.4,1080057433
1092268,126.5,-89.7,0.0,0.0,-14.9,1080008112
1092318,132.3,117.2,27.5,0.0,14.9,1080068708
1092368,142.1,196.1,67.7,0.0,59.4,1080149010
1092418,156.8,293.2,120.1,29.7,59.4,1080269120
1092468,170.1,265.3,124.5,133.7,89.1,1080377773
1092518,157.1,-258.3,0.0,104.0,104.0,1080271967
1092568,155.6,-30.8,0.0,-29.7,14.9,1080259343
1092618,200.4,300.0,171.3,14.9,29.7,1080626519
1092668,212.6,243.5,163.8,133.7,133.7,1080726256
1092718,203.4,-183.6,0.0,178.2,133.7,1080651074
1092768,191.6,-236.5,0.0,0.0,14.9,1080554209
1092818,179.7,-237.5,0.0,14.9,0.0,1080456913
1092868,170.2,-190.3,0.0,29.7,0.0,1080378975
1092918,162.3,-157.2,0.0,44.6,0.0,1080314588
1092968,161.9,-8.0,14.0,29.7,0.0,1080311296
1093018,175.5,270.4,132.5,29.7,0.0,1080422042
1093068,193.0,300.0,163.0,74.3,74.3,1080565919
1093118,198.1,101.9,95.1,118.8,178.2,1080607650
1093168,204.7,131.3,113.4,59.4,44.6,1080661438
1093218,206.9,43.9,83.4,59.4,59.4,1080679429
1093268,200.9,-119.3,16.1,59.4,118.8,1080630583
1093318,181.4,-300.0,0.0,0.0,14.9,1080471052
1093368,165.1,-300.0,0.0,0.0,0.0,1080337263
1093418,163.0,-42.6,2.3,0.0,0.0,1080319796
1093468,174.7,234.1,118.1,0.0,0.0,1080415703
1093518,209.0,300.0,180.8,89.1,89.1,1080696650
1093568,246.2,300.0,222.2,133.7,193.1,1081001447
1093618,285.4,300.0,265.9,148.5,178.2,1081202397
1093668,326.4,300.0,311.6,193.1,207.9,1081370216
1093718,369.5,300.0,359.6,252.5,252.5,1081546671
1093768,378.9,189.1,328.9,267.3,297.0,1081585402
1093818,362.5,-300.0,129.0,267.3,282.2,1081517897
1093868,338.9,-300.0,102.8,133.7,89.1,1081421491
1093918,319.1,-300.0,80.7,44.6,74.3,1081340490
1093968,304.7,-288.9,68.8,118.8,148.5,1081281331
1094018,290.1,-292.2,51.3,104.0,118.8,1081221489
1094068,281.7,-168.5,87.8,59.4,74.3,1081186972
1094118,281.8,2.0,151.2,89.1,104.0,1081187386
1094168,289.3,151.4,215.1,163.4,163.4,1081218395
1094218,305.1,300.0,287.9,207.9,207.9,1081283110
1094268,318.3,263.2,288.9,282.2,237.6,1081337012
1094318,338.9,300.0,325.5,267.3,252.5,1081421438
1094368,368.0,300.0,358.0,267.3,282.2,1081540747
1094418,383.3,300.0,371.3,341.6,311.9,1081603374
1094468,379.9,-67.9,234.6,371.3,311.9,1081589459
1094518,360.1,-300.0,126.4,237.6,237.6,1081508449
1094568,333.4,-300.0,96.6,133.7,133.7,1081398903
1094618,304.2,-300.0,64.1,148.5,118.8,1081279213
1094668,280.4,-300.0,37.6,148.5,118.8,1081181913
1094718,260.8,-300.0,15.7,89.1,89.1,1081101515
1094768,245.9,-298.8,0.0,59.4,74.3,1080998786
1094818,233.3,-251.2,3.2,74.3,59.4,1080895912
1094868,224.8,-169.8,24.0,59.4,74.3,1080826357
1094918,220.7,-82.9,51.7,74.3,59.4,1080792415
1094968,220.8,2.0,83.3,89.1,74.3,1080793231
1095018,228.3,151.4,147.2,89.1,89.1,1080855242
1095068,232.7,88.0,128.5,148.5,133.7,1080891278
1095118,229.2,-70.4,65.8,133.7,133.7,1080862435
1095168,221.4,-157.3,24.8,104.0,89.1,1080798008
1095218,221.2,-2.1,82.3,74.3,74.3,1080797146
1095268,231.1,196.5,167.0,74.3,74.3,1080877644
1095318,274.0,300.0,253.2,148.5,133.7,1081155380
1095368,424.0,300.0,371.3,237.6,222.8,1081769841
1095418,610.9,300.0,111.4,282.2,282.2,1082332929
1095468,728.5,300.0,111.4,133.7,133.7,1082573850
1095518,805.8,300.0,111.4,44.6,14.9,1082732050
1095568,876.9,300.0,111.4,148.5,148.5,1082877811
1095618,924.1,300.0,111.4,133.7,148.5,1082974314
1095668,952.8,300.0,111.4,104.0,89.1,1083033265
1095718,964.0,223.0,111.4,104.0,118.8,1083056098
1095768,981.4,300.0,111.4,133.7,118.8,1083091742
1095818,987.6,123.7,111.4,118.8,118.8,1083104405
1095868,990.1,50.6,111.4,104.0,104.0,1083109582
1095918,997.3,143.4,111.4,118.8,118.8,1083124266
1095968,999.3,40.4,111.4,118.8,118.8,1083128400
1096018,992.9,-127.7,111.4,118.8,104.0,1083115320
1096068,1001.0,162.6,111.4,104.0,118.8,1083131969
1096118,1004.9,77.8,111.4,118.8,104.0,1083139936
1096168,1006.4,30.5,111.4,118.8,118.8,1083143056
1096218,1017.7,225.3,111.4,104.0,118.8,1083166130
1096268,1017.5,-4.3,111.4,118.8,104.0,1083165692
1096318,1026.3,177.0,111.4,118.8,118.8,1083181413
1096368,1026.3,0.0,111.4,89.1,104.0,1083181413
1096418,1062.8,300.0,111.4,148.5,133.7,1083218784
1096468,1062.8,0.0,111.4,89.1,89.1,1083218784
1096518,1084.8,300.0,111.4,133.7,133.7,1083241258
1096568,1084.8,0.0,111.4,89.1,104.0,1083241258
1096618,1099.3,289.3,111.4,133.7,118.8,1083256067
1096668,1099.3,0.0,111.4,104.0,89.1,1083256067
1096718,1134.3,300.0,111.4,118.8,133.7,1083291932
1096768,1134.3,0.0,111.4,89.1,104.0,1083291932
1096818,974.3,-300.0,111.4,133.7,118.8,1083077210
1096868,862.3,-300.0,111.4,118.8,104.0,1082847858
1096918,783.9,-300.0,111.4,89.1,118.8,1082687312
1096968,856.8,300.0,111.4,118.8,104.0,1082836664
1097018,908.8,300.0,111.4,118.8,118.8,1082943053
1097068,932.6,300.0,111.4,104.0,104.0,1082991721
1097118,946.2,272.7,111.4,104.0,118.8,1083019645
1097168,954.8,172.9,111.4,118.8,104.0,1083037348
1097218,961.8,139.0,111.4,118.8,118.8,1083051583
1097268,964.5,55.3,111.4,89.1,104.0,1083057247
1097318,964.7,2.7,111.4,133.7,118.8,1083057526
1097368,966.3,31.9,111.4,104.0,104.0,1083060793
1097418,971.3,100.3,111.4,104.0,118.8,1083071067
1097468,972.4,22.2,111.4,118.8,104.0,1083073343
1097518,975.9,69.6,111.4,118.8,104.0,1083080467
1097568,973.5,-47.3,111.4,104.0,133.7,1083075623
1097618,971.3,-45.1,111.4,104.0,104.0,1083071003
1097668,969.4,-37.6,111.4,118.8,89.1,1083067155
1097718,962.7,-134.3,111.4,118.8,133.7,1083053402
1097768,956.8,-118.0,111.4,104.0,104.0,1083041317
1097818,962.5,115.4,111.4,104.0,118.8,1083053133
1097868,964.5,38.8,111.4,118.8,104.0,1083057103
1097918,967.9,69.1,111.4,118.8,104.0,1083064183
1097968,972.5,90.4,111.4,104.0,118.8,1083073440
1098018,975.6,63.3,111.4,104.0,118.8,1083079920
1098068,992.8,300.0,111.4,118.8,104.0,1083115176
1098118,1000.1,145.0,111.4,118.8,118.8,1083130025
1098168,1010.9,215.5,111.4,104.0,104.0,1083152092
1098218,1024.7,276.9,111.4,104.0,104.0,1083179725
1098268,1049.1,300.0,111.4,118.8,133.7,1083204700
1098318,914.7,-300.0,111.4,118.8,89.1,1082955086
1098368,998.5,300.0,111.4,104.0,118.8,1083126710
1098418,879.2,-300.0,111.4,104.0,118.8,1082882508
1098468,795.8,-300.0,111.4,118.8,104.0,1082711567
1098518,737.3,-300.0,111.4,118.8,118.8,1082591908
1098568,696.4,-300.0,111.4,104.0,104.0,1082508147
1098618,667.8,-300.0,111.4,104.0,104.0,1082449514
1098668,647.8,-300.0,111.4,133.7,118.8,1082408471
1098718,633.7,-280.6,111.4,89.1,118.8,1082379741
1098768,623.9,-196.4,111.4,118.8,104.0,1082359629
1098818,617.0,-137.5,111.4,118.8,118.8,1082345552
1098868,612.2,-96.2,111.4,104.0,104.0,1082335697
1098918,608.9,-67.4,111.4,104.0,118.8,1082328799
1098968,606.5,-47.2,111.4,118.8,104.0,1082323970
1099018,604.9,-33.0,111.4,118.8,104.0,1082320590
1099068,603.7,-23.1,111.4,104.0,118.8,1082318224
1099118,602.9,-16.2,111.4,104.0,118.8,1082316568
1099168,602.3,-11.3,111.4,118.8,104.0,1082315409
1099218,601.9,-7.9,111.4,118.8,118.8,1082314597
1099268,601.6,-5.5,111.4,104.0,104.0,1082314029
1099318,601.5,-3.9,111.4,104.0,104.0,1082313631
1099368,601.3,-2.7,111.4,118.8,133.7,1082313353
1099418,601.2,-1.9,111.4,118.8,104.0,1082313158
1099468,800.4,300.0,111.4,104.0,89.1,1082720983
1099518,922.6,300.0,111.4,104.0,133.7,1082971440
1099568,979.2,300.0,111.4,118.8,104.0,1083087163
1099618,1016.0,300.0,111.4,118.8,118.8,1083162640
1099668,1020.8,96.0,111.4,104.0,104.0,1083172465
1099718,1002.0,-300.0,111.4,104.0,118.8,1083133878
1099768,985.5,-300.0,111.4,118.8,104.0,1083100108
1099818,966.1,-300.0,111.4,118.8,118.8,1083060495
1099868,942.4,-300.0,111.4,104.0,104.0,1083011876
1099918,918.3,-300.0,111.4,104.0,118.8,1082962482
1099968,893.9,-300.0,111.4,118.8,104.0,1082912547
1100018,866.0,-300.0,111.4,118.8,104.0,1082855474
1100068,844.7,-300.0,111.4,104.0,133.7,1082811837
1100118,821.1,-300.0,111.4,104.0,89.1,1082763473
1100168,803.7,-300.0,111.4,118.8,118.8,1082727775
1100218,786.1,-300.0,111.4,118.8,118.8,1082691727
1100268,763.8,-300.0,111.4,104.0,104.0,1082646218
1100318,747.4,-300.0,111.4,104.0,104.0,1082612519
1100368,735.6,-236.4,111.4,133.7,118.8,1082588315
1100418,724.0,-231.5,111.4,104.0,118.8,1082564614
1100468,711.1,-258.0,111.4,89.1,104.0,1082538193
1100518,697.6,-270.6,111.4,133.7,118.8,1082510482
1100568,684.5,-261.4,111.4,104.0,104.0,1082483712
1100618,671.2,-267.0,111.4,118.8,104.0,1082456371
1100668,655.8,-300.0,111.4,104.0,133.7,1082424944
1100718,640.6,-300.0,111.4,104.0,89.1,1082393730
1100768,625.4,-300.0,111.4,133.7,118.8,1082362663
1100818,605.2,-300.0,111.4,89.1,118.8,1082321256
1100868,586.5,-300.0,371.3,118.8,104.0,1082283055
1100918,566.0,-300.0,355.6,282.2,267.3,1082240954
1100968,545.9,-300.0,333.3,341.6,356.4,1082199810
1101018,524.0,-300.0,308.9,252.5,267.3,1082155035
1101068,503.9,-300.0,286.5,252.5,222.8,1082097292
1101118,480.8,-300.0,260.8,252.5,267.3,1082002786
1101168,454.8,-300.0,231.8,237.6,252.5,1081896081
1101218,428.7,-300.0,202.8,237.6,207.9,1081789439
1101268,403.9,-300.0,175.2,178.2,193.1,1081687756
1101318,379.6,-300.0,148.1,193.1,193.1,1081588316
1101368,357.6,-300.0,123.5,163.4,163.4,1081497818
1101418,338.2,-300.0,101.9,148.5,148.5,1081418495
1101468,320.4,-300.0,82.2,133.7,118.8,1081345765
1101518,312.5,-158.6,125.8,104.0,118.8,1081313287
1101568,313.3,15.0,191.1,148.5,148.5,1081316357
1101618,318.0,94.5,225.9,193.1,193.1,1081335709
1101668,322.2,84.1,226.7,222.8,207.9,1081352942
1101718,331.7,190.9,277.0,207.9,222.8,1081392038
1101768,342.9,223.6,301.6,237.6,237.6,1081437838
1101818,356.4,270.5,334.1,282.2,267.3,1081493245
1101868,366.2,195.4,317.1,282.2,311.9,1081533258
1101918,373.0,136.8,302.9,297.0,282.2,1081561268
1101968,373.9,17.7,259.7,267.3,267.3,1081564900
1102018,374.6,12.4,258.4,252.5,237.6,1081567443
1102068,370.2,-87.3,216.5,252.5,267.3,1081549562
1102118,362.0,-163.1,179.3,222.8,222.8,1081516156
1102168,352.7,-186.2,160.4,178.2,178.2,1081478026
1102218,340.8,-238.3,127.8,193.1,178.2,1081429216
1102268,327.1,-274.8,98.9,148.5,178.2,1081372931
1102318,310.8,-300.0,71.5,133.7,118.8,1081306498
1102368,293.5,-300.0,52.2,118.8,104.0,1081235419
1102418,277.1,-300.0,33.9,89.1,104.0,1081168460
1102468,263.0,-282.9,24.6,74.3,89.1,1081110530
1102518,247.7,-300.0,1.2,74.3,74.3,1081013865
1102568,234.6,-262.2,0.6,59.4,59.4,1080906467
1102618,221.2,-267.5,0.0,74.3,74.3,1080796882
1102668,212.4,-175.3,8.2,59.4,59.4,1080725088
1102718,203.9,-170.7,0.4,74.3,74.3,1080655171
1102768,199.1,-95.5,23.0,-29.7,-14.9,1080616060
1102818,192.8,-126.8,4.3,0.0,29.7,1080564106
1102868,185.1,-154.8,0.0,44.6,74.3,1080500704
1102918,177.8,-144.4,0.0,59.4,0.0,1080441578
1102968,174.9,-59.0,9.5,0.0,-14.9,1080417392
1103018,302.7,300.0,111.4,14.9,0.0,1081273229
1103068,392.2,300.0,111.4,104.0,74.3,1081639753
1103118,454.8,300.0,111.4,118.8,118.8,1081896320
1103168,498.7,300.0,111.4,74.3,104.0,1082075917
1103218,529.4,300.0,111.4,104.0,74.3,1082166033
1103268,550.9,300.0,111.4,89.1,104.0,1082210034
1103318,565.9,300.0,111.4,89.1,104.0,1082240835
1103368,576.4,210.6,111.4,104.0,89.1,1082262396
1103418,583.8,147.4,111.4,104.0,118.8,1082277488
1103468,589.0,103.2,111.4,104.0,89.1,1082288053
1103518,592.6,72.2,111.4,89.1,104.0,1082295448
1103568,595.1,50.6,111.4,118.8,104.0,1082300625
1103618,596.9,35.4,111.4,104.0,118.8,1082304248
1103668,598.1,24.8,111.4,89.1,89.1,1082306785
1103718,599.0,17.3,111.4,118.8,104.0,1082308561
1103768,599.6,12.1,111.4,104.0,118.8,1082309803
1103818,600.0,8.5,111.4,104.0,104.0,1082310673
1103868,600.3,5.9,111.4,104.0,104.0,1082311282
1103918,600.5,4.2,111.4,118.8,104.0,1082311709
1103968,600.7,2.9,111.4,104.0,118.8,1082312007
1104018,600.8,2.0,111.4,104.0,104.0,1082312216
1104068,600.8,1.4,111.4,104.0,104.0,1082312362
1104118,600.9,1.0,111.4,118.8,104.0,1082312465
1104168,600.9,0.7,111.4,104.0,118.8,1082312536
1104218,600.9,0.5,111.4,104.0,118.8,1082312586
1104268,601.0,0.3,111.4,118.8,89.1,1082312622
1104318,601.0,0.2,111.4,104.0,118.8,1082312646
1104368,601.0,0.2,111.4,118.8,118.8,1082312663
1104418,601.0,0.1,111.4,104.0,104.0,1082312675
1104468,601.0,0.1,111.4,104.0,104.0,1082312684
1104518,601.0,0.1,111.4,118.8,118.8,1082312690
1104568,601.0,0.0,111.4,118.8,104.0,1082312694
1104618,601.0,0.0,111.4,104.0,118.8,1082312697
1104668,601.0,0.0,111.4,104.0,118.8,1082312699
1104718,601.0,0.0,111.4,118.8,89.1,1082312700
1104768,601.0,0.0,111.4,104.0,118.8,1082312701
1104818,601.0,0.0,111.4,118.8,118.8,1082312702
1104868,601.0,0.0,111.4,104.0,118.8,1082312702
1104918,601.0,0.0,111.4,118.8,89.1,1082312703
1104968,601.0,0.0,111.4,104.0,118.8,1082312703
1105018,601.0,0.0,111.4,118.8,118.8,1082312703
1105068,601.0,0.0,111.4,104.0,104.0,1082312703
1105118,601.0,0.0,111.4,118.8,118.8,1082312703
1105168,601.0,0.0,111.4,104.0,104.0,1082312703
1105218,601.0,0.0,111.4,118.8,118.8,1082312703
1105268,601.0,0.0,111.4,104.0,104.0,1082312703
1105318,601.0,0.0,111.4,118.8,118.8,1082312703
1105368,601.0,0.0,111.4,104.0,104.0,1082312703
1105418,601.0,0.0,111.4,118.8,118.8,1082312703
1105468,601.0,0.0,111.4,104.0,104.0,1082312703
1105518,601.0,0.0,111.4,118.8,118.8,1082312703
1105568,601.0,0.0,111.4,104.0,104.0,1082312703
1105618,601.0,0.0,111.4,118.8,118.8,1082312703
1105668,601.0,0.0,111.4,104.0,104.0,1082312703
1105718,601.0,0.0,111.4,104.0,104.0,1082312703
1105768,601.0,0.0,111.4,118.8,133.7,1082312703
1105818,601.0,0.0,111.4,118.8,104.0,1082312703
1105868,601.0,0.0,111.4,104.0,89.1,1082312703
1105918,601.0,0.0,111.4,118.8,133.7,1082312703
1105968,601.0,0.0,111.4,104.0,104.0,1082312703
1106018,601.0,0.0,111.4,118.8,118.8,1082312703
1106068,448.9,-300.0,225.3,104.0,104.0,1081871974
1106118,325.0,-300.0,87.3,193.1,178.2,1081364602
1106168,234.7,-300.0,0.0,148.5,163.4,1080907538
1106218,172.1,-300.0,0.0,14.9,29.7,1080394585
1106268,129.2,-300.0,0.0,14.9,14.9,1080042891
1106318,97.6,-300.0,0.0,59.4,59.4,1079535555
1106368,74.6,-300.0,0.0,59.4,14.9,1079158946
1106418,57.6,-300.0,0.0,-14.9,-14.9,1078776444
1106468,44.9,-255.9,0.0,14.9,0.0,1078357232
1106518,37.4,-149.1,0.0,0.0,0.0,1078112936
1106568,32.5,-98.4,0.0,0.0,0.0,1077951759
1106618,28.4,-80.9,0.0,0.0,0.0,1077702421
1106668,26.5,-38.6,0.0,0.0,0.0,1077575925
1106718,25.5,-21.0,0.0,0.0,0.0,1077507039
1106768,24.7,-14.7,0.0,0.0,0.0,1077458818
1106818,24.2,-10.3,0.0,0.0,0.0,1077425064
1106868,23.2,-19.2,0.0,0.0,0.0,1077362114
1106918,22.0,-25.4,0.0,0.0,0.0,1077278728
1106968,22.3,6.2,0.0,0.0,0.0,1077299001
1107018,23.7,28.3,0.0,0.0,0.0,1077391835
1107068,24.4,13.8,0.0,0.0,0.0,1077437158
1107118,24.0,-8.3,0.0,0.0,0.0,1077409902
1107168,23.4,-11.8,0.0,0.0,0.0,1077371161
1107218,29.6,123.7,0.0,0.0,0.0,1077776581
1107268,43.8,284.6,0.0,0.0,0.0,1078322654
1107318,70.9,300.0,0.0,0.0,0.0,1079097050
1107368,70.9,0.0,0.0,0.0,0.0,1079097050
1107418,229.9,300.0,111.4,0.0,0.0,1080868044
1107468,229.9,0.0,111.4,29.7,29.7,1080868044
1107518,341.2,300.0,111.4,118.8,118.8,1081430958
1107568,341.2,0.0,111.4,89.1,89.1,1081430958
1107618,419.2,300.0,111.4,74.3,74.3,1081750163
1107668,419.2,0.0,111.4,74.3,74.3,1081750163
1107718,473.7,300.0,111.4,89.1,89.1,1081973607
1107768,511.9,300.0,111.4,74.3,74.3,1082130017
1107818,538.6,300.0,111.4,89.1,89.1,1082184968
1107868,557.3,300.0,111.4,89.1,89.1,1082223289
1107918,570.4,262.0,111.4,89.1,89.1,1082250113
1107968,579.6,183.4,111.4,104.0,104.0,1082268890
1108018,586.0,128.4,111.4,89.1,89.1,1082282034
1108068,590.5,89.9,111.4,104.0,104.0,1082291235
1108118,593.7,62.9,111.4,89.1,104.0,1082297676
1108168,595.9,44.0,111.4,104.0,89.1,1082302184
1108218,597.4,30.8,111.4,118.8,104.0,1082305340
1108268,598.5,21.6,111.4,89.1,104.0,1082307549
1108318,599.2,15.1,111.4,89.1,104.0,1082309095
1108368,599.8,10.6,111.4,118.8,104.0,1082310178
1108418,599.8,0.0,111.4,104.0,89.1,1082310178
1108468,600.1,7.4,111.4,104.0,133.7,1082310936
1108518,600.1,0.0,111.4,104.0,89.1,1082310936
1108568,448.0,-300.0,224.2,118.8,118.8,1081868270
1108618,329.8,-300.0,92.6,178.2,178.2,1081384128
1108668,245.6,-300.0,0.0,148.5,148.5,1080996314
1108718,184.2,-300.0,0.0,0.0,0.0,1080493592
1108768,139.4,-300.0,0.0,0.0,29.7,1080126942
1108818,107.8,-300.0,0.0,44.6,44.6,1079702378
1108868,87.5,-300.0,0.0,74.3,74.3,1079369111
1108918,74.4,-260.8,0.0,-14.9,-29.7,1079155485
1108968,68.6,-116.5,0.0,-14.9,0.0,1079060013
1109018,70.5,38.4,0.0,0.0,0.0,1079091488
1109068,84.8,284.9,36.8,0.0,0.0,1079324873
1109118,95.0,205.4,18.8,0.0,0.0,1079493158
1109168,106.4,227.8,39.8,0.0,0.0,1079679771
1109218,109.0,51.5,0.0,0.0,0.0,1079721926
1109268,256.6,300.0,111.4,0.0,0.0,1081084303
1109318,359.9,300.0,111.4,44.6,59.4,1081507505
1109368,432.2,300.0,111.4,104.0,104.0,1081803746
1109418,482.9,300.0,111.4,104.0,89.1,1082011115
1109468,518.3,300.0,111.4,59.4,74.3,1082143352
1109518,543.1,300.0,111.4,104.0,74.3,1082194158
1109568,560.5,300.0,111.4,89.1,104.0,1082229721
1109618,572.6,243.1,111.4,74.3,89.1,1082254616
1109668,572.6,0.0,111.4,89.1,74.3,1082254616
1109718,449.1,-300.0,225.5,118.8,118.8,1081872981
1109768,449.1,0.0,336.9,148.5,148.5,1081872981
1109818,364.8,-300.0,131.6,311.9,311.9,1081527509
1109868,364.8,0.0,243.0,133.7,133.7,1081527509
1109918,311.2,-300.0,71.8,133.7,133.7,1081307797
1109968,276.0,-300.0,32.7,148.5,148.5,1081163829
1110018,252.6,-300.0,6.6,0.0,0.0,1081054077
1110068,243.7,-177.7,42.1,29.7,44.6,1080981310
1110118,350.9,300.0,111.4,89.1,74.3,1081470601
1110168,595.7,300.0,371.3,104.0,104.0,1082301923
1110218,767.1,300.0,111.4,282.2,282.2,1082652907
1110268,884.7,300.0,111.4,163.4,163.4,1082893681
1110318,977.5,300.0,111.4,29.7,0.0,1083083727
1110368,1031.0,300.0,111.4,133.7,118.8,1083186210
1110418,1079.6,300.0,111.4,148.5,178.2,1083235966
1110468,1121.4,300.0,111.4,89.1,104.0,1083278783
1110518,1148.3,300.0,111.4,118.8,104.0,1083306296
1110568,1165.6,300.0,111.4,118.8,133.7,1083324020
1110618,1187.9,300.0,111.4,118.8,104.0,1083346872
1110668,1195.8,156.4,111.4,104.0,118.8,1083354880
1110718,1208.7,259.5,111.4,118.8,118.8,1083368166
1110768,1216.3,151.6,111.4,118.8,104.0,1083375931
1110818,1031.7,-300.0,111.4,104.0,118.8,1083186908
1110868,902.5,-300.0,111.4,118.8,118.8,1082930177
1110918,812.1,-300.0,111.4,118.8,118.8,1082744935
1110968,942.8,300.0,111.4,104.0,104.0,1083012782
1111018,1033.8,300.0,111.4,118.8,104.0,1083189027
1111068,1099.2,300.0,111.4,118.8,133.7,1083256063
1111118,1146.6,300.0,111.4,104.0,104.0,1083304524
1111168,1164.4,300.0,111.4,104.0,104.0,1083322779
1111218,1178.1,273.6,111.4,133.7,133.7,1083336787
1111268,1173.6,-90.5,111.4,104.0,104.0,1083332154
1111318,1154.8,-300.0,111.4,104.0,104.0,1083312937
1111368,1083.8,-300.0,111.4,118.8,118.8,1083240195
1111418,964.1,-300.0,111.4,104.0,118.8,1083056388
1111468,831.8,-300.0,111.4,118.8,104.0,1082785359
1111518,710.1,-300.0,111.4,118.8,104.0,1082536043
1111568,605.3,-300.0,111.4,104.0,118.8,1082321585
1111618,527.2,-300.0,312.5,104.0,118.8,1082161634
1111668,469.6,-300.0,248.3,252.5,237.6,1081956617
1111718,429.5,-300.0,203.6,252.5,252.5,1081792493
1111768,402.3,-300.0,173.4,163.4,163.4,1081681292
1111818,383.9,-300.0,152.9,133.7,148.5,1081605909
1111868,374.4,-191.7,182.5,178.2,148.5,1081566658
1111918,369.8,-92.2,214.3,163.4,178.2,1081547784
1111968,369.5,-4.5,246.6,193.1,207.9,1081546860
1112018,371.2,32.8,262.3,237.6,207.9,1081553586
1112068,374.1,59.0,275.2,222.8,237.6,1081565667
1112118,375.9,35.3,268.4,252.5,252.5,1081572894
1112168,378.6,54.7,278.7,252.5,237.6,1081584098
1112218,383.8,104.3,302.9,237.6,252.5,1081605457
1112268,389.9,121.0,315.8,282.2,282.2,1081630239
1112318,396.5,132.7,327.6,282.2,282.2,1081657417
1112368,402.4,116.9,328.2,297.0,282.2,1081681356
1112418,408.6,123.8,337.7,297.0,311.9,1081706716
1112468,418.3,194.7,371.3,311.9,311.9,1081746586
1112518,431.7,268.3,371.3,341.6,326.7,1081801528
1112568,445.9,283.8,371.3,326.7,356.4,1081859649
1112618,461.2,300.0,371.3,356.4,326.7,1081922452
1112668,472.0,214.7,371.3,341.6,341.6,1081966414
1112718,486.4,288.3,371.3,341.6,356.4,1082025449
1112768,506.7,300.0,371.3,341.6,341.6,1082108554
1112818,528.4,300.0,371.3,371.3,356.4,1082163939
1112868,547.2,300.0,371.3,341.6,356.4,1082202424
1112918,556.4,185.1,371.3,356.4,356.4,1082221377
1112968,549.1,-146.4,371.3,356.4,356.4,1082206381
1113018,534.4,-294.5,322.5,371.3,356.4,1082176224
1113068,520.8,-272.2,315.6,311.9,326.7,1082148355
1113118,514.8,-118.5,366.1,326.7,311.9,1082136219
1113168,511.9,-59.0,371.3,341.6,356.4,1082129933
1113218,514.3,48.7,371.3,386.1,386.1,1082135172
1113268,521.7,148.1,371.3,356.4,356.4,1082150339
1113318,534.1,247.7,371.3,356.4,341.6,1082175701
1113368,544.9,215.4,371.3,371.3,371.3,1082197755
1113418,556.3,228.8,371.3,356.4,386.1,1082221181
1113468,570.9,292.1,371.3,371.3,341.6,1082251095
1113518,587.4,300.0,371.3,371.3,371.3,1082284938
1113568,610.4,300.0,111.4,356.4,371.3,1082331975
1113618,648.1,300.0,111.4,237.6,193.1,1082409137
1113668,690.1,300.0,111.4,118.8,118.8,1082495100
1113718,722.1,300.0,111.4,178.2,193.1,1082560803
1113768,752.1,300.0,111.4,193.1,193.1,1082622156
1113818,774.0,300.0,111.4,148.5,163.4,1082666946
1113868,722.1,-300.0,111.4,148.5,148.5,1082560673
1113918,776.4,300.0,111.4,163.4,148.5,1082671831
1113968,805.9,300.0,111.4,148.5,163.4,1082732438
1114018,824.3,300.0,111.4,133.7,133.7,1082769948
1114068,757.3,-300.0,111.4,133.7,133.7,1082632775
1114118,710.4,-300.0,111.4,148.5,148.5,1082536754
1114168,677.6,-300.0,111.4,133.7,133.7,1082469539
1114218,734.1,300.0,111.4,118.8,133.7,1082585304
1114268,694.2,-300.0,111.4,133.7,133.7,1082503524
1114318,666.2,-300.0,111.4,133.7,118.8,1082446278
1114368,646.7,-300.0,111.4,118.8,133.7,1082406206
1114418,701.4,300.0,111.4,133.7,118.8,1082518238
1114468,716.9,300.0,111.4,118.8,133.7,1082549967
1114518,716.9,0.9,111.4,118.8,118.8,1082550058
1114568,694.7,-300.0,111.4,118.8,118.8,1082504657
1114618,651.9,-300.0,111.4,133.7,118.8,1082416965
1114668,580.8,-300.0,371.3,104.0,118.8,1082271408
1114718,504.1,-300.0,286.7,282.2,282.2,1082098013
1114768,440.8,-300.0,216.2,311.9,311.9,1081838631
1114818,389.2,-300.0,158.8,163.4,163.4,1081627573
1114868,349.0,-300.0,113.9,133.7,148.5,1081462629
1114918,319.6,-300.0,81.2,148.5,133.7,1081342253
1114968,292.1,-300.0,50.6,104.0,104.0,1081229727
1115018,266.0,-300.0,21.5,74.3,74.3,1081122697
1115068,239.6,-300.0,0.0,74.3,74.3,1080947341
1115118,215.4,-300.0,0.0,74.3,59.4,1080749308
1115168,193.1,-300.0,0.0,59.4,74.3,1080566448
1115218,173.9,-300.0,0.0,59.4,59.4,1080408955
1115268,153.8,-300.0,0.0,74.3,74.3,1080244643
1115318,137.1,-300.0,0.0,-14.9,-14.9,1080107506
1115368,124.4,-252.4,0.0,29.7,14.9,1079974995
1115418,116.2,-164.7,0.0,59.4,59.4,1079840109
1115468,110.7,-109.3,0.0,-14.9,0.0,1079750604
1115518,106.0,-94.5,0.0,14.9,29.7,1079673205
1115568,102.1,-78.1,0.0,59.4,59.4,1079609195
1115618,98.5,-72.7,0.0,0.0,14.9,1079549643
1115668,96.5,-38.9,0.0,29.7,29.7,1079517787
1115718,94.6,-39.2,0.0,-29.7,0.0,1079485657
1115768,94.7,2.5,0.0,0.0,29.7,1079487742
1115818,95.1,7.8,0.0,0.0,-14.9,1079494117
1115868,97.5,47.4,0.0,0.0,0.0,1079532986
1115918,97.9,9.2,0.0,0.0,44.6,1079540533
1115968,99.4,30.4,0.0,0.0,-14.9,1079565477
1116018,102.0,51.3,0.0,0.0,-14.9,1079607514
1116068,102.0,0.0,0.0,0.0,0.0,1079607514
1116118,105.9,77.9,0.0,0.0,0.0,1079671346
1116168,105.9,0.0,0.0,0.0,0.0,1079671346
1116218,111.9,120.5,6.1,0.0,0.0,1079770096
1116268,111.9,0.0,0.0,0.0,0.0,1079770096
1116318,120.7,174.4,35.8,0.0,0.0,1079912948
1116368,120.7,0.0,0.0,0.0,0.0,1079912948
1116418,124.7,80.1,5.2,0.0,0.0,1079978539
1116468,124.7,0.0,0.0,0.0,0.0,1079978539
1116518,129.9,104.0,19.9,0.0,0.0,1080048527
1116568,134.7,96.8,22.6,0.0,0.0,1080088189
1116618,138.1,67.8,15.6,0.0,0.0,1080115953
1116668,141.7,71.4,21.0,0.0,0.0,1080145218
1116718,143.0,26.0,5.5,0.0,0.0,1080155873
1116768,144.2,24.2,6.2,0.0,0.0,1080165790
1116818,144.4,4.9,0.0,0.0,0.0,1080167816
1116868,146.1,33.5,11.8,0.0,0.0,1080181522
1116918,146.4,5.4,1.7,0.0,0.0,1080183744
1116968,148.1,33.8,14.1,0.0,0.0,1080197587
1117018,149.5,29.7,14.2,0.0,0.0,1080209735
1117068,151.8,44.8,22.3,0.0,0.0,1080228069
1117118,155.4,73.3,37.0,0.0,0.0,1080258105
1117168,158.0,51.3,31.7,0.0,0.0,1080279131
1117218,160.4,47.9,33.1,0.0,0.0,1080298765
1117268,162.1,33.6,29.6,29.7,0.0,1080312508
1117318,164.5,47.5,37.4,74.3,0.0,1080331959
1117368,167.0,51.2,41.7,74.3,0.0,1080352947
1117418,170.6,71.9,53.4,59.4,0.0,1080382384
1117468,176.7,122.3,78.9,59.4,89.1,1080432482
1117518,184.3,151.6,98.2,89.1,104.0,1080494583
1117568,195.9,232.1,141.0,74.3,89.1,1080589664
1117618,208.2,246.5,160.1,118.8,118.8,1080690627
1117668,222.9,292.5,193.5,148.5,148.5,1080810453
1117718,243.9,300.0,219.7,148.5,178.2,1080982805
1117768,271.8,300.0,250.8,178.2,178.2,1081146721
1117818,306.4,300.0,289.3,222.8,207.9,1081288234
1117868,342.3,300.0,329.3,222.8,252.5,1081435216
1117918,401.6,300.0,371.3,282.2,282.2,1081678187
1117968,485.4,300.0,371.3,297.0,297.0,1082021528
1118018,520.1,300.0,111.4,326.7,326.7,1082146997
1118068,544.4,300.0,111.4,118.8,133.7,1082196709
1118118,561.4,300.0,111.4,74.3,29.7,1082231507
                                                                                                                                                                                                                                                                                                                                                                                                                                                                                                                                                                                                                                                                                                                                                                                                                                                                                                                                                                                                                                                                                                                                                                                                                                                                                                                                                                                                                                                                                                                                                                                                                                                                                                                                                                                                                                                                                                                                                                                                                                                                                                                                                                                                                                                                                                                                                                                                                                                                                                                                                                                                                                                                                                                                                                                                                                                                                                                                                                                                                                                                                                                                                                                                                                                                                                                                                                                                                                                                                                                                                                                                                                                                                                                                                                                                                                                                                                                                                                                                                                                                                                                                                