time_ms,phase,target_mmps,speedA_mmps,speedB_mmps,pwmA,pwmB
64931,1,109.9,118.8,59.4,58,52
64981,1,111.4,118.8,89.1,50,55
65031,1,112.9,74.3,89.1,53,65
65081,1,114.4,89.1,133.7,45,63
65131,1,115.8,74.3,133.7,63,49
65181,1,117.3,59.4,118.8,69,53
65231,1,118.8,118.8,74.3,59,62
65281,1,120.3,104.0,104.0,62,59
65331,1,121.8,104.0,89.1,64,63
65381,1,123.3,104.0,104.0,66,61
65431,1,124.7,133.7,118.8,62,57
65481,1,126.2,118.8,104.0,67,59
65531,1,127.7,118.8,118.8,67,58
65581,1,129.2,118.8,104.0,60,71
65631,1,130.7,118.8,133.7,56,70
65681,1,132.2,104.0,163.4,63,60
65731,1,133.7,89.1,148.5,67,64
65781,1,135.1,118.8,118.8,60,73
65831,1,136.6,133.7,148.5,56,69
65881,1,138.1,104.0,148.5,74,59
65931,1,139.6,118.8,133.7,75,60
65981,1,141.1,133.7,104.0,71,69
66031,1,142.6,148.5,118.8,69,67
66081,1,144.1,133.7,148.5,72,62
66131,1,145.5,163.4,133.7,64,68
66181,1,147.0,148.5,133.7,68,67
66231,2,148.5,118.8,133.7,75,69
66281,2,148.5,133.7,133.7,75,68
66331,2,148.5,118.8,148.5,80,65
66381,2,148.5,133.7,133.7,76,70
66431,2,148.5,133.7,133.7,79,70
66481,2,148.5,133.7,148.5,78,68
66531,2,148.5,148.5,148.5,75,68
66581,2,148.5,148.5,148.5,76,67
66631,2,148.5,133.7,133.7,80,71
66681,2,148.5,148.5,148.5,76,69
66731,2,148.5,163.4,163.4,71,66
66781,2,148.5,133.7,133.7,78,73
66831,2,148.5,148.5,148.5,74,71
66881,2,148.5,148.5,148.5,75,70
66931,2,148.5,148.5,148.5,75,70
66981,2,148.5,148.5,148.5,73,71
67031,2,148.5,163.4,148.5,71,70
67081,2,148.5,148.5,163.4,73,67
67131,2,148.5,148.5,148.5,74,69
67181,2,148.5,148.5,148.5,74,69
67231,2,148.5,148.5,148.5,74,69
67281,2,148.5,148.5,163.4,74,66
67331,2,148.5,148.5,148.5,73,69
67381,2,148.5,148.5,133.7,73,73
67431,2,148.5,133.7,148.5,78,69
67481,2,148.5,148.5,148.5,75,69
67531,2,148.5,163.4,133.7,72,72
67581,2,148.5,133.7,133.7,78,74
67631,2,148.5,148.5,133.7,74,75
67681,2,148.5,148.5,133.7,75,75
67731,2,148.5,148.5,148.5,75,72
67781,2,148.5,148.5,133.7,72,79
67831,2,148.5,133.7,148.5,80,72
67881,2,148.5,148.5,163.4,75,69
67931,2,148.5,163.4,148.5,71,73
67981,2,148.5,133.7,163.4,79,68
68031,2,148.5,133.7,163.4,79,68
68081,2,148.5,74.3,148.5,96,70
68131,2,148.5,-772.3,133.7,200,72
68181,2,148.5,846.5,133.7,-92,70
68231,2,148.5,59.4,118.8,60,85
68281,2,148.5,356.4,133.7,-20,77
68331,2,148.5,-14.9,133.7,74,82
68381,2,148.5,-4366.2,148.5,200,76
68431,2,148.5,1366.3,148.5,-200,74
68481,2,148.5,-104.0,118.8,30,97
68531,2,148.5,118.8,163.4,0,75
68581,2,148.5,-14.9,193.1,31,70
68631,2,148.5,0.0,148.5,39,76
68681,2,148.5,0.0,163.4,47,73
68731,2,148.5,14.9,148.5,53,74
68781,2,148.5,59.4,148.5,52,71
68831,2,148.5,89.1,163.4,51,65
68881,2,148.5,104.0,148.5,51,67
68931,2,148.5,118.8,163.4,50,63
68981,2,148.5,118.8,163.4,51,63
69031,2,148.5,118.8,163.4,50,64
69081,2,148.5,104.0,163.4,55,65
69131,2,148.5,104.0,163.4,57,64
69181,2,148.5,118.8,178.2,56,59
69231,2,148.5,118.8,148.5,58,65
69281,2,148.5,133.7,148.5,56,65
69331,2,148.5,118.8,163.4,60,62
69381,2,148.5,118.8,163.4,61,61
69431,2,148.5,148.5,148.5,56,63
69481,2,148.5,133.7,148.5,59,64
69531,2,148.5,133.7,163.4,60,60
69581,2,148.5,133.7,148.5,62,62
69631,2,148.5,133.7,148.5,61,64
69681,2,148.5,133.7,148.5,62,63
69731,2,148.5,133.7,148.5,63,63
69781,2,148.5,148.5,148.5,61,62
69831,2,148.5,133.7,133.7,65,66
69881,2,148.5,133.7,163.4,65,60
69931,2,148.5,148.5,148.5,62,63
69981,2,148.5,148.5,148.5,63,62
70031,2,148.5,148.5,148.5,61,63
70081,2,148.5,133.7,148.5,65,63
70131,2,148.5,163.4,163.4,59,58
70181,2,148.5,148.5,148.5,62,62
70231,3,148.5,148.5,148.5,63,60
70281,3,150.0,148.5,163.4,63,58
70331,3,151.5,148.5,163.4,64,57
70381,3,153.0,148.5,163.4,64,57
70431,3,154.5,148.5,148.5,65,61
70481,3,155.9,148.5,163.4,65,58
70531,3,157.4,163.4,163.4,63,57
70581,3,158.9,148.5,163.4,66,57
70631,3,160.4,163.4,163.4,64,58
70681,3,161.9,163.4,163.4,63,58
70731,3,163.4,163.4,163.4,64,58
70781,3,164.8,148.5,148.5,68,62
70831,3,166.3,148.5,148.5,69,64
70881,3,167.8,148.5,163.4,71,61
70931,3,169.3,163.4,148.5,69,65
70981,3,170.8,148.5,148.5,73,67
71031,3,172.3,163.4,148.5,70,69
71081,3,173.8,163.4,163.4,72,66
71131,3,175.2,163.4,163.4,73,67
71181,3,176.7,163.4,163.4,74,68
71231,3,178.2,163.4,163.4,75,70
71281,3,179.7,178.2,163.4,72,71
71331,3,181.2,163.4,178.2,76,68
71381,3,182.7,178.2,163.4,74,72
71431,3,184.2,163.4,178.2,78,70
71481,3,185.6,178.2,178.2,76,71
71531,3,187.1,178.2,178.2,78,71
71581,3,188.6,163.4,178.2,82,72
71631,3,190.1,178.2,178.2,81,72
71681,3,191.6,178.2,178.2,81,74
71731,3,193.1,178.2,193.1,82,71
71781,3,194.6,178.2,178.2,85,74
71831,3,196.0,178.2,193.1,84,73
71881,3,197.5,193.1,178.2,81,78
71931,3,199.0,178.2,178.2,88,77
71981,3,200.5,163.4,207.9,92,72
72031,3,202.0,193.1,178.2,87,79
72081,3,203.5,207.9,193.1,84,77
72131,3,204.9,193.1,193.1,89,77
72181,3,206.4,193.1,193.1,90,78
72231,3,207.9,207.9,193.1,86,80
72281,3,209.4,193.1,207.9,91,77
72331,3,210.9,207.9,193.1,87,83
72381,3,212.4,207.9,207.9,88,80
72431,3,213.9,193.1,193.1,92,85
72481,3,215.3,222.8,207.9,86,82
72531,3,216.8,207.9,207.9,91,82
72581,3,218.3,207.9,207.9,91,84
72631,3,219.8,222.8,207.9,90,83
72681,3,221.3,222.8,193.1,91,87
72731,4,222.8,207.9,207.9,91,89
72781,4,222.8,222.8,222.8,90,84
72831,4,222.8,237.6,237.6,86,81
72881,4,222.8,222.8,237.6,90,79
72931,4,222.8,222.8,222.8,89,83
72981,4,222.8,222.8,207.9,89,87
73031,4,222.8,207.9,207.9,94,86
73081,4,222.8,207.9,207.9,94,88
73131,4,222.8,222.8,222.8,91,85
73181,4,222.8,222.8,207.9,91,89
73231,4,222.8,222.8,222.8,90,86
73281,4,222.8,207.9,222.8,94,87
73331,4,222.8,222.8,207.9,93,88
73381,4,222.8,222.8,222.8,91,88
73431,4,222.8,207.9,207.9,95,90
73481,4,222.8,222.8,222.8,95,85
73531,4,222.8,237.6,207.9,89,91
73581,4,222.8,207.9,222.8,96,88
73631,4,222.8,207.9,222.8,97,88
73681,4,222.8,237.6,207.9,90,91
73731,4,222.8,207.9,237.6,96,85
73781,4,222.8,237.6,222.8,90,87
73831,4,222.8,237.6,207.9,90,91
73881,4,222.8,207.9,222.8,95,89
73931,4,222.8,222.8,237.6,94,84
73981,4,222.8,237.6,222.8,89,87
74031,4,222.8,222.8,237.6,93,83
74081,4,222.8,207.9,207.9,96,90
74131,4,222.8,222.8,237.6,94,83
74181,4,222.8,237.6,222.8,91,85
74231,4,222.8,222.8,222.8,93,86
74281,4,222.8,222.8,222.8,93,86
74331,4,222.8,237.6,222.8,90,85
74381,4,222.8,237.6,222.8,88,86
74431,4,222.8,222.8,237.6,91,83
74481,4,222.8,207.9,207.9,95,89
74531,4,222.8,237.6,222.8,90,85
74581,4,222.8,222.8,237.6,91,82
74631,4,222.8,237.6,222.8,88,85
74681,4,222.8,222.8,237.6,91,81
74731,4,222.8,237.6,237.6,87,80
74781,4,222.8,222.8,222.8,90,83
74831,4,222.8,222.8,207.9,90,87
74881,4,222.8,222.8,207.9,90,88
74931,4,222.8,207.9,222.8,94,85
74981,4,222.8,237.6,207.9,88,87
75031,4,222.8,222.8,222.8,91,85
75081,4,222.8,207.9,222.8,94,86
75131,4,222.8,237.6,207.9,88,89
75181,4,222.8,207.9,237.6,94,83
75231,4,222.8,222.8,207.9,91,90
75281,4,222.8,237.6,222.8,88,86
75331,4,222.8,207.9,222.8,95,85
75381,4,222.8,222.8,222.8,92,86
75431,4,222.8,222.8,222.8,91,86
75481,4,222.8,222.8,207.9,92,89
75531,4,222.8,222.8,222.8,93,86
75581,4,222.8,237.6,222.8,89,85
75631,4,222.8,222.8,193.1,91,94
75681,4,222.8,222.8,222.8,90,89
75731,4,222.8,222.8,237.6,91,85
75781,4,222.8,222.8,237.6,91,83
75831,4,222.8,222.8,222.8,91,87
75881,4,222.8,222.8,222.8,91,86
75931,4,222.8,207.9,207.9,96,89
75981,4,222.8,222.8,237.6,92,83
76031,4,222.8,207.9,222.8,96,86
76081,4,222.8,222.8,207.9,91,91
76131,4,222.8,222.8,222.8,92,87
76181,4,222.8,222.8,222.8,93,87
76231,4,222.8,207.9,222.8,96,87
76281,4,222.8,222.8,222.8,94,87
76331,4,222.8,222.8,207.9,93,92
76381,4,222.8,207.9,222.8,97,89
76431,4,222.8,222.8,222.8,95,87
76481,4,222.8,222.8,222.8,94,88
76531,4,222.8,237.6,237.6,92,83
76581,4,222.8,237.6,237.6,91,82
76631,4,222.8,207.9,207.9,96,91
76681,4,222.8,207.9,207.9,97,91
76731,5,222.8,222.8,193.1,95,95
76781,5,221.3,222.8,222.8,94,89
76831,5,219.8,222.8,207.9,91,95
76881,5,218.3,207.9,222.8,95,91
76931,5,216.8,222.8,222.8,92,90
76981,5,215.3,222.8,222.8,92,88
77031,5,213.9,207.9,207.9,94,92
77081,5,212.4,222.8,222.8,91,87
77131,5,210.9,222.8,207.9,91,89
77181,5,209.4,207.9,207.9,92,91
77231,5,207.9,222.8,207.9,88,91
77281,5,206.4,207.9,222.8,91,86
77331,5,204.9,207.9,207.9,91,88
77381,5,203.5,207.9,207.9,90,88
77431,5,202.0,207.9,207.9,88,89
77481,5,200.5,222.8,222.8,83,85
77531,5,199.0,207.9,207.9,87,85
77581,5,197.5,207.9,207.9,87,83
77631,5,196.0,207.9,207.9,86,83
77681,5,194.6,193.1,193.1,88,86
77731,5,193.1,207.9,207.9,84,81
77781,5,191.6,178.2,193.1,91,84
77831,5,190.1,193.1,193.1,87,84
77881,5,188.6,193.1,193.1,86,84
77931,5,187.1,178.2,207.9,91,78
77981,5,185.6,193.1,193.1,87,80
78031,5,184.2,193.1,178.2,87,83
78081,5,182.7,178.2,178.2,89,83
78131,5,181.2,193.1,193.1,83,82
78181,5,179.7,178.2,193.1,87,79
78231,5,178.2,178.2,178.2,88,81
78281,5,176.7,193.1,178.2,82,82
78331,5,175.2,178.2,178.2,86,80
78381,5,173.8,178.2,178.2,85,80
78431,5,172.3,207.9,193.1,76,76
78481,5,170.8,193.1,193.1,79,74
78531,5,169.3,178.2,193.1,80,73
78581,5,167.8,193.1,193.1,76,71
78631,5,166.3,163.4,163.4,82,77
78681,5,164.8,163.4,163.4,81,77
78731,5,163.4,178.2,163.4,78,76
78781,5,161.9,178.2,163.4,76,76
78831,5,160.4,163.4,163.4,79,75
78881,5,158.9,163.4,148.5,79,78
78931,5,157.4,178.2,163.4,73,76
78981,5,155.9,163.4,178.2,76,71
79031,5,154.5,163.4,163.4,75,73
79081,5,153.0,163.4,148.5,74,76
79131,5,151.5,163.4,163.4,73,73
79181,5,150.0,148.5,163.4,77,70
79231,6,148.5,163.4,163.4,72,69
79281,6,147.0,163.4,133.7,71,76
79331,6,145.5,148.5,163.4,74,68
79381,6,144.1,163.4,148.5,70,71
79431,6,142.6,148.5,148.5,73,70
79481,6,141.1,148.5,148.5,71,70
79531,6,139.6,148.5,148.5,71,68
79581,6,138.1,133.7,148.5,74,68
79631,6,136.6,148.5,133.7,71,69
79681,6,135.1,148.5,148.5,68,67
79731,6,133.7,148.5,148.5,67,66
79781,6,132.2,133.7,133.7,70,68
79831,6,130.7,148.5,133.7,66,67
79881,6,129.2,148.5,148.5,65,63
79931,6,127.7,148.5,133.7,63,65
79981,6,126.2,133.7,133.7,66,65
80031,6,124.7,133.7,148.5,64,61
80081,6,123.3,148.5,133.7,61,62
80131,6,121.8,133.7,133.7,62,61
80181,6,120.3,118.8,118.8,65,64
80231,6,118.8,118.8,133.7,65,60
80281,6,117.3,118.8,133.7,62,61
80331,6,115.8,118.8,133.7,64,57
80381,6,114.4,118.8,118.8,63,60
80431,6,112.9,118.8,118.8,63,60
80481,6,111.4,104.0,133.7,66,55
80531,6,109.9,118.8,118.8,62,57
80581,6,108.4,118.8,118.8,60,57
80631,6,106.9,118.8,104.0,61,59
80681,6,105.4,104.0,118.8,64,54
80731,6,104.0,118.8,118.8,59,54
80781,6,102.5,118.8,89.1,57,61
80831,6,101.0,104.0,118.8,60,53
80881,6,99.5,104.0,104.0,60,56
80931,6,98.0,104.0,104.0,59,55
80981,6,96.5,118.8,104.0,54,55
81031,6,95.0,104.0,104.0,57,53
81081,6,93.6,89.1,104.0,60,53
81131,6,92.1,104.0,104.0,57,51
81181,6,90.6,104.0,118.8,61,41
81231,6,89.1,118.8,104.0,53,46
81281,6,87.6,104.0,118.8,52,43
81331,6,86.1,104.0,104.0,52,44
81381,6,84.7,104.0,104.0,50,44
81431,6,83.2,118.8,104.0,46,41
81481,6,81.7,104.0,104.0,46,41
81531,6,80.2,104.0,104.0,43,40
81581,6,78.7,104.0,104.0,43,37
81631,6,77.2,89.1,104.0,44,37
81681,6,75.7,104.0,89.1,40,38
81731,6,74.3,89.1,74.3,42,41
81781,6,72.8,89.1,89.1,41,36
81831,6,71.3,89.1,89.1,40,35
81881,6,69.8,74.3,74.3,41,39
81931,6,68.3,89.1,59.4,37,41
81981,6,66.8,74.3,89.1,39,34
82031,6,65.3,89.1,89.1,35,32
82081,6,63.9,74.3,59.4,38,37
82131,6,62.4,74.3,74.3,36,34
82181,6,60.9,74.3,74.3,35,33
82231,6,59.4,74.3,74.3,35,31
82281,6,57.9,74.3,59.4,33,34
82331,6,56.4,74.3,59.4,32,34
82381,6,54.9,59.4,74.3,34,30
82431,6,53.5,59.4,59.4,34,32
82481,6,52.0,74.3,59.4,29,31
82531,6,50.5,59.4,74.3,32,26
82581,6,49.0,59.4,59.4,31,28
82631,6,47.5,59.4,44.6,30,31
82681,6,46.0,44.6,59.4,33,27
82731,6,44.6,59.4,59.4,29,26
82781,6,43.1,59.4,44.6,27,29
82831,6,41.6,44.6,44.6,30,28
82881,6,40.1,44.6,59.4,30,24
82931,6,38.6,59.4,44.6,25,26
82981,6,37.1,44.6,44.6,28,25
83031,6,35.6,44.6,44.6,27,25
83081,6,34.2,44.6,29.7,26,27
83131,6,32.7,44.6,44.6,25,23
83181,6,31.2,44.6,44.6,24,23
83231,6,29.7,29.7,29.7,27,24
83281,6,28.2,29.7,29.7,26,25
83331,6,26.7,29.7,29.7,26,24
83381,6,25.2,44.6,44.6,21,20
83431,6,23.8,29.7,14.9,24,26
83481,6,22.3,14.9,29.7,26,23
83531,6,20.8,29.7,29.7,22,23
83581,6,19.3,29.7,14.9,21,26
83631,6,17.8,29.7,44.6,20,20
83681,6,16.3,29.7,29.7,20,20
83731,6,14.9,0.0,29.7,26,20
83781,6,13.4,0.0,29.7,28,20
83831,6,11.9,0.0,14.9,28,20
83881,6,10.4,0.0,29.7,27,20
83931,6,8.9,0.0,29.7,26,20
83981,6,7.4,0.0,29.7,23,20
84031,6,5.9,0.0,29.7,20,20
84081,6,4.5,0.0,29.7,20,20
84131,6,3.0,0.0,44.6,26,20
84181,6,1.5,0.0,14.9,25,20
84231,0,0.0,0.0,0.0,25,20
84281,0,0.0,0.0,0.0,25,20
84331,0,0.0,0.0,0.0,25,20
84381,0,0.0,0.0,0.0,26,20
84431,0,0.0,0.0,14.9,25,20
84481,0,0.0,0.0,29.7,28,20
84531,0,0.0,0.0,29.7,27,20
84581,0,0.0,0.0,14.9,27,20
84631,0,0.0,0.0,29.7,26,0
84681,0,0.0,0.0,0.0,27,20
84731,0,0.0,0.0,0.0,33,-20
84781,0,0.0,0.0,0.0,26,20
84831,0,0.0,0.0,0.0,27,20
84881,0,0.0,0.0,0.0,27,20
84931,0,0.0,0.0,0.0,27,20
84981,0,0.0,0.0,0.0,27,20
85031,0,0.0,0.0,0.0,26,20
85081,0,0.0,0.0,0.0,28,20
85131,0,0.0,0.0,0.0,27,20
85181,0,0.0,0.0,0.0,27,20
85231,0,0.0,0.0,0.0,27,20
85281,0,0.0,0.0,0.0,27,20
85331,0,0.0,0.0,0.0,27,20
85381,0,0.0,0.0,0.0,27,20
85431,0,0.0,0.0,0.0,27,20
85481,0,0.0,0.0,0.0,27,20
85531,0,0.0,0.0,0.0,27,20
85581,0,0.0,0.0,0.0,27,20
85631,0,0.0,0.0,0.0,27,20
85681,0,0.0,0.0,0.0,27,20
85731,0,0.0,0.0,0.0,27,20
85781,0,0.0,0.0,0.0,27,20
85831,0,0.0,0.0,0.0,27,20
85881,0,0.0,0.0,0.0,27,20
85931,0,0.0,0.0,0.0,27,20
85981,0,0.0,0.0,0.0,27,20
86031,0,0.0,0.0,0.0,27,20
86081,0,0.0,0.0,0.0,27,20
86131,0,0.0,0.0,0.0,27,20
86181,0,0.0,0.0,0.0,27,20
86231,0,0.0,0.0,0.0,27,20
86281,0,0.0,0.0,0.0,27,20
86331,0,0.0,0.0,0.0,27,20
86381,0,0.0,0.0,0.0,27,20
86431,0,0.0,0.0,0.0,27,20
86481,0,0.0,0.0,0.0,27,20
86531,0,0.0,0.0,0.0,27,20
86581,0,0.0,0.0,0.0,27,20
86631,0,0.0,0.0,0.0,27,20
86681,0,0.0,0.0,0.0,27,20
86731,0,0.0,0.0,0.0,28,20
86781,0,0.0,0.0,0.0,27,20
86831,0,0.0,0.0,0.0,28,20
86881,0,0.0,0.0,0.0,28,20
86931,0,0.0,0.0,0.0,28,20
86981,0,0.0,0.0,0.0,28,20
87031,0,0.0,0.0,0.0,28,20
87081,0,0.0,0.0,0.0,28,20
87131,0,0.0,0.0,0.0,28,20
87181,0,0.0,0.0,0.0,28,20
87231,0,0.0,0.0,0.0,28,20
87281,0,0.0,0.0,0.0,28,20
87331,0,0.0,0.0,0.0,28,20
87381,0,0.0,0.0,0.0,28,20
87431,0,0.0,0.0,0.0,28,20
87481,0,0.0,0.0,0.0,28,20
87531,0,0.0,0.0,0.0,28,20
87581,0,0.0,0.0,0.0,28,20
87631,0,0.0,0.0,0.0,28,20
87681,0,0.0,0.0,0.0,28,20
87731,0,0.0,0.0,0.0,28,20
87781,0,0.0,0.0,0.0,28,20
87831,0,0.0,0.0,0.0,28,20
87881,0,0.0,0.0,0.0,28,20
87931,0,0.0,0.0,0.0,28,20
87981,0,0.0,0.0,0.0,28,20
88031,0,0.0,0.0,0.0,28,20
88081,0,0.0,0.0,0.0,28,20
88131,0,0.0,0.0,0.0,28,20
88181,0,0.0,0.0,0.0,28,20
88231,1,0.0,0.0,0.0,28,20
88281,1,1.5,0.0,0.0,28,20
88331,1,3.0,0.0,0.0,29,20
88381,1,4.5,0.0,0.0,29,20
88431,1,5.9,0.0,0.0,30,20
88481,1,7.4,0.0,0.0,31,20
88531,1,8.9,0.0,0.0,32,20
88581,1,10.4,0.0,0.0,33,20
88631,1,11.9,0.0,0.0,34,20
88681,1,13.4,0.0,0.0,35,20
88731,1,14.9,0.0,0.0,36,20
88781,1,16.3,0.0,0.0,37,20
88831,1,17.8,0.0,0.0,38,20
88881,1,19.3,0.0,0.0,39,20
88931,1,20.8,0.0,0.0,41,20
88981,1,22.3,0.0,0.0,42,20
89031,1,23.8,0.0,0.0,44,20
89081,1,25.2,0.0,0.0,46,21
89131,1,26.7,14.9,0.0,44,23
89181,1,28.2,74.3,0.0,34,20
89231,1,29.7,59.4,0.0,35,23
89281,1,31.2,59.4,0.0,34,24
89331,1,32.7,59.4,0.0,34,25
89381,1,34.2,59.4,0.0,33,27
89431,1,35.6,59.4,0.0,33,29
89481,1,37.1,59.4,0.0,33,30
89531,1,38.6,74.3,0.0,28,32
89581,1,40.1,59.4,0.0,30,35
89631,1,41.6,59.4,0.0,30,37
89681,1,43.1,44.6,0.0,33,40
89731,1,44.6,44.6,0.0,34,42
89781,1,46.0,44.6,14.9,35,40
89831,1,47.5,59.4,0.0,33,45
89881,1,49.0,74.3,14.9,29,44
89931,1,50.5,59.4,89.1,27,32
89981,1,52.0,74.3,89.1,24,30
90031,1,53.5,59.4,74.3,27,32
90081,1,54.9,44.6,59.4,30,35
90131,1,56.4,59.4,74.3,28,31
90181,1,57.9,44.6,59.4,31,35
90231,1,59.4,59.4,74.3,28,32
90281,1,60.9,44.6,74.3,31,33
90331,1,62.4,59.4,74.3,30,31
90381,1,63.9,59.4,74.3,31,30
90431,1,65.3,74.3,74.3,28,30
90481,1,66.8,59.4,44.6,33,36
90531,1,68.3,74.3,59.4,28,35
90581,1,69.8,74.3,74.3,28,32
90631,1,71.3,59.4,74.3,32,33
90681,1,72.8,59.4,59.4,33,37
90731,1,74.3,59.4,74.3,34,35
90781,1,75.7,74.3,74.3,32,34
90831,1,77.2,74.3,74.3,33,34
90881,1,78.7,74.3,89.1,34,31
90931,1,80.2,74.3,59.4,34,38
90981,1,81.7,59.4,74.3,37,37
91031,1,83.2,74.3,74.3,36,37
91081,1,84.7,89.1,89.1,32,35
91131,1,86.1,74.3,74.3,36,40
91181,1,87.6,59.4,89.1,41,36
91231,1,89.1,89.1,89.1,36,36
91281,1,90.6,74.3,74.3,41,39
91331,1,92.1,104.0,74.3,34,41
91381,1,93.6,89.1,104.0,37,35
91431,1,95.0,74.3,89.1,41,39
91481,1,96.5,104.0,89.1,36,39
91531,1,98.0,74.3,104.0,43,37
91581,1,99.5,89.1,89.1,41,40
91631,1,101.0,104.0,89.1,38,42
91681,1,102.5,104.0,118.8,39,34
91731,1,104.0,104.0,89.1,39,41
91781,1,105.4,89.1,89.1,43,43
91831,1,106.9,89.1,104.0,44,41
91881,1,108.4,89.1,104.0,45,41
91931,1,109.9,118.8,104.0,41,40
91981,1,111.4,104.0,104.0,43,42
92031,1,112.9,104.0,104.0,44,42
92081,1,114.4,104.0,89.1,44,48
92131,1,115.8,89.1,118.8,48,43
92181,1,117.3,104.0,118.8,49,41
92231,1,118.8,133.7,118.8,42,41
92281,1,120.3,104.0,89.1,49,50
92331,1,121.8,118.8,104.0,46,48
92381,1,123.3,104.0,133.7,49,43
92431,1,124.7,118.8,118.8,48,45
92481,1,126.2,118.8,118.8,50,45
92531,1,127.7,133.7,89.1,47,53
92581,1,129.2,118.8,118.8,49,50
92631,1,130.7,118.8,133.7,50,47
92681,1,132.2,118.8,133.7,52,47
92731,1,133.7,133.7,118.8,51,49
92781,1,135.1,133.7,118.8,50,51
92831,1,136.6,148.5,133.7,47,48
92881,1,138.1,118.8,133.7,53,50
92931,1,139.6,133.7,104.0,52,57
92981,1,141.1,133.7,133.7,52,52
93031,1,142.6,148.5,133.7,49,53
93081,1,144.1,133.7,133.7,53,54
93131,1,145.5,133.7,133.7,54,55
93181,1,147.0,133.7,133.7,55,56
93231,2,148.5,148.5,148.5,52,53
93281,2,148.5,148.5,148.5,52,53
93331,2,148.5,133.7,148.5,56,53
93381,2,148.5,148.5,148.5,53,53
93431,2,148.5,118.8,133.7,59,58
93481,2,148.5,133.7,148.5,57,55
93531,2,148.5,133.7,148.5,57,56
93581,2,148.5,133.7,163.4,58,52
93631,2,148.5,133.7,148.5,60,54
93681,2,148.5,148.5,148.5,57,54
93731,2,148.5,148.5,148.5,57,54
93781,2,148.5,133.7,148.5,60,55
93831,2,148.5,133.7,148.5,60,55
93881,2,148.5,133.7,163.4,60,52
93931,2,148.5,148.5,163.4,54,55
93981,2,148.5,118.8,148.5,59,60
94031,2,148.5,118.8,178.2,63,50
94081,2,148.5,133.7,163.4,64,50
94131,2,148.5,133.7,148.5,67,51
94181,2,148.5,163.4,133.7,61,53
94231,2,148.5,163.4,133.7,60,54
94281,2,148.5,163.4,133.7,59,55
94331,2,148.5,163.4,148.5,57,53
94381,2,148.5,163.4,163.4,56,50
94431,2,148.5,163.4,163.4,53,51
94481,2,148.5,133.7,148.5,62,52
94531,2,148.5,133.7,148.5,63,52
94581,2,148.5,133.7,148.5,64,52
94631,2,148.5,148.5,148.5,62,51
94681,2,148.5,148.5,133.7,61,56
94731,2,148.5,148.5,163.4,57,52
94781,2,148.5,148.5,163.4,62,47
94831,2,148.5,148.5,133.7,61,55
94881,2,148.5,148.5,148.5,61,51
94931,2,148.5,148.5,148.5,60,52
94981,2,148.5,148.5,148.5,62,51
95031,2,148.5,133.7,133.7,66,54
95081,2,148.5,163.4,133.7,59,55
95131,2,148.5,133.7,133.7,65,57
95181,2,148.5,148.5,148.5,63,52
95231,2,148.5,163.4,148.5,60,52
95281,2,148.5,163.4,133.7,58,57
95331,2,148.5,163.4,163.4,59,48
95381,2,148.5,148.5,148.5,62,52
95431,2,148.5,163.4,133.7,58,56
95481,2,148.5,163.4,148.5,54,56
95531,2,148.5,133.7,163.4,63,49
95581,2,148.5,163.4,148.5,58,51
95631,2,148.5,133.7,118.8,64,59
95681,2,148.5,133.7,133.7,63,58
95731,2,148.5,148.5,148.5,61,55
95781,2,148.5,148.5,148.5,61,55
95831,2,148.5,148.5,148.5,60,56
95881,2,148.5,133.7,163.4,63,53
95931,2,148.5,163.4,163.4,58,51
95981,2,148.5,148.5,148.5,60,54
96031,2,148.5,163.4,148.5,55,55
96081,2,148.5,133.7,163.4,61,52
96131,2,148.5,148.5,148.5,59,54
96181,2,148.5,133.7,148.5,62,55
96231,2,148.5,163.4,163.4,58,49
96281,2,148.5,148.5,148.5,61,52
96331,2,148.5,148.5,133.7,61,56
96381,2,148.5,163.4,148.5,57,52
96431,2,148.5,148.5,148.5,60,52
96481,2,148.5,163.4,133.7,58,55
96531,2,148.5,163.4,133.7,57,56
96581,2,148.5,163.4,148.5,55,53
96631,2,148.5,148.5,148.5,58,54
96681,2,148.5,148.5,133.7,59,56
96731,2,148.5,178.2,148.5,51,54
96781,2,148.5,148.5,148.5,56,55
96831,2,148.5,163.4,148.5,52,55
96881,2,148.5,148.5,148.5,56,54
96931,2,148.5,148.5,133.7,55,59
96981,2,148.5,148.5,163.4,55,53
97031,2,148.5,148.5,148.5,56,54
97081,2,148.5,163.4,133.7,53,57
97131,2,148.5,133.7,148.5,58,56
97181,2,148.5,148.5,163.4,56,51
97231,3,148.5,148.5,133.7,55,59
97281,3,150.0,148.5,148.5,56,55
97331,3,151.5,148.5,148.5,56,56
97381,3,153.0,148.5,148.5,58,56
97431,3,154.5,148.5,148.5,58,57
97481,3,155.9,163.4,163.4,55,53
97531,3,157.4,148.5,148.5,58,58
97581,3,158.9,163.4,163.4,56,55
97631,3,160.4,148.5,148.5,60,58
97681,3,161.9,163.4,163.4,58,55
97731,3,163.4,163.4,148.5,58,59
97781,3,164.8,163.4,163.4,58,57
97831,3,166.3,163.4,163.4,59,57
97881,3,167.8,163.4,148.5,58,62
97931,3,169.3,148.5,163.4,64,59
97981,3,170.8,178.2,163.4,58,59
98031,3,172.3,163.4,163.4,61,61
98081,3,173.8,163.4,163.4,62,62
98131,3,175.2,178.2,163.4,58,64
98181,3,176.7,163.4,178.2,62,61
98231,3,178.2,163.4,193.1,63,58
98281,3,179.7,178.2,163.4,62,63
98331,3,181.2,163.4,163.4,66,65
98381,3,182.7,178.2,178.2,64,62
98431,3,184.2,178.2,178.2,65,62
98481,3,185.6,193.1,178.2,61,64
98531,3,187.1,178.2,178.2,65,64
98581,3,188.6,178.2,178.2,65,65
98631,3,190.1,178.2,178.2,66,66
98681,3,191.6,178.2,193.1,68,63
98731,3,193.1,207.9,193.1,61,64
98781,3,194.6,178.2,178.2,67,69
98831,3,196.0,178.2,193.1,70,65
98881,3,197.5,193.1,193.1,67,66
98931,3,199.0,207.9,193.1,64,66
98981,3,200.5,193.1,193.1,68,67
99031,3,202.0,193.1,193.1,68,69
99081,3,203.5,193.1,193.1,68,70
99131,3,204.9,178.2,207.9,75,65
99181,3,206.4,207.9,193.1,69,69
99231,3,207.9,193.1,193.1,73,71
99281,3,209.4,207.9,207.9,72,66
99331,3,210.9,207.9,193.1,72,71
99381,3,212.4,207.9,193.1,72,73
99431,3,213.9,222.8,193.1,69,74
99481,3,215.3,193.1,207.9,75,73
99531,3,216.8,207.9,207.9,73,73
99581,3,218.3,207.9,207.9,74,74
99631,3,219.8,207.9,207.9,77,74
99681,3,221.3,222.8,207.9,73,75
99731,4,222.8,222.8,222.8,73,73
99781,4,222.8,207.9,207.9,77,76
99831,4,222.8,222.8,222.8,75,72
99881,4,222.8,222.8,222.8,72,76
99931,4,222.8,193.1,207.9,81,79
99981,4,222.8,222.8,237.6,76,70
100031,4,222.8,222.8,207.9,77,76
100081,4,222.8,222.8,207.9,76,78
100131,4,222.8,222.8,237.6,75,73
100181,4,222.8,207.9,207.9,80,78
100231,4,222.8,222.8,222.8,77,75
100281,4,222.8,222.8,222.8,76,76
100331,4,222.8,237.6,207.9,73,79
100381,4,222.8,207.9,222.8,81,75
100431,4,222.8,222.8,207.9,79,77
100481,4,222.8,222.8,222.8,78,76
100531,4,222.8,237.6,207.9,73,81
100581,4,222.8,207.9,222.8,79,78
100631,4,222.8,222.8,222.8,77,78
100681,4,222.8,237.6,237.6,72,75
100731,4,222.8,207.9,222.8,79,78
100781,4,222.8,222.8,222.8,77,77
100831,4,222.8,222.8,222.8,77,76
100881,4,222.8,222.8,222.8,77,76
100931,4,222.8,222.8,222.8,77,77
100981,4,222.8,222.8,222.8,77,77
101031,4,222.8,222.8,222.8,77,76
101081,4,222.8,222.8,222.8,77,76
101131,4,222.8,222.8,207.9,78,79
101181,4,222.8,222.8,237.6,77,74
101231,4,222.8,222.8,222.8,76,77
101281,4,222.8,222.8,222.8,77,77
101331,4,222.8,207.9,222.8,81,77
101381,4,222.8,222.8,222.8,77,77
101431,4,222.8,222.8,222.8,77,77
101481,4,222.8,207.9,222.8,82,76
101531,4,222.8,237.6,222.8,73,78
101581,4,222.8,207.9,222.8,80,78
101631,4,222.8,222.8,237.6,78,74
101681,4,222.8,222.8,222.8,79,76
101731,4,222.8,222.8,207.9,80,78
101781,4,222.8,237.6,222.8,75,76
101831,4,222.8,222.8,222.8,77,77
101881,4,222.8,222.8,222.8,77,77
101931,4,222.8,222.8,222.8,78,76
101981,4,222.8,222.8,222.8,78,76
102031,4,222.8,222.8,222.8,78,76
102081,4,222.8,222.8,222.8,76,78
102131,4,222.8,222.8,237.6,78,73
102181,4,222.8,207.9,207.9,82,79
102231,4,222.8,237.6,222.8,75,76
102281,4,222.8,237.6,222.8,73,78
102331,4,222.8,207.9,222.8,80,78
102381,4,222.8,207.9,222.8,82,76
102431,4,222.8,237.6,222.8,77,74
102481,4,222.8,222.8,222.8,78,76
102531,4,222.8,237.6,222.8,76,75
102581,4,222.8,222.8,207.9,78,79
102631,4,222.8,222.8,222.8,77,77
102681,4,222.8,222.8,222.8,77,77
102731,4,222.8,222.8,222.8,78,76
102781,4,222.8,222.8,207.9,78,80
102831,4,222.8,222.8,222.8,71,84
102881,4,222.8,207.9,237.6,77,78
102931,4,222.8,222.8,237.6,76,75
102981,4,222.8,207.9,222.8,82,76
103031,4,222.8,222.8,222.8,77,78
103081,4,222.8,237.6,237.6,76,71
103131,4,222.8,207.9,222.8,82,75
103181,4,222.8,222.8,207.9,79,79
103231,4,222.8,222.8,222.8,81,74
103281,4,222.8,237.6,222.8,76,75
103331,4,222.8,222.8,207.9,78,80
103381,4,222.8,222.8,222.8,77,78
103431,4,222.8,222.8,237.6,77,74
103481,4,222.8,222.8,222.8,78,76
103531,4,222.8,222.8,207.9,78,80
103581,4,222.8,222.8,237.6,78,73
103631,4,222.8,237.6,222.8,75,75
103681,4,222.8,222.8,222.8,78,76
103731,5,222.8,222.8,207.9,77,81
103781,5,221.3,222.8,237.6,76,74
103831,5,219.8,222.8,222.8,76,75
103881,5,218.3,222.8,222.8,76,75
103931,5,216.8,222.8,222.8,75,75
103981,5,215.3,207.9,237.6,78,70
104031,5,213.9,222.8,193.1,77,77
104081,5,212.4,222.8,207.9,74,76
104131,5,210.9,222.8,222.8,73,72
104181,5,209.4,222.8,207.9,71,76
104231,5,207.9,193.1,222.8,77,73
104281,5,206.4,222.8,207.9,69,75
104331,5,204.9,207.9,222.8,71,72
104381,5,203.5,193.1,222.8,75,70
104431,5,202.0,207.9,207.9,73,71
104481,5,200.5,207.9,207.9,73,69
104531,5,199.0,207.9,207.9,71,70
104581,5,197.5,207.9,193.1,72,71
104631,5,196.0,207.9,193.1,71,71
104681,5,194.6,207.9,207.9,69,68
104731,5,193.1,193.1,193.1,73,69
104781,5,191.6,207.9,193.1,67,71
104831,5,190.1,193.1,193.1,70,70
104881,5,188.6,193.1,207.9,69,66
104931,5,187.1,207.9,193.1,66,67
104981,5,185.6,193.1,193.1,67,68
105031,5,184.2,178.2,193.1,71,66
105081,5,182.7,193.1,193.1,68,64
105131,5,181.2,193.1,178.2,66,68
105181,5,179.7,178.2,178.2,69,68
105231,5,178.2,193.1,193.1,65,63
105281,5,176.7,178.2,193.1,66,63
105331,5,175.2,193.1,178.2,63,65
105381,5,173.8,178.2,178.2,66,64
105431,5,172.3,178.2,193.1,64,60
105481,5,170.8,178.2,163.4,65,66
105531,5,169.3,178.2,178.2,63,62
105581,5,167.8,178.2,178.2,63,61
105631,5,166.3,178.2,178.2,63,59
105681,5,164.8,178.2,163.4,62,62
105731,5,163.4,178.2,178.2,61,58
105781,5,161.9,178.2,163.4,60,60
105831,5,160.4,163.4,163.4,62,60
105881,5,158.9,178.2,163.4,57,60
105931,5,157.4,163.4,163.4,58,61
105981,5,155.9,148.5,163.4,62,60
106031,5,154.5,163.4,163.4,59,58
106081,5,153.0,163.4,178.2,58,54
106131,5,151.5,148.5,148.5,60,60
106181,5,150.0,163.4,148.5,56,60
106231,6,148.5,148.5,163.4,59,56
106281,6,147.0,148.5,163.4,59,54
106331,6,145.5,163.4,148.5,55,56
106381,6,144.1,148.5,148.5,57,56
106431,6,142.6,133.7,148.5,60,55
106481,6,141.1,163.4,148.5,54,53
106531,6,139.6,148.5,133.7,55,57
106581,6,138.1,148.5,148.5,54,54
106631,6,136.6,133.7,148.5,58,52
106681,6,135.1,148.5,148.5,53,51
106731,6,133.7,148.5,133.7,53,53
106781,6,132.2,133.7,148.5,54,51
106831,6,130.7,148.5,133.7,51,52
106881,6,129.2,133.7,133.7,52,53
106931,6,127.7,133.7,133.7,52,52
106981,6,126.2,133.7,148.5,52,47
107031,6,124.7,133.7,133.7,52,48
107081,6,123.3,133.7,118.8,51,51
107131,6,121.8,133.7,133.7,49,48
107181,6,120.3,133.7,133.7,48,47
107231,6,118.8,133.7,118.8,48,49
107281,6,117.3,118.8,118.8,49,50
107331,6,115.8,118.8,133.7,49,45
107381,6,114.4,133.7,133.7,45,43
107431,6,112.9,118.8,118.8,47,46
107481,6,111.4,118.8,118.8,47,45
107531,6,109.9,118.8,104.0,46,48
107581,6,108.4,118.8,118.8,46,44
107631,6,106.9,118.8,118.8,45,42
107681,6,105.4,118.8,104.0,44,45
107731,6,104.0,104.0,104.0,46,45
107781,6,102.5,104.0,104.0,46,45
107831,6,101.0,104.0,118.8,46,40
107881,6,99.5,118.8,104.0,42,43
107931,6,98.0,104.0,104.0,44,42
107981,6,96.5,104.0,104.0,43,41
108031,6,95.0,104.0,104.0,42,41
108081,6,93.6,89.1,104.0,45,41
108131,6,92.1,104.0,104.0,41,39
108181,6,90.6,104.0,104.0,41,38
108231,6,89.1,104.0,104.0,40,36
108281,6,87.6,104.0,89.1,39,39
108331,6,86.1,89.1,89.1,41,39
108381,6,84.7,89.1,89.1,39,39
108431,6,83.2,74.3,104.0,43,35
108481,6,81.7,104.0,89.1,37,35
108531,6,80.2,89.1,89.1,40,34
108581,6,78.7,104.0,74.3,35,37
108631,6,77.2,89.1,74.3,36,38
108681,6,75.7,74.3,74.3,38,38
108731,6,74.3,74.3,89.1,38,34
108781,6,72.8,74.3,89.1,38,33
108831,6,71.3,89.1,74.3,36,32
108881,6,69.8,89.1,44.6,36,39
108931,6,68.3,104.0,74.3,28,34
108981,6,66.8,59.4,74.3,36,35
109031,6,65.3,74.3,74.3,33,33
109081,6,63.9,74.3,74.3,33,32
109131,6,62.4,74.3,74.3,32,31
109181,6,60.9,74.3,59.4,31,34
109231,6,59.4,59.4,44.6,34,36
109281,6,57.9,74.3,59.4,30,33
109331,6,56.4,74.3,74.3,28,30
109381,6,54.9,59.4,59.4,31,32
109431,6,53.5,59.4,74.3,30,28
109481,6,52.0,59.4,59.4,30,30
109531,6,50.5,59.4,59.4,29,29
109581,6,49.0,59.4,59.4,28,28
109631,6,47.5,44.6,44.6,31,31
109681,6,46.0,59.4,59.4,26,27
109731,6,44.6,59.4,44.6,25,30
109781,6,43.1,44.6,59.4,28,26
109831,6,41.6,59.4,74.3,23,21
109881,6,40.1,44.6,44.6,26,26
109931,6,38.6,44.6,59.4,25,22
109981,6,37.1,59.4,44.6,22,23
110031,6,35.6,44.6,29.7,24,26
110081,6,34.2,29.7,44.6,26,24
110131,6,32.7,44.6,44.6,23,22
110181,6,31.2,29.7,29.7,25,25
110231,6,29.7,29.7,29.7,24,25
110281,6,28.2,29.7,44.6,23,22
110331,6,26.7,14.9,29.7,28,23
110381,6,25.2,29.7,29.7,23,24
110431,6,23.8,29.7,44.6,22,20
110481,6,22.3,29.7,29.7,21,22
110531,6,20.8,29.7,44.6,20,20
110581,6,19.3,14.9,29.7,23,20
110631,6,17.8,14.9,0.0,26,24
110681,6,16.3,29.7,14.9,20,24
110731,6,14.9,14.9,14.9,25,20
110781,6,13.4,29.7,29.7,20,20
110831,6,11.9,29.7,0.0,21,20
110881,6,10.4,0.0,0.0,24,24
110931,6,8.9,0.0,14.9,22,23
110981,6,7.4,0.0,14.9,24,20
111031,6,5.9,0.0,0.0,25,22
111081,6,4.5,0.0,0.0,24,22
111131,6,3.0,0.0,0.0,24,22
111181,6,1.5,0.0,0.0,24,22
111231,0,0.0,0.0,0.0,24,22
111281,0,0.0,0.0,0.0,24,22
111331,0,0.0,0.0,0.0,24,22
111381,0,0.0,0.0,0.0,24,22
111431,0,0.0,0.0,0.0,24,22
111481,0,0.0,0.0,0.0,24,22
111531,0,0.0,0.0,0.0,24,22
111581,0,0.0,0.0,0.0,24,22
111631,0,0.0,0.0,0.0,24,22
111681,0,0.0,0.0,0.0,24,22
111731,0,0.0,0.0,0.0,24,22
111781,0,0.0,0.0,0.0,24,22
111831,0,0.0,0.0,0.0,24,22
111881,0,0.0,0.0,0.0,24,22
111931,0,0.0,0.0,0.0,24,22
111981,0,0.0,0.0,0.0,24,21
112031,0,0.0,0.0,0.0,24,21
112081,0,0.0,0.0,0.0,24,21
112131,0,0.0,0.0,0.0,24,21
112181,0,0.0,0.0,0.0,24,21
112231,0,0.0,0.0,0.0,24,21
112281,0,0.0,0.0,0.0,24,21
112331,0,0.0,0.0,0.0,24,21
112381,0,0.0,0.0,0.0,24,21
112431,0,0.0,0.0,0.0,24,21
112481,0,0.0,0.0,0.0,24,21
112531,0,0.0,0.0,0.0,24,21
112581,0,0.0,0.0,0.0,24,21
112631,0,0.0,0.0,0.0,24,21
112681,0,0.0,0.0,0.0,24,21
112731,0,0.0,0.0,0.0,24,21
112781,0,0.0,0.0,0.0,24,21
112831,0,0.0,0.0,0.0,24,21
112881,0,0.0,0.0,0.0,24,21
112931,0,0.0,0.0,0.0,24,21
112981,0,0.0,0.0,0.0,24,21
113031,0,0.0,0.0,0.0,24,21
113081,0,0.0,0.0,0.0,24,21
113131,0,0.0,0.0,0.0,24,21
113181,0,0.0,0.0,0.0,24,21
113231,0,0.0,0.0,0.0,24,21
113281,0,0.0,0.0,0.0,24,21
113331,0,0.0,0.0,0.0,24,21
113381,0,0.0,0.0,0.0,24,21
113431,0,0.0,0.0,0.0,24,21
113481,0,0.0,0.0,0.0,24,21
113531,0,0.0,0.0,0.0,24,21
113581,0,0.0,0.0,0.0,24,21
113631,0,0.0,0.0,0.0,24,21
113681,0,0.0,0.0,0.0,24,21
113731,0,0.0,0.0,0.0,25,21
113781,0,0.0,0.0,0.0,25,21
113831,0,0.0,0.0,0.0,25,21
113881,0,0.0,0.0,0.0,25,21
113931,0,0.0,0.0,0.0,25,21
113981,0,0.0,0.0,0.0,25,21
114031,0,0.0,0.0,0.0,25,21
114081,0,0.0,0.0,0.0,25,21
114131,0,0.0,0.0,0.0,25,21
114181,0,0.0,0.0,0.0,25,21
114231,0,0.0,0.0,0.0,25,21
114281,0,0.0,0.0,0.0,25,21
114331,0,0.0,0.0,0.0,25,21
114381,0,0.0,0.0,0.0,25,21
114431,0,0.0,0.0,0.0,25,21
114481,0,0.0,0.0,0.0,25,21
114531,0,0.0,0.0,0.0,25,21
114581,0,0.0,0.0,0.0,25,21
114631,0,0.0,0.0,0.0,25,21
114681,0,0.0,0.0,0.0,25,21
114731,0,0.0,0.0,0.0,25,21
114781,0,0.0,0.0,0.0,25,21
114831,0,0.0,0.0,0.0,25,21
114881,0,0.0,0.0,0.0,25,20
114931,0,0.0,0.0,0.0,25,20
114981,0,0.0,0.0,0.0,25,21
115031,0,0.0,0.0,0.0,25,20
115081,0,0.0,0.0,0.0,25,20
115131,0,0.0,0.0,0.0,25,20
115181,0,0.0,0.0,0.0,25,20
115231,1,0.0,0.0,0.0,25,20
115281,1,1.5,0.0,0.0,25,21
115331,1,3.0,0.0,0.0,26,21
115381,1,4.5,0.0,0.0,26,22
115431,1,5.9,0.0,0.0,27,22
115481,1,7.4,0.0,0.0,28,23
115531,1,8.9,0.0,0.0,29,24
115581,1,10.4,0.0,0.0,30,25
115631,1,11.9,0.0,0.0,30,26
115681,1,13.4,0.0,0.0,31,27
115731,1,14.9,0.0,0.0,33,28
115781,1,16.3,0.0,0.0,34,29
115831,1,17.8,0.0,0.0,35,30
115881,1,19.3,0.0,0.0,36,31
115931,1,20.8,0.0,0.0,38,33
115981,1,22.3,0.0,0.0,39,34
116031,1,23.8,0.0,0.0,41,36
116081,1,25.2,0.0,0.0,43,37
116131,1,26.7,0.0,0.0,44,39
116181,1,28.2,0.0,0.0,46,41
116231,1,29.7,0.0,0.0,48,43
116281,1,31.2,59.4,0.0,39,41
116331,1,32.7,89.1,0.0,31,42
116381,1,34.2,59.4,0.0,35,45
116431,1,35.6,59.4,14.9,35,42
116481,1,37.1,59.4,44.6,31,40
116531,1,38.6,59.4,74.3,30,32
116581,1,40.1,59.4,59.4,29,34
116631,1,41.6,74.3,74.3,25,29
116681,1,43.1,59.4,74.3,26,30
116731,1,44.6,59.4,59.4,26,32
116781,1,46.0,44.6,59.4,30,31
116831,1,47.5,59.4,74.3,27,26
116881,1,49.0,59.4,44.6,27,33
116931,1,50.5,44.6,59.4,28,32
116981,1,52.0,44.6,59.4,29,32
117031,1,53.5,44.6,89.1,30,24
117081,1,54.9,44.6,59.4,32,29
117131,1,56.4,59.4,59.4,29,29
117181,1,57.9,59.4,59.4,30,28
117231,1,59.4,59.4,44.6,31,32
117281,1,60.9,59.4,44.6,32,32
117331,1,62.4,59.4,44.6,32,34
117381,1,63.9,74.3,59.4,29,32
117431,1,65.3,59.4,59.4,31,33
117481,1,66.8,59.4,59.4,31,35
117531,1,68.3,59.4,74.3,31,33
117581,1,69.8,44.6,74.3,37,32
117631,1,71.3,59.4,74.3,36,31
117681,1,72.8,74.3,59.4,34,34
117731,1,74.3,59.4,59.4,37,36
117781,1,75.7,74.3,74.3,34,34
117831,1,77.2,74.3,74.3,35,34
117881,1,78.7,74.3,74.3,35,35
117931,1,80.2,74.3,74.3,36,35
117981,1,81.7,74.3,74.3,37,35
118031,1,83.2,89.1,89.1,34,32
118081,1,84.7,74.3,59.4,37,41
118131,1,86.1,59.4,89.1,41,35
118181,1,87.6,89.1,89.1,37,34
118231,1,89.1,89.1,74.3,37,38
118281,1,90.6,89.1,74.3,38,39
118331,1,92.1,89.1,89.1,38,37
118381,1,93.6,89.1,89.1,39,38
118431,1,95.0,89.1,89.1,39,38
118481,1,96.5,89.1,89.1,40,39
118531,1,98.0,89.1,89.1,41,39
118581,1,99.5,89.1,89.1,42,40
118631,1,101.0,104.0,89.1,39,41
118681,1,102.5,89.1,104.0,43,39
118731,1,104.0,89.1,89.1,44,43
118781,1,105.4,104.0,89.1,41,44
118831,1,106.9,104.0,104.0,41,42
118881,1,108.4,89.1,104.0,46,42
118931,1,109.9,104.0,104.0,44,42
118981,1,111.4,104.0,104.0,45,43
119031,1,112.9,118.8,104.0,41,44
119081,1,114.4,89.1,104.0,49,45
119131,1,115.8,118.8,118.8,43,42
119181,1,117.3,104.0,104.0,48,45
119231,1,118.8,118.8,104.0,45,47
119281,1,120.3,104.0,118.8,49,44
119331,1,121.8,118.8,118.8,47,44
119381,1,123.3,133.7,118.8,44,45
119431,1,124.7,118.8,118.8,47,46
119481,1,126.2,104.0,118.8,52,46
119531,1,127.7,133.7,118.8,46,47
119581,1,129.2,118.8,118.8,49,48
119631,1,130.7,118.8,118.8,50,49
119681,1,132.2,118.8,133.7,52,46
119731,1,133.7,133.7,118.8,50,49
119781,1,135.1,118.8,118.8,54,50
119831,1,136.6,148.5,118.8,47,52
119881,1,138.1,118.8,133.7,53,51
119931,1,139.6,133.7,133.7,52,51
119981,1,141.1,133.7,133.7,53,51
120031,1,142.6,133.7,133.7,53,52
120081,1,144.1,133.7,133.7,54,53
120131,1,145.5,148.5,133.7,52,53
120181,1,147.0,133.7,133.7,55,55
120231,2,148.5,133.7,133.7,55,57
120281,2,148.5,133.7,148.5,56,54
120331,2,148.5,148.5,163.4,56,48
120381,2,148.5,148.5,148.5,54,52
120431,2,148.5,148.5,133.7,55,55
120481,2,148.5,148.5,133.7,54,57
120531,2,148.5,148.5,148.5,54,54
120581,2,148.5,133.7,148.5,58,54
120631,2,148.5,148.5,133.7,55,57
120681,2,148.5,148.5,148.5,54,55
120731,2,148.5,133.7,148.5,59,55
120781,2,148.5,148.5,148.5,54,56
120831,2,148.5,133.7,163.4,61,50
120881,2,148.5,148.5,133.7,59,55
120931,2,148.5,163.4,133.7,54,57
120981,2,148.5,148.5,148.5,56,55
121031,2,148.5,148.5,148.5,57,54
121081,2,148.5,148.5,148.5,56,55
121131,2,148.5,163.4,148.5,54,54
121181,2,148.5,148.5,133.7,56,58
121231,2,148.5,133.7,148.5,59,55
121281,2,148.5,148.5,148.5,57,55
121331,2,148.5,163.4,148.5,53,55
121381,2,148.5,148.5,148.5,55,56
121431,2,148.5,133.7,148.5,58,57
121481,2,148.5,133.7,163.4,60,51
121531,2,148.5,163.4,148.5,55,53
121581,2,148.5,163.4,133.7,54,57
121631,2,148.5,148.5,148.5,56,55
121681,2,148.5,148.5,148.5,56,55
121731,2,148.5,148.5,133.7,58,57
121781,2,148.5,163.4,148.5,53,55
121831,2,148.5,148.5,148.5,55,56
121881,2,148.5,148.5,148.5,55,56
121931,2,148.5,133.7,148.5,59,55
121981,2,148.5,148.5,148.5,57,55
122031,2,148.5,163.4,148.5,53,55
122081,2,148.5,133.7,133.7,58,60
122131,2,148.5,148.5,163.4,56,52
122181,2,148.5,148.5,163.4,56,52
122231,2,148.5,148.5,148.5,57,54
122281,2,148.5,133.7,133.7,61,58
122331,2,148.5,163.4,163.4,53,52
122381,2,148.5,148.5,148.5,56,55
122431,2,148.5,133.7,163.4,59,52
122481,2,148.5,148.5,148.5,57,54
122531,2,148.5,133.7,163.4,61,50
122581,2,148.5,163.4,118.8,58,57
122631,2,148.5,163.4,133.7,56,56
122681,2,148.5,163.4,133.7,55,57
122731,2,148.5,163.4,133.7,54,58
122781,2,148.5,148.5,133.7,56,59
122831,2,148.5,148.5,148.5,57,56
122881,2,148.5,163.4,118.8,53,63
122931,2,148.5,148.5,133.7,57,60
122981,2,148.5,163.4,133.7,52,63
123031,2,148.5,148.5,163.4,54,56
123081,2,148.5,133.7,148.5,59,58
123131,2,148.5,163.4,148.5,53,58
123181,2,148.5,148.5,148.5,54,59
123231,2,148.5,133.7,163.4,59,55
123281,2,148.5,163.4,148.5,53,57
123331,2,148.5,148.5,148.5,56,57
123381,2,148.5,133.7,133.7,60,60
123431,2,148.5,148.5,148.5,57,57
123481,2,148.5,163.4,148.5,52,58
123531,2,148.5,133.7,148.5,59,58
123581,2,148.5,148.5,148.5,56,58
123631,2,148.5,148.5,148.5,56,58
123681,2,148.5,148.5,148.5,56,58
123731,2,148.5,148.5,163.4,56,55
123781,2,148.5,148.5,148.5,56,58
123831,2,148.5,148.5,148.5,57,57
123881,2,148.5,163.4,148.5,52,57
123931,2,148.5,148.5,148.5,50,63
123981,2,148.5,104.0,148.5,65,59
124031,2,148.5,148.5,148.5,57,58
124081,2,148.5,163.4,163.4,53,54
124131,2,148.5,148.5,148.5,56,58
124181,2,148.5,133.7,148.5,60,57
124231,3,148.5,163.4,148.5,53,57
124281,3,150.0,148.5,148.5,56,58
124331,3,151.5,148.5,148.5,57,58
124381,3,153.0,148.5,163.4,58,54
124431,3,154.5,148.5,148.5,58,59
124481,3,155.9,163.4,148.5,56,58
124531,3,157.4,148.5,148.5,59,60
124581,3,158.9,148.5,163.4,60,57
124631,3,160.4,163.4,148.5,57,61
124681,3,161.9,148.5,163.4,60,59
124731,3,163.4,163.4,163.4,58,58
124781,3,164.8,148.5,148.5,63,62
124831,3,166.3,178.2,163.4,56,60
124881,3,167.8,163.4,163.4,60,61
124931,3,169.3,148.5,163.4,64,61
124981,3,170.8,178.2,178.2,58,58
125031,3,172.3,163.4,163.4,63,60
125081,3,173.8,163.4,163.4,62,63
125131,3,175.2,163.4,178.2,64,60
125181,3,176.7,163.4,148.5,66,66
125231,3,178.2,193.1,178.2,59,61
125281,3,179.7,163.4,163.4,66,65
125331,3,181.2,178.2,178.2,63,63
125381,3,182.7,178.2,163.4,65,66
125431,3,184.2,193.1,178.2,62,63
125481,3,185.6,178.2,178.2,64,66
125531,3,187.1,163.4,178.2,69,66
125581,3,188.6,178.2,178.2,67,67
125631,3,190.1,193.1,193.1,65,63
125681,3,191.6,178.2,178.2,68,68
125731,3,193.1,178.2,178.2,70,69
125781,3,194.6,207.9,193.1,64,65
125831,3,196.0,193.1,193.1,67,67
125881,3,197.5,178.2,178.2,70,72
125931,3,199.0,178.2,193.1,72,69
125981,3,200.5,193.1,193.1,70,69
126031,3,202.0,193.1,193.1,70,71
126081,3,203.5,207.9,193.1,69,70
126131,3,204.9,193.1,193.1,71,73
126181,3,206.4,207.9,207.9,68,71
126231,3,207.9,178.2,207.9,76,70
126281,3,209.4,207.9,207.9,71,70
126331,3,210.9,207.9,193.1,71,75
126381,3,212.4,193.1,207.9,75,73
126431,3,213.9,207.9,207.9,74,72
126481,3,215.3,222.8,207.9,70,74
126531,3,216.8,207.9,207.9,73,75
126581,3,218.3,193.1,207.9,79,75
126631,3,219.8,222.8,207.9,74,75
126681,3,221.3,222.8,222.8,73,73
126731,4,222.8,207.9,207.9,77,78
126781,4,222.8,207.9,207.9,79,78
126831,4,222.8,222.8,222.8,76,75
126881,4,222.8,222.8,222.8,75,75
126931,4,222.8,207.9,207.9,79,79
126981,4,222.8,222.8,222.8,77,75
127031,4,222.8,222.8,207.9,77,79
127081,4,222.8,222.8,222.8,76,77
127131,4,222.8,207.9,222.8,79,77
127181,4,222.8,222.8,222.8,78,76
127231,4,222.8,222.8,222.8,77,77
127281,4,222.8,222.8,237.6,77,73
127331,4,222.8,222.8,207.9,77,79
127381,4,222.8,222.8,222.8,78,75
127431,4,222.8,222.8,207.9,76,81
127481,4,222.8,222.8,222.8,77,77
127531,4,222.8,222.8,237.6,83,67
127581,4,222.8,222.8,193.1,80,81
127631,4,222.8,222.8,207.9,78,80
127681,4,222.8,222.8,237.6,78,74
127731,4,222.8,222.8,222.8,80,75
127781,4,222.8,237.6,222.8,77,74
127831,4,222.8,222.8,207.9,79,79
127881,4,222.8,207.9,207.9,83,80
127931,4,222.8,237.6,207.9,75,82
127981,4,222.8,207.9,237.6,80,76
128031,4,222.8,222.8,222.8,79,77
128081,4,222.8,222.8,222.8,79,77
128131,4,222.8,222.8,222.8,78,78
128181,4,222.8,222.8,222.8,78,79
128231,4,222.8,222.8,222.8,80,77
128281,4,222.8,222.8,222.8,80,77
128331,4,222.8,237.6,222.8,76,77
128381,4,222.8,222.8,222.8,78,78
128431,4,222.8,222.8,222.8,78,77
128481,4,222.8,222.8,222.8,79,76
128531,4,222.8,237.6,222.8,75,77
128581,4,222.8,222.8,222.8,77,78
128631,4,222.8,222.8,222.8,77,78
128681,4,222.8,207.9,222.8,82,77
128731,4,222.8,222.8,222.8,79,77
128781,4,222.8,237.6,222.8,75,77
128831,4,222.8,222.8,222.8,77,78
128881,4,222.8,222.8,222.8,78,77
128931,4,222.8,222.8,222.8,80,75
128981,4,222.8,222.8,222.8,79,76
129031,4,222.8,222.8,222.8,80,75
129081,4,222.8,237.6,222.8,76,75
129131,4,222.8,237.6,222.8,76,75
129181,4,222.8,222.8,207.9,78,80
129231,4,222.8,222.8,222.8,78,76
129281,4,222.8,222.8,222.8,77,77
129331,4,222.8,222.8,207.9,78,80
129381,4,222.8,207.9,222.8,82,76
129431,4,222.8,237.6,222.8,75,77
129481,4,222.8,222.8,222.8,78,77
129531,4,222.8,207.9,222.8,81,78
129581,4,222.8,222.8,222.8,79,77
129631,4,222.8,237.6,222.8,75,77
129681,4,222.8,222.8,222.8,78,77
129731,4,222.8,207.9,222.8,81,78
129781,4,222.8,222.8,222.8,79,77
129831,4,222.8,222.8,222.8,77,79
129881,4,222.8,222.8,222.8,78,77
129931,4,222.8,237.6,222.8,74,78
129981,4,222.8,207.9,222.8,81,78
130031,4,222.8,222.8,222.8,78,78
130081,4,222.8,222.8,222.8,78,78
130131,4,222.8,222.8,222.8,78,78
130181,4,222.8,222.8,222.8,78,77
130231,4,222.8,237.6,222.8,77,75
130281,4,222.8,222.8,222.8,78,77
130331,4,222.8,222.8,222.8,78,77
130381,4,222.8,237.6,222.8,75,77
130431,4,222.8,222.8,222.8,77,77
130481,4,222.8,207.9,222.8,79,79
130531,4,222.8,222.8,222.8,75,80
130581,4,222.8,207.9,222.8,81,78
130631,4,222.8,222.8,222.8,80,76
130681,4,222.8,222.8,222.8,79,77
130731,5,222.8,222.8,222.8,80,76
130781,5,221.3,237.6,222.8,74,77
130831,5,219.8,237.6,222.8,74,76
130881,5,218.3,207.9,222.8,79,76
130931,5,216.8,222.8,222.8,76,75
130981,5,215.3,222.8,222.8,75,75
131031,5,213.9,222.8,222.8,75,73
131081,5,212.4,222.8,207.9,76,75
131131,5,210.9,222.8,207.9,72,77
131181,5,209.4,207.9,222.8,75,73
131231,5,207.9,207.9,222.8,74,72
131281,5,206.4,207.9,207.9,75,73
131331,5,204.9,222.8,207.9,71,73
131381,5,203.5,207.9,222.8,73,69
131431,5,202.0,207.9,207.9,74,70
131481,5,200.5,207.9,193.1,73,73
131531,5,199.0,207.9,207.9,71,71
131581,5,197.5,193.1,207.9,75,69
131631,5,196.0,222.8,193.1,68,71
131681,5,194.6,193.1,193.1,73,72
131731,5,193.1,207.9,193.1,69,71
131781,5,191.6,193.1,193.1,71,71
131831,5,190.1,207.9,207.9,66,68
131881,5,188.6,193.1,193.1,69,69
131931,5,187.1,193.1,193.1,68,69
131981,5,185.6,193.1,193.1,68,68
132031,5,184.2,193.1,207.9,68,63
132081,5,182.7,193.1,178.2,67,68
132131,5,181.2,178.2,178.2,69,70
132181,5,179.7,193.1,193.1,66,65
132231,5,178.2,193.1,193.1,65,63
132281,5,176.7,193.1,178.2,64,66
132331,5,175.2,178.2,178.2,66,66
132381,5,173.8,193.1,193.1,62,61
132431,5,172.3,178.2,178.2,65,63
132481,5,170.8,178.2,178.2,63,63
132531,5,169.3,163.4,193.1,66,59
132581,5,167.8,178.2,178.2,63,60
132631,5,166.3,163.4,178.2,63,62
132681,5,164.8,163.4,178.2,56,68
132731,5,163.4,148.5,178.2,56,70
132781,5,161.9,148.5,207.9,54,64
132831,5,160.4,148.5,193.1,56,63
132881,5,158.9,148.5,193.1,58,60
132931,5,157.4,148.5,193.1,55,60
132981,5,155.9,148.5,178.2,57,60
133031,5,154.5,133.7,163.4,59,64
133081,5,153.0,148.5,163.4,53,66
133131,5,151.5,118.8,193.1,61,57
133181,5,150.0,133.7,163.4,64,57
133231,6,148.5,163.4,163.4,55,57
133281,6,147.0,148.5,148.5,56,62
133331,6,145.5,133.7,148.5,59,61
133381,6,144.1,118.8,163.4,67,53
133431,6,142.6,148.5,133.7,63,56
133481,6,141.1,178.2,148.5,54,53
133531,6,139.6,163.4,148.5,53,55
133581,6,138.1,148.5,148.5,57,53
133631,6,136.6,163.4,148.5,52,52
133681,6,135.1,148.5,133.7,53,55
133731,6,133.7,148.5,148.5,52,51
133781,6,132.2,133.7,133.7,57,52
133831,6,130.7,163.4,118.8,48,56
133881,6,129.2,133.7,148.5,51,51
133931,6,127.7,133.7,148.5,51,49
133981,6,126.2,148.5,118.8,49,53
134031,6,124.7,133.7,133.7,49,51
134081,6,123.3,133.7,148.5,48,47
134131,6,121.8,133.7,133.7,48,48
134181,6,120.3,118.8,118.8,51,50
134231,6,118.8,133.7,133.7,48,45
134281,6,117.3,133.7,118.8,45,50
134331,6,115.8,118.8,133.7,48,45
134381,6,114.4,133.7,133.7,44,43
134431,6,112.9,118.8,118.8,46,45
134481,6,111.4,118.8,118.8,45,45
134531,6,109.9,118.8,118.8,44,45
134581,6,108.4,104.0,118.8,47,44
134631,6,106.9,118.8,118.8,43,43
134681,6,105.4,104.0,104.0,47,44
134731,6,104.0,118.8,104.0,43,45
134781,6,102.5,104.0,104.0,44,46
134831,6,101.0,104.0,118.8,44,41
134881,6,99.5,118.8,133.7,39,36
134931,6,98.0,104.0,89.1,44,43
134981,6,96.5,104.0,104.0,42,41
135031,6,95.0,104.0,104.0,41,40
135081,6,93.6,89.1,104.0,43,40
135131,6,92.1,104.0,104.0,41,37
135181,6,90.6,104.0,104.0,40,36
135231,6,89.1,104.0,89.1,39,39
135281,6,87.6,104.0,89.1,37,39
135331,6,86.1,89.1,89.1,39,40
135381,6,84.7,74.3,89.1,42,39
135431,6,83.2,104.0,104.0,35,34
135481,6,81.7,89.1,104.0,38,32
135531,6,80.2,89.1,74.3,37,38
135581,6,78.7,74.3,89.1,39,35
135631,6,77.2,74.3,89.1,39,34
135681,6,75.7,74.3,74.3,39,36
135731,6,74.3,89.1,89.1,36,32
135781,6,72.8,89.1,74.3,35,34
135831,6,71.3,74.3,89.1,37,30
135881,6,69.8,89.1,74.3,34,32
135931,6,68.3,74.3,74.3,35,32
135981,6,66.8,59.4,59.4,38,35
136031,6,65.3,89.1,74.3,30,31
136081,6,63.9,74.3,89.1,33,26
136131,6,62.4,74.3,59.4,33,31
136181,6,60.9,74.3,74.3,31,28
136231,6,59.4,74.3,74.3,30,27
136281,6,57.9,59.4,44.6,33,33
136331,6,56.4,59.4,59.4,32,30
136381,6,54.9,59.4,59.4,32,29
136431,6,53.5,59.4,59.4,31,29
136481,6,52.0,74.3,59.4,28,27
136531,6,50.5,74.3,59.4,25,27
136581,6,49.0,44.6,59.4,30,27
136631,6,47.5,59.4,59.4,27,25
136681,6,46.0,74.3,59.4,22,24
136731,6,44.6,44.6,44.6,28,27
136781,6,43.1,29.7,29.7,33,29
136831,6,41.6,59.4,29.7,26,29
136881,6,40.1,59.4,29.7,25,29
136931,6,38.6,44.6,44.6,28,24
136981,6,37.1,74.3,44.6,20,24
137031,6,35.6,59.4,44.6,20,26
137081,6,34.2,29.7,44.6,25,25
137131,6,32.7,44.6,44.6,21,23
137181,6,31.2,29.7,29.7,24,26
137231,6,29.7,29.7,29.7,24,26
137281,6,28.2,44.6,44.6,20,22
137331,6,26.7,29.7,44.6,21,21
137381,6,25.2,29.7,29.7,21,24
137431,6,23.8,29.7,29.7,20,24
137481,6,22.3,14.9,29.7,25,20
137531,6,20.8,29.7,29.7,21,20
137581,6,19.3,29.7,-14.9,21,30
137631,6,17.8,29.7,0.0,21,27
137681,6,16.3,44.6,0.0,20,26
137731,6,14.9,29.7,0.0,20,27
137781,6,13.4,44.6,0.0,20,27
137831,6,11.9,29.7,0.0,20,28
137881,6,10.4,29.7,0.0,20,28
137931,6,8.9,29.7,0.0,20,29
137981,6,7.4,0.0,0.0,20,30
138031,6,5.9,0.0,0.0,20,29
138081,6,4.5,0.0,0.0,20,29
138131,6,3.0,0.0,0.0,20,29
138181,6,1.5,0.0,0.0,20,29
138231,0,0.0,0.0,0.0,20,29
138281,0,0.0,0.0,0.0,20,28
138331,0,0.0,0.0,0.0,20,29
138381,0,0.0,0.0,0.0,20,28
138431,0,0.0,0.0,0.0,20,28
138481,0,0.0,0.0,0.0,20,28
138531,0,0.0,0.0,0.0,20,28
138581,0,0.0,0.0,0.0,20,28
138631,0,0.0,0.0,0.0,20,28
138681,0,0.0,0.0,0.0,20,28
138731,0,0.0,0.0,0.0,20,28
138781,0,0.0,0.0,0.0,20,28
138831,0,0.0,0.0,0.0,20,28
138881,0,0.0,0.0,0.0,20,28
138931,0,0.0,0.0,0.0,20,28
138981,0,0.0,0.0,0.0,20,28
139031,0,0.0,0.0,0.0,20,28
139081,0,0.0,0.0,0.0,20,28
139131,0,0.0,0.0,0.0,20,28
139181,0,0.0,0.0,0.0,20,28
139231,0,0.0,0.0,0.0,20,28
139281,0,0.0,0.0,0.0,20,28
139331,0,0.0,0.0,0.0,20,28
139381,0,0.0,0.0,0.0,20,28
139431,0,0.0,0.0,0.0,20,28
139481,0,0.0,0.0,0.0,20,28
139531,0,0.0,0.0,0.0,20,28
139581,0,0.0,0.0,0.0,20,28
139631,0,0.0,0.0,0.0,20,28
139681,0,0.0,0.0,0.0,20,28
139731,0,0.0,0.0,0.0,20,28
139781,0,0.0,0.0,0.0,20,28
139831,0,0.0,0.0,0.0,20,28
139881,0,0.0,0.0,0.0,20,28
139931,0,0.0,0.0,0.0,20,28
139981,0,0.0,0.0,0.0,20,28
140031,0,0.0,0.0,0.0,20,28
140081,0,0.0,0.0,0.0,20,28
140131,0,0.0,0.0,0.0,20,28
140181,0,0.0,0.0,0.0,20,28
140231,0,0.0,0.0,0.0,20,28
140281,0,0.0,0.0,0.0,20,28
140331,0,0.0,0.0,0.0,20,28
140381,0,0.0,0.0,0.0,20,28
140431,0,0.0,0.0,0.0,20,28
140481,0,0.0,0.0,0.0,20,28
140531,0,0.0,0.0,0.0,20,28
140581,0,0.0,0.0,0.0,20,28
140631,0,0.0,0.0,0.0,20,28
140681,0,0.0,0.0,0.0,20,28
140731,0,0.0,0.0,0.0,20,28
140781,0,0.0,0.0,0.0,20,28
140831,0,0.0,0.0,0.0,20,28
140881,0,0.0,0.0,0.0,20,28
140931,0,0.0,0.0,0.0,20,28
140981,0,0.0,0.0,0.0,20,28
141031,0,0.0,0.0,0.0,20,28
141081,0,0.0,0.0,0.0,20,28
141131,0,0.0,0.0,0.0,20,28
141181,0,0.0,0.0,0.0,20,27
141231,0,0.0,0.0,0.0,20,28
141281,0,0.0,0.0,0.0,20,27
141331,0,0.0,0.0,0.0,20,27
141381,0,0.0,0.0,0.0,20,27
141431,0,0.0,0.0,0.0,20,27
141481,0,0.0,0.0,0.0,20,27
141531,0,0.0,0.0,0.0,20,27
141581,0,0.0,0.0,0.0,20,27
141631,0,0.0,0.0,0.0,20,27
141681,0,0.0,0.0,0.0,20,27
141731,0,0.0,0.0,0.0,20,27
141781,0,0.0,0.0,0.0,20,27
141831,0,0.0,0.0,0.0,20,27
141881,0,0.0,0.0,0.0,20,27
141931,0,0.0,0.0,0.0,20,27
141981,0,0.0,0.0,0.0,20,27
142031,0,0.0,0.0,0.0,20,27
142081,0,0.0,0.0,0.0,20,27
142131,0,0.0,0.0,0.0,20,27
142181,0,0.0,0.0,0.0,20,27
142231,1,0.0,0.0,0.0,20,27
142281,1,1.5,0.0,0.0,20,28
142331,1,3.0,0.0,0.0,20,28
142381,1,4.5,0.0,0.0,20,28
142431,1,5.9,0.0,0.0,20,29
142481,1,7.4,0.0,0.0,21,30
142531,1,8.9,0.0,0.0,22,30
142581,1,10.4,0.0,0.0,23,31
142631,1,11.9,0.0,0.0,24,32
142681,1,13.4,0.0,0.0,25,33
142731,1,14.9,0.0,0.0,26,34
142781,1,16.3,0.0,0.0,27,36
142831,1,17.8,0.0,0.0,28,37
142881,1,19.3,0.0,0.0,30,38
142931,1,20.8,0.0,0.0,31,39
142981,1,22.3,0.0,0.0,33,41
143031,1,23.8,0.0,0.0,34,43
143081,1,25.2,0.0,0.0,36,44
143131,1,26.7,0.0,14.9,36,44
143181,1,28.2,0.0,74.3,35,33
143231,1,29.7,0.0,59.4,37,34
143281,1,31.2,0.0,74.3,39,29
143331,1,32.7,0.0,44.6,41,34
143381,1,34.2,0.0,59.4,43,31
143431,1,35.6,0.0,59.4,45,30
143481,1,37.1,0.0,44.6,46,34
143531,1,38.6,29.7,44.6,43,32
143581,1,40.1,59.4,59.4,38,27
143631,1,41.6,74.3,59.4,33,26
143681,1,43.1,74.3,44.6,32,29
143731,1,44.6,59.4,59.4,34,26
143781,1,46.0,59.4,59.4,35,24
143831,1,47.5,74.3,44.6,31,27
143881,1,49.0,59.4,44.6,33,29
143931,1,50.5,74.3,44.6,29,29
143981,1,52.0,59.4,59.4,32,27
144031,1,53.5,59.4,59.4,33,26
144081,1,54.9,74.3,59.4,29,26
144131,1,56.4,59.4,59.4,32,26
144181,1,57.9,59.4,44.6,33,29
144231,1,59.4,59.4,59.4,32,27
144281,1,60.9,74.3,59.4,29,28
144331,1,62.4,59.4,59.4,32,29
144381,1,63.9,59.4,59.4,33,29
144431,1,65.3,59.4,59.4,33,30
144481,1,66.8,74.3,59.4,31,30
144531,1,68.3,59.4,59.4,34,31
144581,1,69.8,74.3,59.4,32,31
144631,1,71.3,59.4,59.4,36,32
144681,1,72.8,74.3,44.6,34,36
144731,1,74.3,74.3,74.3,33,32
144781,1,75.7,74.3,59.4,34,35
144831,1,77.2,74.3,59.4,35,36
144881,1,78.7,59.4,74.3,39,34
144931,1,80.2,89.1,74.3,33,34
144981,1,81.7,74.3,74.3,37,35
145031,1,83.2,74.3,59.4,37,40
145081,1,84.7,89.1,89.1,34,34
145131,1,86.1,74.3,74.3,37,39
145181,1,87.6,74.3,74.3,39,39
145231,1,89.1,89.1,89.1,36,36
145281,1,90.6,89.1,89.1,36,37
145331,1,92.1,89.1,89.1,36,38
145381,1,93.6,74.3,104.0,41,34
145431,1,95.0,89.1,74.3,40,40
145481,1,96.5,104.0,89.1,37,38
145531,1,98.0,89.1,89.1,40,39
145581,1,99.5,89.1,89.1,40,41
145631,1,101.0,89.1,104.0,42,38
145681,1,102.5,104.0,89.1,39,42
145731,1,104.0,89.1,104.0,43,39
145781,1,105.4,104.0,89.1,40,43
145831,1,106.9,104.0,104.0,41,41
145881,1,108.4,104.0,104.0,41,42
145931,1,109.9,89.1,104.0,45,42
145981,1,111.4,118.8,104.0,40,42
146031,1,112.9,104.0,104.0,44,43
146081,1,114.4,104.0,104.0,44,45
146131,1,115.8,118.8,118.8,41,41
146181,1,117.3,104.0,104.0,45,45
146231,1,118.8,118.8,118.8,43,42
146281,1,120.3,104.0,104.0,47,47
146331,1,121.8,118.8,118.8,45,44
146381,1,123.3,104.0,118.8,51,43
146431,1,124.7,133.7,104.0,44,48
146481,1,126.2,148.5,118.8,39,46
146531,1,127.7,104.0,133.7,49,44
146581,1,129.2,118.8,104.0,48,51
146631,1,130.7,118.8,118.8,49,48
146681,1,132.2,133.7,118.8,47,49
146731,1,133.7,118.8,118.8,50,51
146781,1,135.1,118.8,133.7,51,49
146831,1,136.6,118.8,104.0,54,55
146881,1,138.1,148.5,133.7,46,51
146931,1,139.6,133.7,133.7,51,51
146981,1,141.1,118.8,133.7,55,52
147031,1,142.6,133.7,118.8,53,55
147081,1,144.1,148.5,148.5,50,50
147131,1,145.5,133.7,133.7,54,54
147181,1,147.0,133.7,133.7,56,54
147231,2,148.5,148.5,133.7,54,55
147281,2,148.5,148.5,148.5,52,53
147331,2,148.5,148.5,133.7,52,57
147381,2,148.5,148.5,148.5,52,54
147431,2,148.5,133.7,148.5,56,54
147481,2,148.5,148.5,133.7,54,57
147531,2,148.5,148.5,148.5,53,55
147581,2,148.5,148.5,133.7,54,57
147631,2,148.5,148.5,148.5,55,54
147681,2,148.5,148.5,148.5,54,54
147731,2,148.5,148.5,133.7,53,59
147781,2,148.5,133.7,148.5,57,56
147831,2,148.5,148.5,148.5,55,55
147881,2,148.5,163.4,133.7,52,58
147931,2,148.5,148.5,163.4,57,50
147981,2,148.5,148.5,133.7,55,59
148031,2,148.5,148.5,148.5,54,56
148081,2,148.5,148.5,148.5,55,56
148131,2,148.5,163.4,148.5,50,56
148181,2,148.5,133.7,163.4,57,52
148231,2,148.5,148.5,133.7,55,59
148281,2,148.5,148.5,133.7,55,59
148331,2,148.5,148.5,163.4,54,53
148381,2,148.5,148.5,133.7,55,59
148431,2,148.5,148.5,148.5,54,57
148481,2,148.5,148.5,163.4,55,52
148531,2,148.5,148.5,148.5,54,56
148581,2,148.5,133.7,148.5,57,57
148631,2,148.5,148.5,148.5,54,57
148681,2,148.5,148.5,163.4,55,52
148731,2,148.5,148.5,148.5,55,55
148781,2,148.5,133.7,148.5,58,56
148831,2,148.5,148.5,148.5,56,55
148881,2,148.5,148.5,163.4,56,51
148931,2,148.5,148.5,148.5,56,54
148981,2,148.5,148.5,133.7,54,60
149031,2,148.5,133.7,163.4,59,52
149081,2,148.5,148.5,148.5,57,54
149131,2,148.5,163.4,133.7,53,58
149181,2,148.5,133.7,148.5,59,56
149231,2,148.5,148.5,163.4,58,50
149281,2,148.5,163.4,133.7,53,58
149331,2,148.5,148.5,133.7,57,58
149381,2,148.5,148.5,163.4,55,53
149431,2,148.5,133.7,148.5,61,54
149481,2,148.5,163.4,133.7,54,58
149531,2,148.5,133.7,148.5,58,57
149581,2,148.5,148.5,148.5,56,57
149631,2,148.5,133.7,148.5,59,57
149681,2,148.5,148.5,148.5,57,56
149731,2,148.5,148.5,163.4,58,52
149781,2,148.5,163.4,133.7,54,59
149831,2,148.5,148.5,148.5,56,56
149881,2,148.5,148.5,163.4,56,52
149931,2,148.5,148.5,148.5,58,54
149981,2,148.5,148.5,133.7,58,58
150031,2,148.5,148.5,148.5,58,55
150081,2,148.5,163.4,148.5,54,55
150131,2,148.5,148.5,148.5,56,55
150181,2,148.5,148.5,148.5,55,56
150231,2,148.5,148.5,148.5,57,54
150281,2,148.5,148.5,148.5,56,56
150331,2,148.5,163.4,148.5,53,55
150381,2,148.5,133.7,148.5,59,55
150431,2,148.5,163.4,148.5,53,55
150481,2,148.5,148.5,148.5,55,56
150531,2,148.5,148.5,148.5,56,55
150581,2,148.5,148.5,148.5,56,55
150631,2,148.5,148.5,148.5,55,56
150681,2,148.5,148.5,148.5,56,55
150731,2,148.5,148.5,148.5,55,56
150781,2,148.5,148.5,163.4,55,52
150831,2,148.5,148.5,148.5,55,55
150881,2,148.5,148.5,148.5,56,55
150931,2,148.5,148.5,148.5,56,54
150981,2,148.5,148.5,133.7,57,57
151031,2,148.5,148.5,148.5,57,54
151081,2,148.5,163.4,148.5,52,55
151131,2,148.5,148.5,133.7,55,59
151181,2,148.5,148.5,148.5,55,56
151231,3,148.5,133.7,148.5,58,57
151281,3,150.0,163.4,148.5,52,57
151331,3,151.5,148.5,163.4,55,54
151381,3,153.0,148.5,148.5,56,57
151431,3,154.5,148.5,163.4,56,54
151481,3,155.9,133.7,148.5,62,57
151531,3,157.4,163.4,163.4,56,54
151581,3,158.9,163.4,148.5,55,59
151631,3,160.4,133.7,163.4,62,57
151681,3,161.9,148.5,148.5,61,59
151731,3,163.4,163.4,163.4,57,58
151781,3,164.8,163.4,163.4,58,58
151831,3,166.3,148.5,163.4,63,58
151881,3,167.8,163.4,148.5,61,61
151931,3,169.3,178.2,163.4,57,60
151981,3,170.8,148.5,178.2,64,57
152031,3,172.3,178.2,148.5,61,62
152081,3,173.8,163.4,163.4,62,62
152131,3,175.2,163.4,178.2,64,58
152181,3,176.7,178.2,163.4,62,62
152231,3,178.2,163.4,148.5,66,67
152281,3,179.7,178.2,178.2,63,61
152331,3,181.2,178.2,178.2,65,60
152381,3,182.7,178.2,163.4,66,64
152431,3,184.2,193.1,163.4,62,67
152481,3,185.6,178.2,178.2,64,66
152531,3,187.1,163.4,178.2,70,65
152581,3,188.6,207.9,178.2,59,67
152631,3,190.1,178.2,178.2,66,68
152681,3,191.6,178.2,193.1,68,65
152731,3,193.1,193.1,178.2,63,71
152781,3,194.6,178.2,193.1,69,67
152831,3,196.0,193.1,193.1,67,66
152881,3,197.5,193.1,178.2,67,72
152931,3,199.0,193.1,193.1,67,69
152981,3,200.5,193.1,193.1,68,70
153031,3,202.0,193.1,178.2,69,74
153081,3,203.5,193.1,207.9,70,69
153131,3,204.9,193.1,193.1,71,72
153181,3,206.4,207.9,193.1,68,73
153231,3,207.9,193.1,207.9,71,72
153281,3,209.4,193.1,222.8,72,68
153331,3,210.9,193.1,193.1,75,74
153381,3,212.4,207.9,193.1,72,76
153431,3,213.9,193.1,222.8,76,70
153481,3,215.3,207.9,207.9,75,73
153531,3,216.8,207.9,193.1,75,78
153581,3,218.3,207.9,222.8,76,72
153631,3,219.8,222.8,193.1,74,79
153681,3,221.3,207.9,222.8,77,74
153731,4,222.8,222.8,222.8,75,74
153781,4,222.8,222.8,207.9,75,78
153831,4,222.8,207.9,222.8,78,75
153881,4,222.8,222.8,222.8,76,74
153931,4,222.8,222.8,207.9,76,78
153981,4,222.8,222.8,222.8,76,75
154031,4,222.8,222.8,222.8,76,75
154081,4,222.8,222.8,207.9,76,79
154131,4,222.8,222.8,222.8,76,76
154181,4,222.8,207.9,222.8,79,76
154231,4,222.8,222.8,222.8,76,77
154281,4,222.8,222.8,222.8,77,76
154331,4,222.8,222.8,222.8,78,75
154381,4,222.8,222.8,222.8,77,76
154431,4,222.8,222.8,207.9,77,80
154481,4,222.8,237.6,237.6,73,73
154531,4,222.8,222.8,207.9,75,81
154581,4,222.8,207.9,237.6,78,75
154631,4,222.8,222.8,222.8,76,77
154681,4,222.8,207.9,222.8,79,78
154731,4,222.8,237.6,222.8,73,76
154781,4,222.8,207.9,222.8,79,77
154831,4,222.8,222.8,222.8,77,76
154881,4,222.8,207.9,222.8,80,77
154931,4,222.8,222.8,222.8,76,78
154981,4,222.8,222.8,222.8,77,77
155031,4,222.8,222.8,222.8,78,76
155081,4,222.8,222.8,222.8,78,76
155131,4,222.8,222.8,222.8,78,76
155181,4,222.8,237.6,222.8,75,76
155231,4,222.8,207.9,207.9,82,79
155281,4,222.8,237.6,207.9,76,79
155331,4,222.8,222.8,222.8,77,78
155381,4,222.8,237.6,222.8,75,77
155431,4,222.8,222.8,222.8,78,76
155481,4,222.8,222.8,207.9,73,85
155531,4,222.8,222.8,237.6,76,75
155581,4,222.8,222.8,222.8,78,76
155631,4,222.8,222.8,222.8,78,76
155681,4,222.8,222.8,222.8,78,76
155731,4,222.8,237.6,222.8,75,76
155781,4,222.8,222.8,207.9,78,80
155831,4,222.8,237.6,222.8,74,77
155881,4,222.8,222.8,222.8,77,77
155931,4,222.8,222.8,237.6,74,76
155981,4,222.8,222.8,222.8,75,77
156031,4,222.8,207.9,222.8,81,76
156081,4,222.8,222.8,222.8,78,76
156131,4,222.8,222.8,222.8,76,77
156181,4,222.8,222.8,222.8,75,78
156231,4,222.8,222.8,222.8,75,78
156281,4,222.8,207.9,237.6,81,72
156331,4,222.8,222.8,222.8,78,75
156381,4,222.8,222.8,207.9,78,79
156431,4,222.8,222.8,222.8,78,77
156481,4,222.8,237.6,222.8,75,76
156531,4,222.8,222.8,222.8,77,76
156581,4,222.8,222.8,207.9,76,81
156631,4,222.8,222.8,237.6,77,74
156681,4,222.8,222.8,207.9,78,80
156731,4,222.8,222.8,222.8,78,77
156781,4,222.8,222.8,222.8,78,77
156831,4,222.8,222.8,222.8,77,78
156881,4,222.8,237.6,237.6,74,73
156931,4,222.8,207.9,222.8,80,76
156981,4,222.8,237.6,222.8,74,76
157031,4,222.8,222.8,222.8,76,76
157081,4,222.8,207.9,207.9,81,80
157131,4,222.8,237.6,222.8,74,77
157181,4,222.8,222.8,222.8,76,77
157231,4,222.8,222.8,222.8,75,78
157281,4,222.8,207.9,222.8,80,77
157331,4,222.8,237.6,237.6,74,73
157381,4,222.8,222.8,222.8,77,76
157431,4,222.8,222.8,222.8,76,76
157481,4,222.8,237.6,222.8,71,78
157531,4,222.8,222.8,222.8,75,76
157581,4,222.8,207.9,222.8,80,76
157631,4,222.8,222.8,222.8,77,76
157681,4,222.8,222.8,207.9,77,80
157731,5,222.8,237.6,222.8,72,78
157781,5,221.3,222.8,222.8,76,76
157831,5,219.8,207.9,207.9,78,80
157881,5,218.3,222.8,237.6,74,73
157931,5,216.8,207.9,207.9,77,80
157981,5,215.3,207.9,237.6,79,71
158031,5,213.9,222.8,207.9,75,77
158081,5,212.4,222.8,222.8,73,74
158131,5,210.9,207.9,222.8,76,73
158181,5,209.4,207.9,207.9,77,75
158231,5,207.9,207.9,222.8,76,72
158281,5,206.4,222.8,207.9,71,75
158331,5,204.9,207.9,222.8,73,71
158381,5,203.5,207.9,207.9,74,72
158431,5,202.0,222.8,207.9,70,71
158481,5,200.5,207.9,193.1,70,76
158531,5,199.0,193.1,222.8,74,67
158581,5,197.5,207.9,178.2,71,76
158631,5,196.0,207.9,207.9,70,70
158681,5,194.6,193.1,193.1,72,73
158731,5,193.1,207.9,207.9,69,68
158781,5,191.6,207.9,193.1,67,72
158831,5,190.1,193.1,207.9,69,68
158881,5,188.6,193.1,193.1,70,69
158931,5,187.1,193.1,193.1,69,68
158981,5,185.6,178.2,178.2,72,71
159031,5,184.2,207.9,207.9,65,64
159081,5,182.7,193.1,178.2,67,70
159131,5,181.2,178.2,193.1,69,67
159181,5,179.7,178.2,207.9,69,61
159231,5,178.2,193.1,178.2,65,67
159281,5,176.7,193.1,178.2,64,67
159331,5,175.2,178.2,193.1,67,62
159381,5,173.8,178.2,178.2,66,65
159431,5,172.3,178.2,178.2,66,64
159481,5,170.8,193.1,178.2,61,63
159531,5,169.3,163.4,178.2,67,62
159581,5,167.8,178.2,163.4,63,65
159631,5,166.3,178.2,178.2,62,61
159681,5,164.8,178.2,163.4,61,64
159731,5,163.4,178.2,178.2,60,60
159781,5,161.9,163.4,178.2,63,59
159831,5,160.4,178.2,163.4,58,61
159881,5,158.9,163.4,148.5,61,65
159931,5,157.4,148.5,178.2,64,57
159981,5,155.9,178.2,163.4,57,60
160031,5,154.5,163.4,163.4,59,59
160081,5,153.0,148.5,148.5,62,62
160131,5,151.5,163.4,163.4,58,58
160181,5,150.0,163.4,178.2,57,53
160231,6,148.5,148.5,148.5,60,59
160281,6,147.0,163.4,133.7,55,62
160331,6,145.5,133.7,163.4,61,55
160381,6,144.1,148.5,163.4,58,54
160431,6,142.6,163.4,148.5,54,56
160481,6,141.1,148.5,148.5,56,55
160531,6,139.6,148.5,148.5,55,54
160581,6,138.1,148.5,148.5,54,54
160631,6,136.6,148.5,133.7,53,56
160681,6,135.1,133.7,148.5,56,52
160731,6,133.7,148.5,133.7,52,55
160781,6,132.2,133.7,148.5,55,51
160831,6,130.7,148.5,133.7,50,53
160881,6,129.2,148.5,133.7,49,53
160931,6,127.7,118.8,148.5,55,49
160981,6,126.2,133.7,133.7,52,51
161031,6,124.7,148.5,118.8,47,54
161081,6,123.3,133.7,133.7,49,50
161131,6,121.8,118.8,133.7,52,49
161181,6,120.3,118.8,133.7,52,48
161231,6,118.8,133.7,133.7,48,47
161281,6,117.3,133.7,118.8,47,50
161331,6,115.8,118.8,148.5,49,41
161381,6,114.4,133.7,104.0,45,51
161431,6,112.9,118.8,118.8,47,47
161481,6,111.4,118.8,133.7,46,43
161531,6,109.9,133.7,104.0,42,49
161581,6,108.4,104.0,104.0,48,49
161631,6,106.9,89.1,133.7,51,41
161681,6,105.4,133.7,104.0,41,47
161731,6,104.0,104.0,118.8,46,43
161781,6,102.5,118.8,104.0,42,45
161831,6,101.0,104.0,104.0,45,45
161881,6,99.5,104.0,118.8,44,40
161931,6,98.0,118.8,104.0,40,43
161981,6,96.5,104.0,89.1,42,46
162031,6,95.0,104.0,104.0,41,42
162081,6,93.6,104.0,104.0,40,41
162131,6,92.1,104.0,104.0,39,40
162181,6,90.6,104.0,104.0,38,39
162231,6,89.1,74.3,89.1,45,42
162281,6,87.6,104.0,74.3,38,45
162331,6,86.1,104.0,104.0,36,38
162381,6,84.7,104.0,104.0,35,37
162431,6,83.2,89.1,89.1,38,39
162481,6,81.7,74.3,89.1,41,38
162531,6,80.2,89.1,89.1,37,38
162581,6,78.7,89.1,89.1,36,37
162631,6,77.2,104.0,89.1,31,36
162681,6,75.7,74.3,89.1,37,35
162731,6,74.3,89.1,74.3,33,37
162781,6,72.8,74.3,74.3,36,37
162831,6,71.3,59.4,74.3,39,37
162881,6,69.8,89.1,89.1,32,32
162931,6,68.3,74.3,89.1,34,31
162981,6,66.8,74.3,74.3,33,33
163031,6,65.3,74.3,74.3,32,32
163081,6,63.9,89.1,89.1,27,28
163131,6,62.4,59.4,59.4,34,34
163181,6,60.9,44.6,59.4,37,33
163231,6,59.4,74.3,59.4,30,33
163281,6,57.9,59.4,59.4,33,33
163331,6,56.4,59.4,74.3,32,28
163381,6,54.9,59.4,59.4,32,31
163431,6,53.5,59.4,74.3,31,26
163481,6,52.0,59.4,74.3,30,25
163531,6,50.5,59.4,44.6,30,31
163581,6,49.0,59.4,59.4,29,27
163631,6,47.5,44.6,44.6,32,30
163681,6,46.0,59.4,44.6,28,30
163731,6,44.6,59.4,44.6,27,29
163781,6,43.1,44.6,59.4,29,25
163831,6,41.6,44.6,44.6,29,28
163881,6,40.1,44.6,59.4,28,24
163931,6,38.6,44.6,59.4,28,22
163981,6,37.1,44.6,44.6,27,24
164031,6,35.6,44.6,44.6,26,24
164081,6,34.2,59.4,44.6,21,23
164131,6,32.7,29.7,14.9,27,29
164181,6,31.2,59.4,29.7,20,26
164231,6,29.7,29.7,29.7,25,26
164281,6,28.2,44.6,44.6,21,22
164331,6,26.7,44.6,29.7,20,24
164381,6,25.2,14.9,29.7,26,24
164431,6,23.8,44.6,44.6,20,20
164481,6,22.3,29.7,14.9,21,25
164531,6,20.8,14.9,44.6,24,20
164581,6,19.3,29.7,29.7,20,20
164631,6,17.8,14.9,14.9,23,23
164681,6,16.3,29.7,44.6,20,20
164731,6,14.9,29.7,29.7,20,20
164781,6,13.4,14.9,14.9,20,20
164831,6,11.9,29.7,29.7,20,20
164881,6,10.4,14.9,14.9,20,20
164931,6,8.9,0.0,14.9,22,20
164981,6,7.4,0.0,-14.9,22,24
165031,6,5.9,0.0,0.0,22,21
165081,6,4.5,0.0,0.0,22,21
165131,6,3.0,0.0,0.0,22,21
165181,6,1.5,0.0,0.0,21,21
165231,0,0.0,0.0,0.0,21,20
165281,0,0.0,0.0,0.0,21,20
165331,0,0.0,0.0,0.0,21,20
165381,0,0.0,0.0,0.0,21,20
165431,0,0.0,0.0,0.0,21,20
165481,0,0.0,0.0,0.0,21,20
165531,0,0.0,0.0,0.0,21,20
165581,0,0.0,0.0,0.0,21,20
165631,0,0.0,0.0,0.0,21,20
165681,0,0.0,0.0,0.0,21,20
165731,0,0.0,0.0,0.0,21,20
165781,0,0.0,0.0,0.0,21,20
165831,0,0.0,0.0,0.0,21,20
165881,0,0.0,0.0,0.0,21,20
165931,0,0.0,0.0,0.0,21,20
165981,0,0.0,0.0,0.0,21,20
166031,0,0.0,0.0,0.0,21,20
166081,0,0.0,0.0,0.0,21,20
166131,0,0.0,0.0,0.0,21,20
166181,0,0.0,0.0,0.0,21,20
166231,0,0.0,0.0,0.0,21,20
166281,0,0.0,0.0,0.0,21,20
166331,0,0.0,0.0,0.0,21,20
166381,0,0.0,0.0,0.0,21,20
166431,0,0.0,0.0,0.0,21,20
166481,0,0.0,0.0,0.0,21,20
166531,0,0.0,0.0,0.0,21,20
166581,0,0.0,0.0,0.0,21,20
166631,0,0.0,0.0,0.0,21,20
166681,0,0.0,0.0,0.0,21,20
166731,0,0.0,0.0,0.0,21,20
166781,0,0.0,0.0,0.0,21,20
166831,0,0.0,0.0,0.0,21,20
166881,0,0.0,0.0,0.0,21,20
166931,0,0.0,0.0,0.0,21,20
166981,0,0.0,0.0,0.0,21,20
167031,0,0.0,0.0,0.0,21,20
167081,0,0.0,0.0,0.0,21,20
167131,0,0.0,0.0,0.0,21,20
167181,0,0.0,0.0,0.0,21,20
167231,0,0.0,0.0,0.0,21,20
167281,0,0.0,0.0,0.0,21,20
167331,0,0.0,0.0,0.0,21,20
167381,0,0.0,0.0,0.0,21,20
167431,0,0.0,0.0,0.0,21,20
167481,0,0.0,0.0,0.0,21,20
167531,0,0.0,0.0,0.0,21,20
167581,0,0.0,0.0,0.0,21,20
167631,0,0.0,0.0,0.0,21,20
167681,0,0.0,0.0,0.0,21,20
167731,0,0.0,0.0,0.0,21,20
167781,0,0.0,0.0,0.0,21,20
167831,0,0.0,0.0,0.0,21,20
167881,0,0.0,0.0,0.0,21,20
167931,0,0.0,0.0,0.0,21,20
167981,0,0.0,0.0,0.0,21,20
168031,0,0.0,0.0,0.0,21,20
168081,0,0.0,0.0,0.0,21,20
168131,0,0.0,0.0,0.0,21,20
168181,0,0.0,0.0,0.0,21,20
168231,0,0.0,0.0,0.0,21,20
168281,0,0.0,0.0,0.0,21,20
168331,0,0.0,0.0,0.0,21,20
168381,0,0.0,0.0,0.0,21,20
168431,0,0.0,0.0,0.0,21,20
168481,0,0.0,0.0,0.0,21,20
168531,0,0.0,0.0,0.0,21,20
168581,0,0.0,0.0,0.0,21,20
168631,0,0.0,0.0,0.0,21,20
168681,0,0.0,0.0,0.0,21,20
168731,0,0.0,0.0,0.0,21,20
168781,0,0.0,0.0,0.0,21,20
168831,0,0.0,0.0,0.0,21,20
168881,0,0.0,0.0,0.0,21,20
168931,0,0.0,0.0,0.0,21,20
168981,0,0.0,0.0,0.0,21,20
169031,0,0.0,0.0,0.0,21,20
169081,0,0.0,0.0,0.0,21,20
169131,0,0.0,0.0,0.0,21,20
169181,0,0.0,0.0,0.0,21,20
169231,1,0.0,0.0,0.0,21,20
169281,1,1.5,0.0,0.0,21,21
169331,1,3.0,0.0,0.0,22,21
169381,1,4.5,0.0,0.0,22,22
169431,1,5.9,0.0,0.0,23,22
169481,1,7.4,0.0,0.0,24,23
169531,1,8.9,0.0,0.0,25,24
169581,1,10.4,0.0,0.0,25,25
169631,1,11.9,0.0,0.0,26,26
169681,1,13.4,0.0,0.0,27,27
169731,1,14.9,0.0,0.0,29,28
169781,1,16.3,0.0,0.0,30,29
169831,1,17.8,0.0,0.0,31,30
169881,1,19.3,0.0,0.0,32,31
169931,1,20.8,0.0,0.0,34,33
169981,1,22.3,0.0,0.0,35,34
170031,1,23.8,0.0,0.0,37,36
170081,1,25.2,0.0,0.0,38,38
170131,1,26.7,0.0,0.0,40,39
170181,1,28.2,0.0,0.0,42,41
170231,1,29.7,0.0,0.0,44,43
170281,1,31.2,0.0,14.9,46,41
170331,1,32.7,0.0,0.0,48,46
170381,1,34.2,44.6,0.0,39,48
170431,1,35.6,74.3,74.3,31,32
170481,1,37.1,89.1,74.3,25,30
170531,1,38.6,59.4,59.4,31,32
170581,1,40.1,59.4,44.6,30,35
170631,1,41.6,59.4,74.3,29,28
170681,1,43.1,59.4,59.4,29,30
170731,1,44.6,59.4,74.3,28,26
170781,1,46.0,59.4,59.4,28,28
170831,1,47.5,44.6,44.6,31,32
170881,1,49.0,59.4,44.6,28,32
170931,1,50.5,59.4,44.6,28,33
170981,1,52.0,59.4,74.3,28,26
171031,1,53.5,74.3,44.6,24,33
171081,1,54.9,44.6,59.4,31,30
171131,1,56.4,59.4,74.3,28,26
171181,1,57.9,59.4,44.6,28,33
171231,1,59.4,59.4,59.4,28,31
171281,1,60.9,44.6,44.6,32,35
171331,1,62.4,59.4,59.4,30,32
171381,1,63.9,59.4,44.6,30,37
171431,1,65.3,59.4,74.3,31,30
171481,1,66.8,74.3,59.4,28,34
171531,1,68.3,59.4,59.4,32,35
171581,1,69.8,59.4,74.3,33,32
171631,1,71.3,59.4,74.3,34,32
171681,1,72.8,74.3,59.4,31,36
171731,1,74.3,59.4,74.3,35,33
171781,1,75.7,74.3,74.3,32,34
171831,1,77.2,74.3,74.3,33,34
171881,1,78.7,59.4,74.3,37,35
171931,1,80.2,89.1,74.3,31,35
171981,1,81.7,59.4,74.3,38,36
172031,1,83.2,74.3,74.3,36,37
172081,1,84.7,74.3,59.4,37,42
172131,1,86.1,89.1,89.1,34,36
172181,1,87.6,74.3,89.1,38,36
172231,1,89.1,89.1,74.3,36,40
172281,1,90.6,74.3,89.1,40,37
172331,1,92.1,89.1,89.1,37,38
172381,1,93.6,89.1,89.1,38,38
172431,1,95.0,89.1,89.1,38,39
172481,1,96.5,89.1,89.1,39,40
172531,1,98.0,89.1,89.1,40,41
172581,1,99.5,89.1,104.0,41,38
172631,1,101.0,104.0,104.0,38,38
172681,1,102.5,89.1,89.1,42,42
172731,1,104.0,104.0,104.0,39,39
172781,1,105.4,89.1,89.1,43,43
172831,1,106.9,89.1,89.1,45,45
172881,1,108.4,104.0,89.1,42,46
172931,1,109.9,104.0,118.8,43,40
172981,1,111.4,118.8,118.8,40,40
173031,1,112.9,104.0,104.0,43,43
173081,1,114.4,89.1,89.1,48,48
173131,1,115.8,104.0,104.0,46,46
173181,1,117.3,118.8,118.8,43,43
173231,1,118.8,104.0,133.7,47,40
173281,1,120.3,118.8,104.0,45,47
173331,1,121.8,104.0,104.0,49,48
173381,1,123.3,118.8,118.8,46,46
173431,1,124.7,104.0,133.7,51,42
173481,1,126.2,118.8,118.8,49,46
173531,1,127.7,133.7,104.0,46,51
173581,1,129.2,118.8,118.8,49,49
173631,1,130.7,118.8,118.8,50,50
173681,1,132.2,133.7,133.7,48,47
173731,1,133.7,118.8,133.7,52,47
173781,1,135.1,133.7,104.0,49,55
173831,1,136.6,148.5,133.7,46,50
173881,1,138.1,118.8,133.7,53,50
173931,1,139.6,133.7,133.7,51,51
173981,1,141.1,133.7,118.8,51,55
174031,1,142.6,148.5,133.7,48,53
174081,1,144.1,118.8,133.7,56,54
174131,1,145.5,118.8,148.5,58,51
174181,1,147.0,148.5,133.7,52,55
174231,2,148.5,148.5,148.5,52,52
174281,2,148.5,133.7,133.7,56,56
174331,2,148.5,133.7,148.5,57,53
174381,2,148.5,148.5,148.5,54,53
174431,2,148.5,148.5,133.7,54,57
174481,2,148.5,133.7,148.5,58,54
174531,2,148.5,148.5,148.5,55,54
174581,2,148.5,133.7,133.7,59,58
174631,2,148.5,163.4,163.4,52,51
174681,2,148.5,148.5,133.7,55,58
174731,2,148.5,133.7,148.5,59,55
174781,2,148.5,148.5,148.5,56,55
174831,2,148.5,148.5,148.5,56,55
174881,2,148.5,148.5,148.5,56,55
174931,2,148.5,163.4,148.5,52,55
174981,2,148.5,133.7,148.5,59,55
175031,2,148.5,148.5,148.5,56,55
175081,2,148.5,163.4,148.5,52,55
175131,2,148.5,148.5,148.5,55,55
175181,2,148.5,148.5,148.5,55,55
175231,2,148.5,148.5,148.5,55,55
175281,2,148.5,148.5,148.5,55,55
175331,2,148.5,148.5,133.7,55,58
175381,2,148.5,148.5,148.5,55,55
175431,2,148.5,148.5,148.5,55,55
175481,2,148.5,148.5,133.7,55,59
175531,2,148.5,148.5,148.5,55,56
175581,2,148.5,148.5,148.5,55,56
175631,2,148.5,148.5,163.4,55,52
175681,2,148.5,148.5,148.5,55,55
175731,2,148.5,133.7,148.5,59,55
175781,2,148.5,148.5,148.5,56,55
175831,2,148.5,163.4,163.4,52,52
175881,2,148.5,133.7,118.8,59,62
175931,2,148.5,133.7,148.5,59,56
175981,2,148.5,148.5,148.5,56,56
176031,2,148.5,148.5,163.4,56,52
176081,2,148.5,148.5,133.7,56,59
176131,2,148.5,148.5,148.5,56,56
176181,2,148.5,148.5,163.4,56,52
176231,2,148.5,148.5,133.7,56,59
176281,2,148.5,163.4,148.5,53,56
176331,2,148.5,148.5,148.5,56,56
176381,2,148.5,148.5,148.5,56,56
176431,2,148.5,163.4,133.7,52,60
176481,2,148.5,163.4,133.7,51,61
176531,2,148.5,148.5,148.5,54,58
176581,2,148.5,148.5,163.4,54,54
176631,2,148.5,148.5,148.5,54,57
176681,2,148.5,148.5,163.4,53,54
176731,2,148.5,133.7,178.2,57,49
176781,2,148.5,148.5,148.5,55,55
176831,2,148.5,148.5,148.5,55,55
176881,2,148.5,148.5,148.5,54,55
176931,2,148.5,148.5,163.4,53,53
176981,2,148.5,133.7,148.5,58,54
177031,2,148.5,133.7,148.5,59,54
177081,2,148.5,148.5,148.5,56,54
177131,2,148.5,133.7,133.7,60,58
177181,2,148.5,148.5,133.7,57,58
177231,2,148.5,148.5,118.8,57,63
177281,2,148.5,163.4,133.7,53,61
177331,2,148.5,133.7,133.7,60,62
177381,2,148.5,163.4,163.4,53,55
177431,2,148.5,148.5,163.4,56,54
177481,2,148.5,148.5,148.5,56,57
177531,2,148.5,148.5,148.5,56,57
177581,2,148.5,148.5,163.4,56,53
177631,2,148.5,148.5,148.5,56,56
177681,2,148.5,148.5,148.5,56,56
177731,2,148.5,148.5,148.5,56,56
177781,2,148.5,163.4,163.4,53,52
177831,2,148.5,148.5,148.5,56,55
177881,2,148.5,148.5,133.7,56,59
177931,2,148.5,148.5,163.4,56,52
177981,2,148.5,148.5,148.5,56,55
178031,2,148.5,163.4,133.7,52,59
178081,2,148.5,133.7,148.5,59,56
178131,2,148.5,148.5,148.5,56,56
178181,2,148.5,148.5,148.5,56,56
178231,3,148.5,163.4,163.4,52,52
178281,3,150.0,133.7,148.5,59,56
178331,3,151.5,148.5,148.5,56,56
178381,3,153.0,148.5,163.4,57,53
178431,3,154.5,148.5,148.5,58,57
178481,3,155.9,148.5,148.5,58,57
178531,3,157.4,148.5,148.5,59,58
178581,3,158.9,163.4,148.5,56,59
178631,3,160.4,148.5,163.4,60,56
178681,3,161.9,163.4,148.5,57,60
178731,3,163.4,148.5,148.5,61,61
178781,3,164.8,163.4,163.4,59,59
178831,3,166.3,163.4,163.4,59,59
178881,3,167.8,163.4,163.4,60,60
178931,3,169.3,163.4,163.4,60,60
178981,3,170.8,163.4,178.2,61,57
179031,3,172.3,163.4,163.4,62,61
179081,3,173.8,163.4,163.4,63,62
179131,3,175.2,178.2,178.2,60,59
179181,3,176.7,178.2,178.2,60,59
179231,3,178.2,178.2,163.4,60,63
179281,3,179.7,163.4,163.4,64,64
179331,3,181.2,178.2,163.4,62,66
179381,3,182.7,178.2,178.2,62,63
179431,3,184.2,163.4,163.4,67,68
179481,3,185.6,178.2,178.2,65,65
179531,3,187.1,193.1,178.2,62,66
179581,3,188.6,178.2,193.1,65,63
179631,3,190.1,163.4,163.4,70,71
179681,3,191.6,193.1,178.2,64,69
179731,3,193.1,193.1,193.1,65,66
179781,3,194.6,163.4,193.1,73,67
179831,3,196.0,207.9,178.2,63,71
179881,3,197.5,193.1,193.1,67,68
179931,3,199.0,178.2,193.1,71,69
179981,3,200.5,193.1,178.2,69,74
180031,3,202.0,193.1,207.9,70,68
180081,3,203.5,193.1,193.1,71,71
180131,3,204.9,207.9,193.1,68,72
180181,3,206.4,207.9,207.9,68,70
180231,3,207.9,193.1,207.9,72,70
180281,3,209.4,207.9,193.1,69,74
180331,3,210.9,193.1,193.1,74,75
180381,3,212.4,207.9,207.9,71,73
180431,3,213.9,207.9,207.9,72,73
180481,3,215.3,193.1,193.1,76,78
180531,3,216.8,222.8,207.9,70,76
180581,3,218.3,193.1,207.9,78,77
180631,3,219.8,222.8,222.8,72,74
180681,3,221.3,207.9,222.8,76,74
180731,4,222.8,207.9,207.9,77,78
180781,4,222.8,222.8,207.9,74,79
180831,4,222.8,222.8,222.8,74,76
180881,4,222.8,207.9,207.9,78,80
180931,4,222.8,222.8,222.8,75,77
180981,4,222.8,207.9,222.8,79,77
181031,4,222.8,222.8,207.9,76,80
181081,4,222.8,222.8,222.8,76,77
181131,4,222.8,222.8,222.8,76,77
181181,4,222.8,207.9,222.8,80,77
181231,4,222.8,222.8,222.8,77,77
181281,4,222.8,237.6,222.8,73,77
181331,4,222.8,207.9,222.8,80,77
181381,4,222.8,222.8,222.8,77,77
181431,4,222.8,222.8,222.8,77,77
181481,4,222.8,222.8,222.8,77,77
181531,4,222.8,237.6,222.8,73,77
181581,4,222.8,207.9,222.8,80,77
181631,4,222.8,222.8,222.8,77,77
181681,4,222.8,222.8,237.6,77,74
181731,4,222.8,207.9,207.9,81,80
181781,4,222.8,222.8,222.8,78,77
181831,4,222.8,222.8,222.8,78,77
181881,4,222.8,222.8,237.6,78,74
181931,4,222.8,222.8,222.8,78,77
181981,4,222.8,222.8,222.8,78,77
182031,4,222.8,237.6,222.8,74,77
182081,4,222.8,222.8,222.8,77,77
182131,4,222.8,207.9,222.8,81,77
182181,4,222.8,237.6,222.8,74,77
182231,4,222.8,222.8,222.8,77,77
182281,4,222.8,207.9,222.8,81,77
182331,4,222.8,222.8,207.9,78,80
182381,4,222.8,222.8,222.8,78,77
182431,4,222.8,237.6,222.8,74,77
182481,4,222.8,207.9,237.6,81,74
182531,4,222.8,222.8,222.8,78,77
182581,4,222.8,222.8,222.8,78,77
182631,4,222.8,222.8,222.8,78,77
182681,4,222.8,222.8,222.8,78,77
182731,4,222.8,207.9,222.8,81,77
182781,4,222.8,222.8,222.8,78,77
182831,4,222.8,237.6,222.8,75,77
182881,4,222.8,207.9,222.8,81,77
182931,4,222.8,237.6,222.8,75,77
182981,4,222.8,222.8,222.8,78,77
183031,4,222.8,222.8,222.8,78,77
183081,4,222.8,222.8,237.6,78,73
183131,4,222.8,222.8,207.9,78,80
183181,4,222.8,207.9,222.8,81,77
183231,4,222.8,222.8,207.9,78,80
183281,4,222.8,222.8,237.6,78,74
183331,4,222.8,237.6,222.8,75,77
183381,4,222.8,222.8,222.8,78,77
183431,4,222.8,222.8,207.9,78,80
183481,4,222.8,222.8,222.8,78,77
183531,4,222.8,222.8,222.8,78,77
183581,4,222.8,222.8,222.8,78,77
183631,4,222.8,222.8,222.8,78,77
183681,4,222.8,237.6,222.8,74,77
183731,4,222.8,207.9,222.8,81,77
183781,4,222.8,237.6,207.9,74,81
183831,4,222.8,222.8,237.6,77,74
183881,4,222.8,222.8,222.8,77,77
183931,4,222.8,222.8,207.9,77,81
183981,4,222.8,222.8,222.8,77,78
184031,4,222.8,207.9,222.8,81,78
184081,4,222.8,237.6,222.8,74,78
184131,4,222.8,222.8,222.8,77,78
184181,4,222.8,207.9,222.8,81,78
184231,4,222.8,222.8,237.6,78,74
184281,4,222.8,237.6,207.9,74,81
184331,4,222.8,207.9,237.6,81,74
184381,4,222.8,222.8,222.8,78,77
184431,4,222.8,237.6,222.8,74,77
184481,4,222.8,222.8,207.9,77,81
184531,4,222.8,207.9,222.8,81,78
184581,4,222.8,222.8,237.6,78,74
184631,4,222.8,222.8,222.8,78,77
184681,4,222.8,222.8,222.8,78,77
184731,5,222.8,222.8,222.8,78,77
184781,5,221.3,222.8,222.8,77,77
184831,5,219.8,222.8,222.8,77,77
184881,5,218.3,207.9,222.8,80,76
184931,5,216.8,237.6,222.8,73,75
184981,5,215.3,222.8,222.8,75,75
185031,5,213.9,222.8,222.8,74,74
185081,5,212.4,207.9,207.9,77,77
185131,5,210.9,222.8,222.8,73,73
185181,5,209.4,222.8,207.9,72,76
185231,5,207.9,207.9,222.8,75,72
185281,5,206.4,207.9,222.8,74,71
185331,5,204.9,207.9,207.9,74,73
185381,5,203.5,207.9,207.9,73,73
185431,5,202.0,207.9,207.9,73,72
185481,5,200.5,207.9,207.9,72,71
185531,5,199.0,207.9,207.9,71,70
185581,5,197.5,193.1,207.9,74,70
185631,5,196.0,207.9,193.1,70,72
185681,5,194.6,193.1,222.8,73,65
185731,5,193.1,207.9,193.1,69,70
185781,5,191.6,193.1,193.1,72,70
185831,5,190.1,193.1,207.9,71,66
185881,5,188.6,207.9,178.2,67,72
185931,5,187.1,193.1,207.9,69,64
185981,5,185.6,193.1,193.1,68,67
186031,5,184.2,178.2,193.1,71,66
186081,5,182.7,193.1,178.2,68,69
186131,5,181.2,193.1,193.1,67,65
186181,5,179.7,193.1,193.1,66,64
186231,5,178.2,193.1,178.2,65,67
186281,5,176.7,163.4,178.2,71,66
186331,5,175.2,193.1,178.2,64,66
186381,5,173.8,178.2,193.1,66,62
186431,5,172.3,178.2,178.2,66,64
186481,5,170.8,193.1,163.4,61,67
186531,5,169.3,178.2,178.2,63,63
186581,5,167.8,163.4,178.2,66,62
186631,5,166.3,178.2,163.4,62,65
186681,5,164.8,178.2,178.2,61,61
186731,5,163.4,178.2,163.4,60,64
186781,5,161.9,163.4,178.2,63,60
186831,5,160.4,178.2,163.4,58,62
186881,5,158.9,163.4,163.4,61,62
186931,5,157.4,163.4,178.2,60,57
186981,5,155.9,178.2,148.5,56,63
187031,5,154.5,163.4,163.4,58,60
187081,5,153.0,148.5,163.4,61,59
187131,5,151.5,163.4,148.5,57,62
187181,5,150.0,163.4,163.4,56,58
187231,6,148.5,148.5,163.4,59,56
187281,6,147.0,163.4,148.5,55,59
187331,6,145.5,148.5,163.4,57,55
187381,6,144.1,163.4,148.5,53,57
187431,6,142.6,133.7,148.5,59,57
187481,6,141.1,148.5,148.5,55,56
187531,6,139.6,148.5,148.5,54,55
187581,6,138.1,148.5,148.5,54,54
187631,6,136.6,133.7,148.5,56,53
187681,6,135.1,148.5,133.7,52,56
187731,6,133.7,133.7,148.5,55,52
187781,6,132.2,148.5,148.5,51,51
187831,6,130.7,148.5,133.7,50,53
187881,6,129.2,133.7,133.7,52,53
187931,6,127.7,133.7,133.7,52,52
187981,6,126.2,133.7,148.5,51,48
188031,6,124.7,133.7,133.7,50,50
188081,6,123.3,133.7,133.7,49,49
188131,6,121.8,133.7,148.5,48,44
188181,6,120.3,118.8,118.8,51,50
188231,6,118.8,118.8,118.8,51,50
188281,6,117.3,118.8,133.7,50,46
188331,6,115.8,133.7,133.7,46,44
188381,6,114.4,118.8,118.8,49,47
188431,6,112.9,133.7,104.0,44,50
188481,6,111.4,104.0,118.8,50,46
188531,6,109.9,104.0,133.7,50,42
188581,6,108.4,133.7,104.0,43,48
188631,6,106.9,118.8,118.8,45,44
188681,6,105.4,89.1,104.0,51,47
188731,6,104.0,104.0,118.8,48,42
188781,6,102.5,118.8,104.0,44,45
188831,6,101.0,104.0,104.0,46,45
188881,6,99.5,118.8,104.0,42,44
188931,6,98.0,104.0,104.0,44,43
188981,6,96.5,104.0,118.8,44,39
189031,6,95.0,104.0,104.0,43,41
189081,6,93.6,104.0,89.1,42,44
189131,6,92.1,104.0,118.8,41,36
189181,6,90.6,104.0,89.1,40,42
189231,6,89.1,89.1,104.0,43,38
189281,6,87.6,89.1,89.1,42,41
189331,6,86.1,104.0,89.1,38,40
189381,6,84.7,89.1,89.1,41,40
189431,6,83.2,104.0,89.1,36,39
189481,6,81.7,89.1,89.1,38,38
189531,6,80.2,74.3,74.3,41,41
189581,6,78.7,104.0,89.1,34,38
189631,6,77.2,74.3,89.1,40,37
189681,6,75.7,89.1,89.1,36,36
189731,6,74.3,74.3,89.1,38,34
189781,6,72.8,89.1,74.3,34,37
189831,6,71.3,74.3,74.3,37,37
189881,6,69.8,74.3,74.3,36,36
189931,6,68.3,74.3,74.3,36,35
189981,6,66.8,74.3,89.1,35,31
190031,6,65.3,74.3,74.3,34,33
190081,6,63.9,74.3,59.4,33,36
190131,6,62.4,89.1,74.3,28,32
190181,6,60.9,59.4,74.3,34,31
190231,6,59.4,59.4,74.3,34,30
190281,6,57.9,74.3,59.4,30,33
190331,6,56.4,59.4,59.4,32,32
190381,6,54.9,74.3,74.3,28,28
190431,6,53.5,59.4,59.4,30,30
190481,6,52.0,74.3,59.4,26,30
190531,6,50.5,74.3,59.4,24,29
190581,6,49.0,44.6,59.4,30,28
190631,6,47.5,44.6,59.4,30,27
190681,6,46.0,44.6,44.6,30,30
190731,6,44.6,59.4,59.4,26,26
190781,6,43.1,44.6,44.6,28,28
190831,6,41.6,59.4,29.7,24,32
190881,6,40.1,44.6,44.6,27,28
190931,6,38.6,59.4,44.6,22,27
190981,6,37.1,59.4,59.4,21,23
191031,6,35.6,44.6,44.6,23,25
191081,6,34.2,29.7,29.7,26,28
191131,6,32.7,44.6,44.6,22,24
191181,6,31.2,44.6,44.6,21,23
191231,6,29.7,29.7,44.6,24,22
191281,6,28.2,29.7,29.7,23,25
191331,6,26.7,29.7,29.7,23,24
191381,6,25.2,29.7,44.6,22,20
191431,6,23.8,14.9,29.7,25,22
191481,6,22.3,29.7,0.0,22,29
191531,6,20.8,29.7,-14.9,21,34
191581,6,19.3,29.7,0.0,20,32
191631,6,17.8,29.7,0.0,20,32
191681,6,16.3,14.9,0.0,22,33
191731,6,14.9,29.7,0.0,20,33
191781,6,13.4,14.9,0.0,20,34
191831,6,11.9,29.7,0.0,20,34
191881,6,10.4,14.9,0.0,20,34
191931,6,8.9,-14.9,0.0,26,34
191981,6,7.4,0.0,0.0,23,35
192031,6,5.9,0.0,0.0,23,35
192081,6,4.5,0.0,0.0,23,35
192131,6,3.0,0.0,0.0,22,34
192181,6,1.5,0.0,0.0,22,34
192231,0,0.0,0.0,0.0,22,34
192281,0,0.0,0.0,0.0,22,34
192331,0,0.0,0.0,0.0,22,34
192381,0,0.0,0.0,0.0,22,34
192431,0,0.0,0.0,0.0,22,34
192481,0,0.0,0.0,0.0,22,34
192531,0,0.0,0.0,0.0,22,34
192581,0,0.0,0.0,0.0,22,34
192631,0,0.0,0.0,0.0,22,34
192681,0,0.0,0.0,0.0,22,34
192731,0,0.0,0.0,0.0,22,34
192781,0,0.0,0.0,0.0,22,34
192831,0,0.0,0.0,0.0,22,34
192881,0,0.0,0.0,0.0,22,34
192931,0,0.0,0.0,0.0,22,34
192981,0,0.0,0.0,0.0,22,34
193031,0,0.0,0.0,0.0,22,34
193081,0,0.0,0.0,0.0,22,34
193131,0,0.0,0.0,0.0,22,34
193181,0,0.0,0.0,0.0,22,34
193231,0,0.0,0.0,0.0,22,34
193281,0,0.0,0.0,0.0,22,34
193331,0,0.0,0.0,0.0,22,34
193381,0,0.0,0.0,0.0,22,34
193431,0,0.0,0.0,0.0,22,34
193481,0,0.0,0.0,0.0,22,34
193531,0,0.0,0.0,0.0,22,34
193581,0,0.0,0.0,0.0,22,34
193631,0,0.0,0.0,0.0,22,34
193681,0,0.0,0.0,0.0,22,34
193731,0,0.0,0.0,0.0,22,34
193781,0,0.0,0.0,0.0,22,34
193831,0,0.0,0.0,0.0,22,34
193881,0,0.0,0.0,0.0,22,34
193931,0,0.0,0.0,0.0,22,34
193981,0,0.0,0.0,0.0,22,34
194031,0,0.0,0.0,0.0,22,34
194081,0,0.0,0.0,0.0,22,34
194131,0,0.0,0.0,0.0,22,34
194181,0,0.0,0.0,0.0,22,34
194231,0,0.0,0.0,0.0,22,34
194281,0,0.0,0.0,0.0,22,34
194331,0,0.0,0.0,0.0,22,34
194381,0,0.0,0.0,0.0,22,34
194431,0,0.0,0.0,0.0,22,34
194481,0,0.0,0.0,0.0,22,34
194531,0,0.0,0.0,0.0,22,34
194581,0,0.0,0.0,0.0,22,34
194631,0,0.0,0.0,0.0,22,34
194681,0,0.0,0.0,0.0,22,34
194731,0,0.0,0.0,0.0,22,34
194781,0,0.0,0.0,0.0,22,34
194831,0,0.0,0.0,0.0,22,34
194881,0,0.0,0.0,0.0,22,34
194931,0,0.0,0.0,0.0,22,34
194981,0,0.0,0.0,0.0,22,34
195031,0,0.0,0.0,0.0,22,34
195081,0,0.0,0.0,0.0,22,34
195131,0,0.0,0.0,0.0,22,34
195181,0,0.0,0.0,0.0,22,34
195231,0,0.0,0.0,0.0,22,34
195281,0,0.0,0.0,0.0,22,34
195331,0,0.0,0.0,0.0,22,34
195381,0,0.0,0.0,0.0,22,34
195431,0,0.0,0.0,0.0,22,34
195481,0,0.0,0.0,0.0,22,34
195531,0,0.0,0.0,0.0,22,34
195581,0,0.0,0.0,0.0,22,34
195631,0,0.0,0.0,0.0,22,34
195681,0,0.0,0.0,0.0,22,34
195731,0,0.0,0.0,0.0,22,34
195781,0,0.0,0.0,0.0,22,34
195831,0,0.0,0.0,0.0,22,34
195881,0,0.0,0.0,0.0,22,34
195931,0,0.0,0.0,0.0,22,34
195981,0,0.0,0.0,0.0,22,34
196031,0,0.0,0.0,0.0,22,34
196081,0,0.0,0.0,0.0,22,34
196131,0,0.0,0.0,0.0,22,34
196181,0,0.0,0.0,0.0,22,34
196231,1,0.0,0.0,0.0,22,34
196281,1,1.5,0.0,0.0,22,34
196331,1,3.0,0.0,0.0,23,35
196381,1,4.5,0.0,0.0,23,35
196431,1,5.9,0.0,0.0,24,36
196481,1,7.4,0.0,0.0,25,37
196531,1,8.9,0.0,0.0,25,37
196581,1,10.4,0.0,0.0,26,38
196631,1,11.9,0.0,0.0,27,39
196681,1,13.4,0.0,0.0,28,40
196731,1,14.9,0.0,0.0,29,41
196781,1,16.3,0.0,0.0,30,42
196831,1,17.8,0.0,0.0,32,44
196881,1,19.3,0.0,29.7,33,37
196931,1,20.8,0.0,44.6,35,33
196981,1,22.3,0.0,59.4,36,29
197031,1,23.8,0.0,59.4,38,27
197081,1,25.2,0.0,59.4,39,26
197131,1,26.7,0.0,44.6,41,28
197181,1,28.2,0.0,44.6,43,27
197231,1,29.7,14.9,44.6,41,27
197281,1,31.2,74.3,29.7,27,30
197331,1,32.7,59.4,44.6,29,27
197381,1,34.2,59.4,44.6,28,27
197431,1,35.6,74.3,29.7,23,30
197481,1,37.1,59.4,59.4,25,23
197531,1,38.6,44.6,44.6,28,26
197581,1,40.1,44.6,29.7,28,30
197631,1,41.6,59.4,59.4,24,24
197681,1,43.1,29.7,59.4,31,23
197731,1,44.6,44.6,44.6,29,26
197781,1,46.0,44.6,44.6,29,27
197831,1,47.5,59.4,44.6,26,27
197881,1,49.0,44.6,44.6,29,28
197931,1,50.5,44.6,44.6,30,28
197981,1,52.0,59.4,59.4,27,25
198031,1,53.5,59.4,44.6,27,29
198081,1,54.9,44.6,44.6,31,30
198131,1,56.4,59.4,59.4,28,27
198181,1,57.9,59.4,44.6,28,31
198231,1,59.4,59.4,74.3,28,24
198281,1,60.9,44.6,44.6,32,32
198331,1,62.4,44.6,44.6,34,33
198381,1,63.9,59.4,44.6,31,34
198431,1,65.3,74.3,74.3,28,28
198481,1,66.8,59.4,59.4,32,32
198531,1,68.3,59.4,59.4,33,33
198581,1,69.8,59.4,59.4,33,33
198631,1,71.3,74.3,74.3,31,31
198681,1,72.8,59.4,59.4,35,35
198731,1,74.3,59.4,59.4,36,36
198781,1,75.7,74.3,74.3,33,33
198831,1,77.2,89.1,89.1,30,30
198881,1,78.7,74.3,74.3,33,33
198931,1,80.2,74.3,74.3,34,34
198981,1,81.7,59.4,59.4,38,38
199031,1,83.2,89.1,74.3,32,36
199081,1,84.7,59.4,89.1,40,33
199131,1,86.1,89.1,74.3,34,37
199181,1,87.6,89.1,89.1,34,34
199231,1,89.1,74.3,74.3,39,38
199281,1,90.6,74.3,89.1,40,36
199331,1,92.1,89.1,89.1,37,36
199381,1,93.6,89.1,74.3,38,41
199431,1,95.0,89.1,89.1,38,38
199481,1,96.5,89.1,89.1,39,39
199531,1,98.0,104.0,89.1,36,40
199581,1,99.5,89.1,89.1,40,41
199631,1,101.0,74.3,89.1,45,42
199681,1,102.5,104.0,89.1,39,43
199731,1,104.0,104.0,104.0,39,40
199781,1,105.4,104.0,89.1,39,44
199831,1,106.9,104.0,104.0,40,42
199881,1,108.4,89.1,89.1,44,46
199931,1,109.9,89.1,104.0,46,43
199981,1,111.4,118.8,104.0,40,44
200031,1,112.9,104.0,104.0,43,45
200081,1,114.4,118.8,104.0,40,46
200131,1,115.8,104.0,104.0,44,47
200181,1,117.3,89.1,118.8,49,44
200231,1,118.8,118.8,104.0,44,48
200281,1,120.3,118.8,118.8,44,45
200331,1,121.8,118.8,104.0,44,50
200381,1,123.3,104.0,133.7,49,43
200431,1,124.7,118.8,118.8,46,47
200481,1,126.2,118.8,118.8,47,48
200531,1,127.7,118.8,104.0,48,52
200581,1,129.2,118.8,133.7,49,46
200631,1,130.7,118.8,118.8,50,50
200681,1,132.2,118.8,118.8,51,51
200731,1,133.7,118.8,118.8,52,52
200781,1,135.1,133.7,118.8,49,54
200831,1,136.6,118.8,133.7,53,51
200881,1,138.1,118.8,133.7,55,52
200931,1,139.6,133.7,133.7,52,52
200981,1,141.1,148.5,133.7,49,53
201031,1,142.6,133.7,148.5,53,50
201081,1,144.1,118.8,133.7,58,54
201131,1,145.5,148.5,133.7,52,55
201181,1,147.0,148.5,148.5,52,52
201231,2,148.5,133.7,133.7,56,56
201281,2,148.5,148.5,148.5,53,53
201331,2,148.5,133.7,148.5,57,53
201381,2,148.5,148.5,133.7,54,57
201431,2,148.5,148.5,148.5,54,54
201481,2,148.5,148.5,148.5,54,54
201531,2,148.5,148.5,148.5,54,54
201581,2,148.5,148.5,148.5,54,54
201631,2,148.5,148.5,148.5,54,54
201681,2,148.5,133.7,148.5,58,54
201731,2,148.5,163.4,133.7,51,58
201781,2,148.5,133.7,148.5,58,55
201831,2,148.5,148.5,148.5,55,55
201881,2,148.5,148.5,148.5,55,55
201931,2,148.5,148.5,148.5,55,55
201981,2,148.5,148.5,148.5,55,55
202031,2,148.5,133.7,148.5,59,55
202081,2,148.5,148.5,148.5,56,55
202131,2,148.5,163.4,133.7,52,58
202181,2,148.5,133.7,163.4,59,52
202231,2,148.5,163.4,148.5,52,55
202281,2,148.5,133.7,148.5,59,55
202331,2,148.5,163.4,148.5,52,55
202381,2,148.5,148.5,148.5,55,55
202431,2,148.5,148.5,148.5,55,55
202481,2,148.5,148.5,148.5,55,55
202531,2,148.5,163.4,133.7,51,58
202581,2,148.5,148.5,163.4,54,52
202631,2,148.5,133.7,148.5,58,55
202681,2,148.5,133.7,133.7,59,58
202731,2,148.5,163.4,148.5,52,55
202781,2,148.5,148.5,148.5,55,55
202831,2,148.5,133.7,148.5,59,55
202881,2,148.5,148.5,148.5,56,55
202931,2,148.5,148.5,148.5,56,55
202981,2,148.5,133.7,148.5,59,55
203031,2,148.5,148.5,148.5,56,55
203081,2,148.5,148.5,133.7,56,59
203131,2,148.5,148.5,163.4,56,52
203181,2,148.5,148.5,148.5,56,55
203231,2,148.5,148.5,148.5,56,55
203281,2,148.5,148.5,148.5,56,55
203331,2,148.5,133.7,148.5,60,55
203381,2,148.5,148.5,163.4,57,52
203431,2,148.5,163.4,133.7,53,58
203481,2,148.5,148.5,148.5,56,55
203531,2,148.5,133.7,133.7,60,59
203581,2,148.5,148.5,163.4,57,52
203631,2,148.5,148.5,148.5,57,55
203681,2,148.5,163.4,148.5,53,55
203731,2,148.5,148.5,148.5,56,55
203781,2,148.5,148.5,148.5,56,55
203831,2,148.5,148.5,148.5,56,55
203881,2,148.5,148.5,148.5,56,55
203931,2,148.5,148.5,133.7,56,59
203981,2,148.5,163.4,148.5,53,56
204031,2,148.5,133.7,163.4,59,52
204081,2,148.5,148.5,148.5,56,55
204131,2,148.5,163.4,133.7,53,59
204181,2,148.5,148.5,148.5,56,56
204231,2,148.5,148.5,148.5,56,56
204281,2,148.5,148.5,148.5,56,56
204331,2,148.5,163.4,133.7,52,60
204381,2,148.5,148.5,163.4,55,53
204431,2,148.5,133.7,148.5,59,56
204481,2,148.5,163.4,148.5,52,56
204531,2,148.5,148.5,133.7,55,60
204581,2,148.5,148.5,163.4,55,53
204631,2,148.5,148.5,148.5,55,56
204681,2,148.5,133.7,148.5,59,56
204731,2,148.5,163.4,148.5,52,56
204781,2,148.5,133.7,148.5,59,56
204831,2,148.5,148.5,148.5,56,56
204881,2,148.5,148.5,148.5,56,56
204931,2,148.5,148.5,133.7,56,60
204981,2,148.5,148.5,163.4,56,53
205031,2,148.5,148.5,163.4,56,52
205081,2,148.5,148.5,133.7,56,59
205131,2,148.5,133.7,148.5,59,56
205181,2,148.5,148.5,163.4,56,52
205231,3,148.5,148.5,148.5,56,55
205281,3,150.0,148.5,148.5,57,56
205331,3,151.5,163.4,148.5,53,56
205381,3,153.0,133.7,148.5,61,57
205431,3,154.5,163.4,148.5,55,57
205481,3,155.9,163.4,148.5,54,58
205531,3,157.4,133.7,148.5,62,59
205581,3,158.9,163.4,163.4,56,56
205631,3,160.4,163.4,148.5,56,60
205681,3,161.9,148.5,148.5,60,61
205731,3,163.4,148.5,163.4,61,58
205781,3,164.8,148.5,163.4,62,59
205831,3,166.3,163.4,163.4,60,59
205881,3,167.8,178.2,163.4,57,60
205931,3,169.3,148.5,163.4,64,60
205981,3,170.8,178.2,163.4,58,61
206031,3,172.3,163.4,178.2,62,58
206081,3,173.8,163.4,163.4,63,62
206131,3,175.2,163.4,163.4,64,63
206181,3,176.7,178.2,148.5,61,68
206231,3,178.2,163.4,178.2,65,62
206281,3,179.7,178.2,178.2,62,62
206331,3,181.2,163.4,163.4,67,67
206381,3,182.7,178.2,178.2,64,64
206431,3,184.2,178.2,178.2,65,65
206481,3,185.6,178.2,178.2,65,65
206531,3,187.1,178.2,178.2,66,66
206581,3,188.6,193.1,193.1,63,63
206631,3,190.1,178.2,178.2,67,67
206681,3,191.6,193.1,193.1,64,64
206731,3,193.1,178.2,193.1,69,65
206781,3,194.6,193.1,178.2,66,69
206831,3,196.0,193.1,178.2,66,70
206881,3,197.5,178.2,193.1,71,68
206931,3,199.0,193.1,178.2,68,72
206981,3,200.5,207.9,207.9,65,66
207031,3,202.0,178.2,193.1,73,70
207081,3,203.5,193.1,193.1,71,71
207131,3,204.9,193.1,193.1,72,72
207181,3,206.4,193.1,207.9,73,69
207231,3,207.9,207.9,193.1,70,73
207281,3,209.4,193.1,207.9,74,70
207331,3,210.9,207.9,207.9,72,71
207381,3,212.4,193.1,193.1,76,75
207431,3,213.9,207.9,222.8,74,69
207481,3,215.3,207.9,207.9,74,73
207531,3,216.8,207.9,193.1,75,77
207581,3,218.3,207.9,222.8,76,71
207631,3,219.8,222.8,207.9,73,75
207681,3,221.3,222.8,207.9,73,76
207731,4,222.8,207.9,222.8,77,73
207781,4,222.8,207.9,207.9,78,77
207831,4,222.8,222.8,207.9,75,78
207881,4,222.8,207.9,222.8,79,75
207931,4,222.8,222.8,207.9,76,79
207981,4,222.8,222.8,222.8,76,76
208031,4,222.8,222.8,207.9,76,80
208081,4,222.8,222.8,237.6,76,73
208131,4,222.8,207.9,222.8,80,76
208181,4,222.8,222.8,207.9,77,80
208231,4,222.8,237.6,207.9,73,80
208281,4,222.8,207.9,222.8,80,77
208331,4,222.8,222.8,222.8,77,77
208381,4,222.8,222.8,207.9,77,81
208431,4,222.8,222.8,222.8,77,78
208481,4,222.8,222.8,237.6,77,74
208531,4,222.8,222.8,207.9,77,81
208581,4,222.8,222.8,237.6,77,74
208631,4,222.8,207.9,222.8,81,77
208681,4,222.8,237.6,207.9,74,81
208731,4,222.8,222.8,237.6,77,74
208781,4,222.8,222.8,207.9,77,81
208831,4,222.8,207.9,237.6,81,74
208881,4,222.8,237.6,222.8,74,77
208931,4,222.8,222.8,222.8,77,77
208981,4,222.8,207.9,222.8,81,77
209031,4,222.8,222.8,207.9,78,81
209081,4,222.8,222.8,237.6,78,74
209131,4,222.8,237.6,222.8,74,77
209181,4,222.8,207.9,207.9,81,81
209231,4,222.8,237.6,222.8,74,78
209281,4,222.8,207.9,222.8,81,78
209331,4,222.8,222.8,222.8,78,78
209381,4,222.8,237.6,222.8,74,78
209431,4,222.8,222.8,237.6,77,74
209481,4,222.8,207.9,207.9,81,81
209531,4,222.8,237.6,237.6,74,74
209581,4,222.8,222.8,207.9,77,81
209631,4,222.8,207.9,222.8,81,78
209681,4,222.8,237.6,237.6,74,74
209731,4,222.8,207.9,222.8,81,77
209781,4,222.8,237.6,207.9,74,81
209831,4,222.8,222.8,222.8,77,78
209881,4,222.8,207.9,237.6,81,74
209931,4,222.8,222.8,222.8,78,77
209981,4,222.8,237.6,222.8,74,77
210031,4,222.8,222.8,222.8,77,77
210081,4,222.8,222.8,207.9,77,81
210131,4,222.8,207.9,207.9,81,82
210181,4,222.8,237.6,237.6,74,75
210231,4,222.8,222.8,222.8,77,78
210281,4,222.8,222.8,207.9,77,82
210331,4,222.8,222.8,237.6,77,75
210381,4,222.8,222.8,222.8,77,78
210431,4,222.8,222.8,207.9,77,82
210481,4,222.8,237.6,222.8,73,79
210531,4,222.8,222.8,237.6,76,75
210581,4,222.8,222.8,222.8,76,78
210631,4,222.8,207.9,207.9,80,82
210681,4,222.8,222.8,222.8,77,79
210731,4,222.8,237.6,222.8,73,79
210781,4,222.8,207.9,237.6,80,75
210831,4,222.8,222.8,207.9,77,82
210881,4,222.8,222.8,237.6,77,75
210931,4,222.8,207.9,222.8,81,78
210981,4,222.8,237.6,222.8,74,78
211031,4,222.8,207.9,222.8,81,78
211081,4,222.8,237.6,222.8,74,78
211131,4,222.8,207.9,222.8,81,78
211181,4,222.8,222.8,237.6,78,74
211231,4,222.8,222.8,222.8,78,77
211281,4,222.8,222.8,222.8,78,77
211331,4,222.8,222.8,222.8,78,77
211381,4,222.8,207.9,222.8,81,77
211431,4,222.8,237.6,222.8,75,77
211481,4,222.8,222.8,207.9,78,81
211531,4,222.8,222.8,237.6,78,74
211581,4,222.8,222.8,207.9,78,81
211631,4,222.8,222.8,237.6,78,74
211681,4,222.8,222.8,222.8,78,77
211731,5,222.8,222.8,222.8,78,77
211781,5,221.3,222.8,222.8,77,77
211831,5,219.8,222.8,222.8,77,77
211881,5,218.3,222.8,222.8,76,76
211931,5,216.8,222.8,222.8,76,75
211981,5,215.3,222.8,207.9,75,79
212031,5,213.9,222.8,222.8,74,75
212081,5,212.4,222.8,222.8,73,74
212131,5,210.9,207.9,207.9,76,77
212181,5,209.4,207.9,207.9,76,77
212231,5,207.9,222.8,222.8,72,72
212281,5,206.4,207.9,207.9,74,75
212331,5,204.9,222.8,207.9,70,75
212381,5,203.5,207.9,222.8,73,70
212431,5,202.0,193.1,207.9,76,73
212481,5,200.5,222.8,207.9,68,72
212531,5,199.0,207.9,207.9,70,71
212581,5,197.5,193.1,207.9,73,70
212631,5,196.0,207.9,193.1,69,73
212681,5,194.6,193.1,207.9,72,69
212731,5,193.1,193.1,193.1,72,72
212781,5,191.6,207.9,207.9,68,68
212831,5,190.1,207.9,193.1,66,70
212881,5,188.6,178.2,193.1,73,70
212931,5,187.1,207.9,207.9,65,65
212981,5,185.6,178.2,193.1,71,68
213031,5,184.2,193.1,193.1,68,67
213081,5,182.7,207.9,193.1,63,66
213131,5,181.2,178.2,178.2,69,69
213181,5,179.7,193.1,178.2,65,69
213231,5,178.2,193.1,193.1,64,64
213281,5,176.7,178.2,178.2,66,67
213331,5,175.2,193.1,178.2,62,67
213381,5,173.8,178.2,193.1,65,62
213431,5,172.3,178.2,163.4,64,68
213481,5,170.8,178.2,178.2,63,65
213531,5,169.3,178.2,178.2,62,64
213581,5,167.8,178.2,178.2,62,63
213631,5,166.3,178.2,163.4,61,66
213681,5,164.8,178.2,178.2,60,62
213731,5,163.4,163.4,178.2,62,61
213781,5,161.9,178.2,178.2,58,60
213831,5,160.4,163.4,163.4,61,62
213881,5,158.9,148.5,163.4,64,62
213931,5,157.4,163.4,163.4,60,61
213981,5,155.9,163.4,163.4,60,60
214031,5,154.5,178.2,148.5,55,63
214081,5,153.0,148.5,178.2,61,56
214131,5,151.5,148.5,163.4,61,58
214181,5,150.0,163.4,148.5,57,61
214231,6,148.5,163.4,163.4,56,56
214281,6,147.0,148.5,163.4,58,55
214331,6,145.5,163.4,148.5,54,58
214381,6,144.1,148.5,148.5,57,57
214431,6,142.6,133.7,148.5,60,57
214481,6,141.1,163.4,163.4,52,52
214531,6,139.6,148.5,133.7,54,58
214581,6,138.1,133.7,148.5,57,54
214631,6,136.6,148.5,148.5,53,53
214681,6,135.1,148.5,148.5,52,52
214731,6,133.7,133.7,133.7,55,55
214781,6,132.2,133.7,148.5,55,51
214831,6,130.7,133.7,133.7,54,53
214881,6,129.2,148.5,133.7,50,53
214931,6,127.7,133.7,133.7,52,52
214981,6,126.2,133.7,148.5,52,48
215031,6,124.7,148.5,118.8,47,54
215081,6,123.3,118.8,133.7,53,50
215131,6,121.8,118.8,133.7,53,49
215181,6,120.3,133.7,133.7,49,48
215231,6,118.8,133.7,118.8,48,51
215281,6,117.3,118.8,133.7,50,47
215331,6,115.8,133.7,118.8,46,49
215381,6,114.4,118.8,118.8,49,49
215431,6,112.9,104.0,118.8,52,48
215481,6,111.4,133.7,118.8,44,47
215531,6,109.9,118.8,118.8,46,46
215581,6,108.4,118.8,118.8,46,46
215631,6,106.9,118.8,118.8,45,45
215681,6,105.4,104.0,118.8,47,44
215731,6,104.0,118.8,118.8,43,42
215781,6,102.5,118.8,104.0,42,45
215831,6,101.0,104.0,118.8,45,41
215881,6,99.5,89.1,104.0,48,43
215931,6,98.0,118.8,89.1,41,46
215981,6,96.5,133.7,104.0,35,43
216031,6,95.0,104.0,118.8,40,38
216081,6,93.6,74.3,89.1,47,44
216131,6,92.1,104.0,89.1,40,44
216181,6,90.6,104.0,104.0,39,40
216231,6,89.1,104.0,89.1,38,43
216281,6,87.6,89.1,104.0,41,39
216331,6,86.1,89.1,104.0,40,37
216381,6,84.7,89.1,89.1,40,40
216431,6,83.2,89.1,74.3,39,43
216481,6,81.7,104.0,89.1,35,39
216531,6,80.2,74.3,104.0,41,35
216581,6,78.7,104.0,74.3,33,41
216631,6,77.2,74.3,89.1,39,37
216681,6,75.7,89.1,74.3,35,39
216731,6,74.3,89.1,74.3,34,39
216781,6,72.8,74.3,74.3,36,39
216831,6,71.3,74.3,89.1,36,34
216881,6,69.8,89.1,74.3,32,37
216931,6,68.3,74.3,74.3,34,36
216981,6,66.8,74.3,89.1,33,32
217031,6,65.3,74.3,89.1,32,30
217081,6,63.9,74.3,59.4,32,36
217131,6,62.4,59.4,89.1,34,28
217181,6,60.9,74.3,74.3,30,30
217231,6,59.4,74.3,59.4,29,33
217281,6,57.9,59.4,74.3,32,29
217331,6,56.4,59.4,59.4,31,31
217381,6,54.9,59.4,59.4,31,31
217431,6,53.5,59.4,59.4,30,30
217481,6,52.0,74.3,44.6,26,33
217531,6,50.5,44.6,59.4,32,30
217581,6,49.0,59.4,44.6,28,33
217631,6,47.5,59.4,59.4,27,29
217681,6,46.0,44.6,44.6,30,31
217731,6,44.6,59.4,59.4,26,27
217781,6,43.1,59.4,59.4,25,26
217831,6,41.6,44.6,44.6,27,29
217881,6,40.1,44.6,44.6,27,28
217931,6,38.6,59.4,44.6,22,27
217981,6,37.1,44.6,59.4,24,23
218031,6,35.6,29.7,29.7,27,29
218081,6,34.2,44.6,59.4,24,21
218131,6,32.7,44.6,29.7,23,27
218181,6,31.2,44.6,59.4,22,20
218231,6,29.7,44.6,29.7,21,25
218281,6,28.2,29.7,44.6,23,21
218331,6,26.7,44.6,44.6,20,20
218381,6,25.2,29.7,29.7,21,22
218431,6,23.8,29.7,29.7,21,21
218481,6,22.3,14.9,14.9,24,25
218531,6,20.8,0.0,14.9,28,25
218581,6,19.3,0.0,14.9,28,25
218631,6,17.8,0.0,0.0,29,28
218681,6,16.3,0.0,0.0,30,29
218731,6,14.9,0.0,0.0,30,29
218781,6,13.4,0.0,0.0,31,30
218831,6,11.9,0.0,0.0,31,30
218881,6,10.4,0.0,0.0,31,30
218931,6,8.9,0.0,0.0,31,30
218981,6,7.4,0.0,0.0,31,31
219031,6,5.9,0.0,0.0,31,31
219081,6,4.5,0.0,0.0,31,31
219131,6,3.0,0.0,0.0,31,30
219181,6,1.5,0.0,0.0,31,30
219231,0,0.0,0.0,0.0,31,30
219281,0,0.0,0.0,0.0,31,30
219331,0,0.0,0.0,0.0,31,30
219381,0,0.0,0.0,0.0,31,30
219431,0,0.0,0.0,0.0,31,30
219481,0,0.0,0.0,0.0,31,30
219531,0,0.0,0.0,0.0,31,30
219581,0,0.0,0.0,0.0,31,30
219631,0,0.0,0.0,0.0,31,30
219681,0,0.0,0.0,0.0,31,30
219731,0,0.0,0.0,0.0,31,30
219781,0,0.0,0.0,0.0,31,30
219831,0,0.0,0.0,0.0,31,30
219881,0,0.0,0.0,0.0,31,30
219931,0,0.0,0.0,0.0,31,30
219981,0,0.0,0.0,0.0,31,30
220031,0,0.0,0.0,0.0,31,30
220081,0,0.0,0.0,0.0,31,30
220131,0,0.0,0.0,0.0,31,30
220181,0,0.0,0.0,0.0,31,30
220231,0,0.0,0.0,0.0,31,30
220281,0,0.0,0.0,0.0,31,30
220331,0,0.0,0.0,0.0,31,30
220381,0,0.0,0.0,0.0,31,30
220431,0,0.0,0.0,0.0,31,30
220481,0,0.0,0.0,0.0,31,30
220531,0,0.0,0.0,0.0,31,30
220581,0,0.0,0.0,0.0,31,30
220631,0,0.0,0.0,0.0,31,30
220681,0,0.0,0.0,0.0,31,30
220731,0,0.0,0.0,0.0,31,30
220781,0,0.0,0.0,0.0,31,30
220831,0,0.0,0.0,0.0,31,30
220881,0,0.0,0.0,0.0,31,30
220931,0,0.0,0.0,0.0,31,30
220981,0,0.0,0.0,0.0,31,30
221031,0,0.0,0.0,0.0,31,30
221081,0,0.0,0.0,0.0,31,30
221131,0,0.0,0.0,0.0,31,30
221181,0,0.0,0.0,0.0,31,30
221231,0,0.0,0.0,0.0,31,30
221281,0,0.0,0.0,0.0,31,30
221331,0,0.0,0.0,0.0,31,30
221381,0,0.0,0.0,0.0,31,30
221431,0,0.0,0.0,0.0,31,30
221481,0,0.0,0.0,0.0,31,30
221531,0,0.0,0.0,0.0,31,30
221581,0,0.0,0.0,0.0,31,30
221631,0,0.0,0.0,0.0,31,30
221681,0,0.0,0.0,0.0,31,30
221731,0,0.0,0.0,0.0,31,30
221781,0,0.0,0.0,0.0,31,30
221831,0,0.0,0.0,0.0,31,30
221881,0,0.0,0.0,0.0,31,30
221931,0,0.0,0.0,0.0,31,30
221981,0,0.0,0.0,0.0,31,30
222031,0,0.0,0.0,0.0,31,30
222081,0,0.0,0.0,0.0,31,30
222131,0,0.0,0.0,0.0,31,30
222181,0,0.0,0.0,0.0,31,30
222231,0,0.0,0.0,0.0,31,30
222281,0,0.0,0.0,0.0,31,30
222331,0,0.0,0.0,0.0,31,30
222381,0,0.0,0.0,0.0,31,30
222431,0,0.0,0.0,0.0,31,30
222481,0,0.0,0.0,0.0,31,30
222531,0,0.0,0.0,0.0,31,30
222581,0,0.0,0.0,0.0,31,30
222631,0,0.0,0.0,0.0,31,30
222681,0,0.0,0.0,0.0,31,30
222731,0,0.0,0.0,0.0,31,30
222781,0,0.0,0.0,0.0,31,30
222831,0,0.0,0.0,0.0,31,30
222881,0,0.0,0.0,0.0,31,30
222931,0,0.0,0.0,0.0,31,30
222981,0,0.0,0.0,0.0,31,30
223031,0,0.0,0.0,0.0,31,30
223081,0,0.0,0.0,0.0,31,30
223131,0,0.0,0.0,0.0,31,30
223181,0,0.0,0.0,0.0,31,30
223231,1,0.0,0.0,0.0,31,30
223281,1,1.5,0.0,0.0,31,30
223331,1,3.0,0.0,0.0,32,31
223381,1,4.5,0.0,0.0,32,31
223431,1,5.9,0.0,0.0,33,32
223481,1,7.4,0.0,0.0,33,33
223531,1,8.9,0.0,0.0,34,33
223581,1,10.4,0.0,0.0,35,34
223631,1,11.9,0.0,0.0,36,35
223681,1,13.4,0.0,0.0,37,36
223731,1,14.9,0.0,0.0,38,37
223781,1,16.3,0.0,0.0,39,38
223831,1,17.8,0.0,0.0,41,40
223881,1,19.3,0.0,44.6,42,30
223931,1,20.8,0.0,59.4,43,25
223981,1,22.3,0.0,44.6,45,27
224031,1,23.8,0.0,29.7,46,30
224081,1,25.2,14.9,29.7,44,30
224131,1,26.7,59.4,44.6,34,26
224181,1,28.2,74.3,59.4,29,22
224231,1,29.7,59.4,44.6,30,24
224281,1,31.2,59.4,44.6,29,24
224331,1,32.7,59.4,29.7,28,28
224381,1,34.2,44.6,44.6,31,24
224431,1,35.6,59.4,44.6,27,24
224481,1,37.1,59.4,44.6,26,24
224531,1,38.6,44.6,44.6,29,24
224581,1,40.1,59.4,44.6,25,24
224631,1,41.6,44.6,44.6,28,24
224681,1,43.1,44.6,44.6,28,24
224731,1,44.6,59.4,44.6,25,25
224781,1,46.0,44.6,44.6,28,25
224831,1,47.5,44.6,59.4,29,22
224881,1,49.0,59.4,44.6,25,25
224931,1,50.5,44.6,44.6,29,26
224981,1,52.0,59.4,44.6,26,27
225031,1,53.5,44.6,44.6,30,27
225081,1,54.9,59.4,59.4,27,24
225131,1,56.4,44.6,44.6,31,28
225181,1,57.9,44.6,44.6,32,29
225231,1,59.4,59.4,44.6,29,30
225281,1,60.9,59.4,59.4,29,28
225331,1,62.4,59.4,59.4,30,28
225381,1,63.9,59.4,59.4,30,29
225431,1,65.3,59.4,59.4,31,29
225481,1,66.8,59.4,44.6,32,34
225531,1,68.3,74.3,59.4,29,32
225581,1,69.8,59.4,74.3,33,29
225631,1,71.3,59.4,59.4,34,33
225681,1,72.8,59.4,74.3,35,30
225731,1,74.3,74.3,59.4,32,34
225781,1,75.7,74.3,74.3,32,31
225831,1,77.2,74.3,74.3,33,32
225881,1,78.7,74.3,74.3,33,32
225931,1,80.2,74.3,59.4,34,37
225981,1,81.7,74.3,74.3,35,35
226031,1,83.2,74.3,74.3,35,35
226081,1,84.7,89.1,89.1,32,32
226131,1,86.1,74.3,74.3,36,36
226181,1,87.6,89.1,74.3,34,37
226231,1,89.1,74.3,74.3,38,38
226281,1,90.6,74.3,89.1,39,36
226331,1,92.1,89.1,74.3,36,40
226381,1,93.6,74.3,89.1,41,38
226431,1,95.0,74.3,89.1,42,38
226481,1,96.5,104.0,89.1,36,39
226531,1,98.0,89.1,89.1,40,40
226581,1,99.5,89.1,89.1,41,41
226631,1,101.0,89.1,89.1,42,42
226681,1,102.5,104.0,104.0,39,39
226731,1,104.0,89.1,104.0,43,39
226781,1,105.4,104.0,89.1,40,43
226831,1,106.9,104.0,104.0,41,41
226881,1,108.4,104.0,104.0,41,41
226931,1,109.9,89.1,89.1,46,46
226981,1,111.4,104.0,104.0,43,43
227031,1,112.9,104.0,89.1,44,48
227081,1,114.4,118.8,118.8,41,42
227131,1,115.8,104.0,118.8,45,42
227181,1,117.3,104.0,104.0,46,46
227231,1,118.8,104.0,104.0,47,47
227281,1,120.3,118.8,104.0,45,48
227331,1,121.8,133.7,118.8,41,46
227381,1,123.3,104.0,118.8,49,46
227431,1,124.7,118.8,104.0,46,51
227481,1,126.2,104.0,118.8,51,49
227531,1,127.7,133.7,118.8,45,49
227581,1,129.2,133.7,118.8,45,50
227631,1,130.7,118.8,118.8,49,51
227681,1,132.2,104.0,133.7,54,48
227731,1,133.7,133.7,118.8,48,52
227781,1,135.1,133.7,118.8,48,54
227831,1,136.6,133.7,133.7,49,51
227881,1,138.1,118.8,133.7,53,52
227931,1,139.6,133.7,118.8,51,56
227981,1,141.1,133.7,133.7,51,54
228031,1,142.6,133.7,133.7,52,55
228081,1,144.1,133.7,148.5,53,52
228131,1,145.5,118.8,148.5,58,52
228181,1,147.0,148.5,148.5,52,52
228231,2,148.5,133.7,133.7,56,56
228281,2,148.5,148.5,133.7,53,57
228331,2,148.5,133.7,133.7,57,58
228381,2,148.5,148.5,148.5,54,55
228431,2,148.5,148.5,148.5,54,55
228481,2,148.5,133.7,133.7,58,58
228531,2,148.5,148.5,148.5,55,55
228581,2,148.5,148.5,148.5,55,55
228631,2,148.5,148.5,148.5,55,55
228681,2,148.5,133.7,148.5,59,55
228731,2,148.5,148.5,133.7,56,59
228781,2,148.5,148.5,163.4,56,52
228831,2,148.5,163.4,148.5,52,55
228881,2,148.5,133.7,148.5,59,55
228931,2,148.5,148.5,133.7,56,59
228981,2,148.5,148.5,163.4,56,52
229031,2,148.5,148.5,148.5,56,55
229081,2,148.5,163.4,148.5,52,55
229131,2,148.5,148.5,133.7,55,59
229181,2,148.5,148.5,148.5,55,56
229231,2,148.5,148.5,163.4,55,52
229281,2,148.5,148.5,148.5,55,55
229331,2,148.5,148.5,133.7,55,59
229381,2,148.5,133.7,163.4,59,52
229431,2,148.5,148.5,148.5,56,55
229481,2,148.5,148.5,133.7,56,59
229531,2,148.5,148.5,148.5,56,56
229581,2,148.5,133.7,163.4,59,52
229631,2,148.5,148.5,133.7,56,59
229681,2,148.5,148.5,133.7,56,60
229731,2,148.5,148.5,148.5,56,57
229781,2,148.5,163.4,163.4,53,53
229831,2,148.5,133.7,148.5,59,56
229881,2,148.5,163.4,148.5,53,56
229931,2,148.5,148.5,148.5,56,56
229981,2,148.5,133.7,148.5,59,56
230031,2,148.5,163.4,148.5,53,56
230081,2,148.5,148.5,163.4,56,52
230131,2,148.5,148.5,148.5,56,55
230181,2,148.5,148.5,133.7,56,59
230231,2,148.5,148.5,148.5,56,56
230281,2,148.5,148.5,163.4,56,52
230331,2,148.5,148.5,148.5,56,55
230381,2,148.5,148.5,133.7,56,59
230431,2,148.5,148.5,148.5,56,56
230481,2,148.5,148.5,148.5,56,56
230531,2,148.5,148.5,148.5,56,56
230581,2,148.5,148.5,148.5,56,56
230631,2,148.5,148.5,163.4,56,52
230681,2,148.5,133.7,148.5,59,55
230731,2,148.5,163.4,133.7,53,59
230781,2,148.5,148.5,148.5,56,56
230831,2,148.5,148.5,163.4,56,52
230881,2,148.5,148.5,148.5,56,55
230931,2,148.5,148.5,148.5,56,55
230981,2,148.5,163.4,148.5,52,55
231031,2,148.5,133.7,133.7,59,59
231081,2,148.5,148.5,148.5,56,56
231131,2,148.5,163.4,148.5,52,56
231181,2,148.5,133.7,133.7,59,60
231231,2,148.5,148.5,163.4,56,53
231281,2,148.5,163.4,148.5,52,56
231331,2,148.5,148.5,148.5,55,56
231381,2,148.5,133.7,148.5,59,56
231431,2,148.5,148.5,133.7,56,60
231481,2,148.5,148.5,163.4,56,53
231531,2,148.5,163.4,148.5,52,56
231581,2,148.5,148.5,148.5,55,56
231631,2,148.5,133.7,148.5,59,56
231681,2,148.5,148.5,133.7,56,60
231731,2,148.5,163.4,148.5,52,57
231781,2,148.5,133.7,163.4,59,53
231831,2,148.5,148.5,133.7,56,60
231881,2,148.5,163.4,148.5,52,57
231931,2,148.5,133.7,148.5,59,57
231981,2,148.5,148.5,163.4,56,53
232031,2,148.5,163.4,148.5,52,56
232081,2,148.5,148.5,133.7,55,60
232131,2,148.5,133.7,163.4,59,53
232181,2,148.5,163.4,148.5,52,56
232231,3,148.5,148.5,148.5,55,56
232281,3,150.0,133.7,148.5,59,57
232331,3,151.5,148.5,148.5,56,57
232381,3,153.0,148.5,148.5,57,58
232431,3,154.5,163.4,148.5,54,58
232481,3,155.9,133.7,148.5,61,59
232531,3,157.4,148.5,163.4,59,56
232581,3,158.9,163.4,148.5,56,60
232631,3,160.4,148.5,163.4,60,57
232681,3,161.9,163.4,148.5,57,61
232731,3,163.4,148.5,163.4,61,58
232781,3,164.8,163.4,163.4,59,59
232831,3,166.3,163.4,163.4,59,59
232881,3,167.8,163.4,163.4,60,60
232931,3,169.3,163.4,163.4,60,60
232981,3,170.8,163.4,163.4,61,61
233031,3,172.3,163.4,163.4,62,62
233081,3,173.8,178.2,163.4,59,63
233131,3,175.2,163.4,178.2,63,60
233181,3,176.7,163.4,163.4,64,64
233231,3,178.2,163.4,178.2,65,61
233281,3,179.7,178.2,163.4,62,65
233331,3,181.2,178.2,178.2,63,63
233381,3,182.7,178.2,178.2,63,63
233431,3,184.2,178.2,178.2,64,64
233481,3,185.6,163.4,178.2,68,65
233531,3,187.1,178.2,193.1,66,62
233581,3,188.6,193.1,178.2,63,65
233631,3,190.1,163.4,163.4,71,70
233681,3,191.6,178.2,193.1,69,64
233731,3,193.1,193.1,178.2,66,68
233781,3,194.6,193.1,178.2,67,70
233831,3,196.0,178.2,207.9,71,63
233881,3,197.5,193.1,178.2,68,71
233931,3,199.0,193.1,178.2,69,72
233981,3,200.5,193.1,207.9,70,66
234031,3,202.0,193.1,193.1,71,70
234081,3,203.5,207.9,193.1,68,71
234131,3,204.9,193.1,193.1,72,72
234181,3,206.4,193.1,207.9,73,69
234231,3,207.9,207.9,193.1,70,73
234281,3,209.4,207.9,207.9,70,70
234331,3,210.9,207.9,207.9,71,71
234381,3,212.4,193.1,207.9,75,71
234431,3,213.9,207.9,193.1,73,76
234481,3,215.3,222.8,207.9,70,73
234531,3,216.8,193.1,222.8,77,70
234581,3,218.3,207.9,207.9,75,74
234631,3,219.8,207.9,207.9,76,75
234681,3,221.3,222.8,207.9,73,76
234731,4,222.8,207.9,207.9,77,77
234781,4,222.8,222.8,207.9,74,78
234831,4,222.8,222.8,222.8,74,75
234881,4,222.8,207.9,222.8,78,75
234931,4,222.8,237.6,207.9,71,79
234981,4,222.8,207.9,222.8,78,76
235031,4,222.8,222.8,222.8,75,76
235081,4,222.8,222.8,222.8,75,76
235131,4,222.8,222.8,207.9,75,80
235181,4,222.8,222.8,222.8,75,77
235231,4,222.8,207.9,222.8,79,77
235281,4,222.8,222.8,207.9,76,80
235331,4,222.8,222.8,222.8,76,77
235381,4,222.8,207.9,222.8,80,77
235431,4,222.8,222.8,222.8,77,77
235481,4,222.8,222.8,207.9,77,81
235531,4,222.8,222.8,237.6,77,74
235581,4,222.8,222.8,222.8,77,77
235631,4,222.8,222.8,207.9,77,81
235681,4,222.8,222.8,222.8,77,78
235731,4,222.8,222.8,222.8,77,78
235781,4,222.8,222.8,222.8,77,78
235831,4,222.8,222.8,222.8,77,78
235881,4,222.8,207.9,222.8,81,78
235931,4,222.8,222.8,222.8,78,78
235981,4,222.8,222.8,222.8,78,78
236031,4,222.8,222.8,222.8,78,78
236081,4,222.8,222.8,222.8,78,78
236131,4,222.8,222.8,222.8,78,78
236181,4,222.8,222.8,222.8,78,78
236231,4,222.8,222.8,222.8,78,78
236281,4,222.8,222.8,222.8,78,78
236331,4,222.8,222.8,222.8,78,78
236381,4,222.8,222.8,222.8,78,78
236431,4,222.8,222.8,222.8,78,78
236481,4,222.8,222.8,222.8,78,78
236531,4,222.8,222.8,222.8,78,78
236581,4,222.8,222.8,222.8,78,78
236631,4,222.8,222.8,222.8,78,78
236681,4,222.8,237.6,222.8,74,78
236731,4,222.8,207.9,222.8,81,78
236781,4,222.8,237.6,222.8,74,78
236831,4,222.8,222.8,222.8,77,78
236881,4,222.8,207.9,222.8,81,78
236931,4,222.8,237.6,207.9,74,82
236981,4,222.8,222.8,237.6,77,75
237031,4,222.8,222.8,222.8,77,78
237081,4,222.8,222.8,222.8,77,78
237131,4,222.8,207.9,222.8,81,78
237181,4,222.8,237.6,222.8,74,78
237231,4,222.8,222.8,222.8,77,78
237281,4,222.8,222.8,237.6,77,74
237331,4,222.8,207.9,222.8,81,77
237381,4,222.8,237.6,222.8,74,77
237431,4,222.8,222.8,207.9,77,81
237481,4,222.8,207.9,222.8,81,78
237531,4,222.8,237.6,237.6,74,74
237581,4,222.8,207.9,222.8,81,77
237631,4,222.8,222.8,222.8,78,77
237681,4,222.8,222.8,222.8,78,77
237731,4,222.8,222.8,222.8,78,77
237781,4,222.8,222.8,222.8,78,77
237831,4,222.8,222.8,222.8,78,77
237881,4,222.8,207.9,237.6,81,74
237931,4,222.8,237.6,207.9,75,80
237981,4,222.8,222.8,222.8,78,77
238031,4,222.8,222.8,237.6,78,74
238081,4,222.8,222.8,207.9,78,80
238131,4,222.8,222.8,222.8,78,77
238181,4,222.8,222.8,237.6,78,74
238231,4,222.8,222.8,207.9,78,80
238281,4,222.8,207.9,222.8,81,77
238331,4,222.8,222.8,222.8,78,77
238381,4,222.8,222.8,222.8,78,77
238431,4,222.8,222.8,222.8,78,77
238481,4,222.8,222.8,222.8,78,77
238531,4,222.8,207.9,237.6,82,74
238581,4,222.8,237.6,207.9,75,80
238631,4,222.8,222.8,237.6,78,74
238681,4,222.8,222.8,222.8,78,77
238731,5,222.8,222.8,207.9,78,80
238781,5,221.3,207.9,237.6,82,73
238831,5,219.8,237.6,207.9,74,80
238881,5,218.3,207.9,222.8,81,76
238931,5,216.8,222.8,222.8,77,75
238981,5,215.3,222.8,222.8,76,75
239031,5,213.9,222.8,207.9,76,78
239081,5,212.4,222.8,222.8,75,74
239131,5,210.9,207.9,222.8,78,73
239181,5,209.4,222.8,222.8,74,72
239231,5,207.9,222.8,207.9,73,75
239281,5,206.4,207.9,193.1,75,78
239331,5,204.9,207.9,222.8,75,71
239381,5,203.5,207.9,207.9,74,73
239431,5,202.0,207.9,207.9,74,73
239481,5,200.5,222.8,207.9,69,72
239531,5,199.0,207.9,207.9,71,71
239581,5,197.5,207.9,207.9,70,70
239631,5,196.0,193.1,207.9,73,69
239681,5,194.6,193.1,193.1,73,72
239731,5,193.1,207.9,193.1,69,72
239781,5,191.6,193.1,207.9,72,68
239831,5,190.1,207.9,193.1,67,70
239881,5,188.6,193.1,193.1,70,70
239931,5,187.1,193.1,193.1,69,69
239981,5,185.6,207.9,207.9,65,65
240031,5,184.2,193.1,178.2,67,71
240081,5,182.7,178.2,193.1,70,67
240131,5,181.2,193.1,193.1,66,66
240181,5,179.7,178.2,193.1,69,65
240231,5,178.2,193.1,178.2,65,67
240281,5,176.7,178.2,178.2,67,67
240331,5,175.2,178.2,193.1,67,63
240381,5,173.8,193.1,178.2,62,65
240431,5,172.3,193.1,193.1,61,61
240481,5,170.8,163.4,163.4,67,67
240531,5,169.3,178.2,193.1,63,59
240581,5,167.8,178.2,178.2,62,62
240631,5,166.3,178.2,178.2,61,61
240681,5,164.8,163.4,163.4,64,63
240731,5,163.4,178.2,163.4,60,63
240781,5,161.9,178.2,178.2,59,59
240831,5,160.4,163.4,163.4,61,61
240881,5,158.9,163.4,163.4,61,61
240931,5,157.4,163.4,163.4,60,60
240981,5,155.9,163.4,163.4,60,60
241031,5,154.5,163.4,148.5,59,63
241081,5,153.0,163.4,163.4,58,59
241131,5,151.5,163.4,178.2,57,54
241181,5,150.0,148.5,133.7,60,64
241231,6,148.5,148.5,178.2,60,53
241281,6,147.0,163.4,163.4,55,55
241331,6,145.5,163.4,148.5,54,57
241381,6,144.1,148.5,163.4,57,53
241431,6,142.6,133.7,148.5,60,55
241481,6,141.1,163.4,133.7,52,58
241531,6,139.6,148.5,148.5,54,54
241581,6,138.1,148.5,148.5,54,54
241631,6,136.6,133.7,133.7,56,56
241681,6,135.1,148.5,133.7,52,56
241731,6,133.7,133.7,133.7,55,56
241781,6,132.2,133.7,148.5,55,52
241831,6,130.7,148.5,148.5,50,50
241881,6,129.2,133.7,148.5,53,49
241931,6,127.7,133.7,118.8,52,55
241981,6,126.2,118.8,148.5,55,48
242031,6,124.7,133.7,133.7,52,50
242081,6,123.3,148.5,133.7,47,49
242131,6,121.8,133.7,118.8,49,52
242181,6,120.3,118.8,133.7,52,48
242231,6,118.8,118.8,133.7,52,47
242281,6,117.3,133.7,118.8,47,50
242331,6,115.8,118.8,118.8,50,49
242381,6,114.4,133.7,133.7,46,45
242431,6,112.9,118.8,118.8,48,47
242481,6,111.4,104.0,118.8,51,46
242531,6,109.9,133.7,118.8,43,46
242581,6,108.4,118.8,118.8,46,45
242631,6,106.9,104.0,104.0,48,48
242681,6,105.4,118.8,133.7,44,40
242731,6,104.0,118.8,104.0,43,45
242781,6,102.5,104.0,104.0,46,45
242831,6,101.0,104.0,104.0,45,45
242881,6,99.5,104.0,118.8,45,40
242931,6,98.0,89.1,89.1,48,46
242981,6,96.5,118.8,104.0,41,43
243031,6,95.0,104.0,118.8,43,38
243081,6,93.6,89.1,89.1,46,44
243131,6,92.1,104.0,104.0,42,40
243181,6,90.6,104.0,89.1,41,43
243231,6,89.1,104.0,104.0,40,39
243281,6,87.6,89.1,89.1,42,42
243331,6,86.1,104.0,104.0,38,37
243381,6,84.7,104.0,89.1,37,40
243431,6,83.2,89.1,89.1,39,39
243481,6,81.7,74.3,89.1,42,38
243531,6,80.2,89.1,89.1,38,38
243581,6,78.7,104.0,89.1,34,37
243631,6,77.2,74.3,89.1,40,36
243681,6,75.7,89.1,89.1,36,35
243731,6,74.3,89.1,74.3,35,37
243781,6,72.8,74.3,89.1,37,33
243831,6,71.3,74.3,74.3,37,36
243881,6,69.8,89.1,74.3,32,35
243931,6,68.3,74.3,74.3,35,35
243981,6,66.8,89.1,74.3,30,34
244031,6,65.3,74.3,74.3,32,33
244081,6,63.9,59.4,74.3,35,32
244131,6,62.4,74.3,74.3,31,31
244181,6,60.9,59.4,59.4,34,34
244231,6,59.4,59.4,74.3,34,30
244281,6,57.9,74.3,59.4,30,33
244331,6,56.4,74.3,74.3,28,28
244381,6,54.9,74.3,59.4,27,31
244431,6,53.5,44.6,59.4,33,30
244481,6,52.0,59.4,59.4,30,30
244531,6,50.5,59.4,59.4,29,29
244581,6,49.0,59.4,44.6,28,32
244631,6,47.5,59.4,59.4,27,28
244681,6,46.0,59.4,59.4,26,27
244731,6,44.6,44.6,59.4,29,26
244781,6,43.1,59.4,44.6,25,28
244831,6,41.6,59.4,44.6,23,28
244881,6,40.1,44.6,44.6,26,27
244931,6,38.6,44.6,44.6,25,27
244981,6,37.1,29.7,29.7,28,30
245031,6,35.6,44.6,44.6,24,26
245081,6,34.2,29.7,44.6,27,25
245131,6,32.7,29.7,59.4,27,20
245181,6,31.2,59.4,29.7,20,26
245231,6,29.7,29.7,44.6,25,22
245281,6,28.2,29.7,44.6,25,21
245331,6,26.7,44.6,29.7,20,23
245381,6,25.2,44.6,-14.9,20,34
245431,6,23.8,14.9,0.0,25,32
245481,6,22.3,-14.9,0.0,33,33
245531,6,20.8,0.0,0.0,31,34
245581,6,19.3,0.0,0.0,32,35
245631,6,17.8,0.0,0.0,32,35
245681,6,16.3,0.0,0.0,33,36
245731,6,14.9,0.0,0.0,33,36
245781,6,13.4,0.0,0.0,34,37
245831,6,11.9,0.0,0.0,34,37
245881,6,10.4,0.0,0.0,34,38
245931,6,8.9,0.0,0.0,35,38
245981,6,7.4,0.0,0.0,35,38
246031,6,5.9,0.0,0.0,35,38
246081,6,4.5,0.0,0.0,35,38
246131,6,3.0,0.0,0.0,34,38
246181,6,1.5,0.0,0.0,34,37
246231,0,0.0,0.0,0.0,34,37
246281,0,0.0,0.0,0.0,34,37
246331,0,0.0,0.0,0.0,34,37
246381,0,0.0,0.0,0.0,34,37
246431,0,0.0,0.0,0.0,34,37
246481,0,0.0,0.0,0.0,34,37
246531,0,0.0,0.0,0.0,34,37
246581,0,0.0,0.0,0.0,34,37
246631,0,0.0,0.0,0.0,34,37
246681,0,0.0,0.0,0.0,34,37
246731,0,0.0,0.0,0.0,34,37
246781,0,0.0,0.0,0.0,34,37
246831,0,0.0,0.0,0.0,34,37
246881,0,0.0,0.0,0.0,34,37
246931,0,0.0,0.0,0.0,34,37
246981,0,0.0,0.0,0.0,34,37
247031,0,0.0,0.0,0.0,34,37
247081,0,0.0,0.0,0.0,34,37
247131,0,0.0,0.0,0.0,34,37
247181,0,0.0,0.0,0.0,34,37
247231,0,0.0,0.0,0.0,34,37
247281,0,0.0,0.0,0.0,34,37
247331,0,0.0,0.0,0.0,34,37
247381,0,0.0,0.0,0.0,34,37
247431,0,0.0,0.0,0.0,34,37
247481,0,0.0,0.0,0.0,34,37
247531,0,0.0,0.0,0.0,34,37
247581,0,0.0,0.0,0.0,34,37
247631,0,0.0,0.0,0.0,34,37
247681,0,0.0,0.0,0.0,34,37
247731,0,0.0,0.0,0.0,34,37
247781,0,0.0,0.0,0.0,34,37
247831,0,0.0,0.0,0.0,34,37
247881,0,0.0,0.0,0.0,34,37
247931,0,0.0,0.0,0.0,34,37
247981,0,0.0,0.0,0.0,34,37
248031,0,0.0,0.0,0.0,34,37
248081,0,0.0,0.0,0.0,34,37
248131,0,0.0,0.0,0.0,34,37
248181,0,0.0,0.0,0.0,34,37
248231,0,0.0,0.0,0.0,34,37
248281,0,0.0,0.0,0.0,34,37
248331,0,0.0,0.0,0.0,34,37
248381,0,0.0,0.0,0.0,34,37
248431,0,0.0,0.0,0.0,34,37
248481,0,0.0,0.0,0.0,34,37
248531,0,0.0,0.0,0.0,34,37
248581,0,0.0,0.0,0.0,34,37
248631,0,0.0,0.0,0.0,34,37
248681,0,0.0,0.0,0.0,34,37
248731,0,0.0,0.0,0.0,34,37
248781,0,0.0,0.0,0.0,34,37
248831,0,0.0,0.0,0.0,34,37
248881,0,0.0,0.0,0.0,34,37
248931,0,0.0,0.0,0.0,34,37
248981,0,0.0,0.0,0.0,34,37
249031,0,0.0,0.0,0.0,34,37
249081,0,0.0,0.0,0.0,34,37
249131,0,0.0,0.0,0.0,34,37
249181,0,0.0,0.0,0.0,34,37
249231,0,0.0,0.0,0.0,34,37
249281,0,0.0,0.0,0.0,34,37
249331,0,0.0,0.0,0.0,34,37
249381,0,0.0,0.0,0.0,34,37
249431,0,0.0,0.0,0.0,34,37
249481,0,0.0,0.0,0.0,34,37
249531,0,0.0,0.0,0.0,34,37
249581,0,0.0,0.0,0.0,34,37
249631,0,0.0,0.0,0.0,34,37
249681,0,0.0,0.0,0.0,34,37
249731,0,0.0,0.0,0.0,34,37
249781,0,0.0,0.0,0.0,34,37
249831,0,0.0,0.0,0.0,34,37
249881,0,0.0,0.0,0.0,34,37
249931,0,0.0,0.0,0.0,34,37
249981,0,0.0,0.0,0.0,34,37
250031,0,0.0,0.0,0.0,34,37
250081,0,0.0,0.0,0.0,34,37
250131,0,0.0,0.0,0.0,34,37
250181,0,0.0,0.0,0.0,34,37
250231,1,0.0,0.0,0.0,34,37
250281,1,1.5,0.0,0.0,34,37
250331,1,3.0,0.0,0.0,35,38
250381,1,4.5,0.0,0.0,35,38
250431,1,5.9,0.0,0.0,36,39
250481,1,7.4,0.0,0.0,37,40
250531,1,8.9,0.0,0.0,37,41
250581,1,10.4,0.0,0.0,38,41
250631,1,11.9,0.0,0.0,39,42
250681,1,13.4,0.0,0.0,40,43
250731,1,14.9,0.0,0.0,41,44
250781,1,16.3,0.0,0.0,42,46
250831,1,17.8,0.0,0.0,44,47
250881,1,19.3,0.0,0.0,45,48
250931,1,20.8,44.6,0.0,35,50
250981,1,22.3,59.4,14.9,30,47
251031,1,23.8,59.4,59.4,29,37
251081,1,25.2,44.6,59.4,31,35
251131,1,26.7,59.4,74.3,27,30
251181,1,28.2,59.4,59.4,25,32
251231,1,29.7,59.4,59.4,24,30
251281,1,31.2,44.6,59.4,26,29
251331,1,32.7,44.6,59.4,26,28
251381,1,34.2,44.6,44.6,26,31
251431,1,35.6,44.6,59.4,26,27
251481,1,37.1,44.6,74.3,26,22
251531,1,38.6,59.4,29.7,22,32
251581,1,40.1,29.7,59.4,29,25
251631,1,41.6,44.6,44.6,26,28
251681,1,43.1,59.4,44.6,22,28
251731,1,44.6,29.7,44.6,29,29
251781,1,46.0,44.6,59.4,27,25
251831,1,47.5,59.4,44.6,23,29
251881,1,49.0,44.6,29.7,27,33
251931,1,50.5,29.7,44.6,31,31
251981,1,52.0,59.4,44.6,25,31
252031,1,53.5,59.4,59.4,25,28
252081,1,54.9,44.6,44.6,29,32
252131,1,56.4,44.6,59.4,30,29
252181,1,57.9,59.4,59.4,27,30
252231,1,59.4,59.4,44.6,28,34
252281,1,60.9,44.6,59.4,32,31
252331,1,62.4,59.4,59.4,29,32
252381,1,63.9,59.4,59.4,30,32
252431,1,65.3,59.4,59.4,30,33
252481,1,66.8,59.4,59.4,31,33
252531,1,68.3,74.3,74.3,28,30
252581,1,69.8,44.6,59.4,36,34
252631,1,71.3,74.3,59.4,30,35
252681,1,72.8,59.4,74.3,34,32
252731,1,74.3,74.3,74.3,31,33
252781,1,75.7,74.3,74.3,31,33
252831,1,77.2,59.4,59.4,36,37
252881,1,78.7,89.1,74.3,29,35
252931,1,80.2,74.3,74.3,33,35
252981,1,81.7,74.3,74.3,34,36
253031,1,83.2,74.3,74.3,35,37
253081,1,84.7,89.1,89.1,32,34
253131,1,86.1,59.4,89.1,39,34
253181,1,87.6,74.3,74.3,37,38
253231,1,89.1,89.1,74.3,35,39
253281,1,90.6,74.3,89.1,39,37
253331,1,92.1,89.1,89.1,36,37
253381,1,93.6,74.3,104.0,41,34
253431,1,95.0,89.1,74.3,38,41
253481,1,96.5,104.0,89.1,35,39
253531,1,98.0,74.3,89.1,43,40
253581,1,99.5,89.1,89.1,41,41
253631,1,101.0,89.1,104.0,42,38
253681,1,102.5,104.0,104.0,39,38
253731,1,104.0,104.0,89.1,39,42
253781,1,105.4,89.1,89.1,43,43
253831,1,106.9,89.1,104.0,45,41
253881,1,108.4,104.0,104.0,42,41
253931,1,109.9,104.0,104.0,43,42
253981,1,111.4,104.0,104.0,43,43
254031,1,112.9,118.8,104.0,40,43
254081,1,114.4,89.1,104.0,48,44
254131,1,115.8,104.0,104.0,46,45
254181,1,117.3,104.0,104.0,47,46
254231,1,118.8,104.0,118.8,48,43
254281,1,120.3,118.8,118.8,45,44
254331,1,121.8,118.8,104.0,46,48
254381,1,123.3,89.1,118.8,54,46
254431,1,124.7,118.8,118.8,49,46
254481,1,126.2,133.7,118.8,46,47
254531,1,127.7,118.8,118.8,49,48
254581,1,129.2,118.8,133.7,50,45
254631,1,130.7,118.8,118.8,51,49
254681,1,132.2,133.7,118.8,48,50
254731,1,133.7,133.7,118.8,49,51
254781,1,135.1,118.8,133.7,53,48
254831,1,136.6,133.7,133.7,50,49
254881,1,138.1,118.8,118.8,55,53
254931,1,139.6,148.5,148.5,49,47
254981,1,141.1,133.7,118.8,52,54
255031,1,142.6,133.7,133.7,53,52
255081,1,144.1,118.8,148.5,58,49
255131,1,145.5,148.5,118.8,52,57
255181,1,147.0,163.4,133.7,48,55
255231,2,148.5,133.7,133.7,55,56
255281,2,148.5,118.8,148.5,60,53
255331,2,148.5,148.5,133.7,54,57
255381,2,148.5,163.4,148.5,50,54
255431,2,148.5,148.5,148.5,53,54
255481,2,148.5,133.7,133.7,57,58
255531,2,148.5,148.5,133.7,54,58
255581,2,148.5,148.5,148.5,54,55
255631,2,148.5,148.5,148.5,54,55
255681,2,148.5,133.7,148.5,58,55
255731,2,148.5,163.4,148.5,51,55
255781,2,148.5,148.5,148.5,54,55
255831,2,148.5,148.5,148.5,54,55
255881,2,148.5,133.7,148.5,58,55
255931,2,148.5,163.4,133.7,51,59
255981,2,148.5,148.5,133.7,54,60
256031,2,148.5,133.7,148.5,58,57
256081,2,148.5,163.4,148.5,51,57
256131,2,148.5,148.5,148.5,54,57
256181,2,148.5,133.7,148.5,58,57
256231,2,148.5,148.5,148.5,55,57
256281,2,148.5,133.7,163.4,59,53
256331,2,148.5,163.4,148.5,52,56
256381,2,148.5,133.7,148.5,59,56
256431,2,148.5,163.4,148.5,52,56
256481,2,148.5,148.5,148.5,55,56
256531,2,148.5,133.7,148.5,59,56
256581,2,148.5,148.5,148.5,56,56
256631,2,148.5,163.4,148.5,52,56
256681,2,148.5,148.5,148.5,55,56
256731,2,148.5,133.7,148.5,59,56
256781,2,148.5,163.4,148.5,52,56
256831,2,148.5,148.5,148.5,55,56
256881,2,148.5,133.7,148.5,59,56
256931,2,148.5,163.4,163.4,52,52
256981,2,148.5,148.5,133.7,55,59
257031,2,148.5,133.7,163.4,59,52
257081,2,148.5,148.5,133.7,56,59
257131,2,148.5,148.5,163.4,56,52
257181,2,148.5,148.5,133.7,56,59
257231,2,148.5,148.5,148.5,56,56
257281,2,148.5,148.5,163.4,56,52
257331,2,148.5,148.5,148.5,56,55
257381,2,148.5,148.5,133.7,56,59
257431,2,148.5,148.5,148.5,56,56
257481,2,148.5,148.5,163.4,56,52
257531,2,148.5,163.4,148.5,52,55
257581,2,148.5,133.7,133.7,59,59
257631,2,148.5,148.5,163.4,56,52
257681,2,148.5,163.4,148.5,52,55
257731,2,148.5,148.5,148.5,55,55
257781,2,148.5,133.7,148.5,59,55
257831,2,148.5,163.4,148.5,52,55
257881,2,148.5,148.5,133.7,55,59
257931,2,148.5,148.5,148.5,55,56
257981,2,148.5,148.5,163.4,55,52
258031,2,148.5,148.5,148.5,55,55
258081,2,148.5,163.4,148.5,51,55
258131,2,148.5,133.7,148.5,58,55
258181,2,148.5,148.5,148.5,55,55
258231,2,148.5,163.4,133.7,51,59
258281,2,148.5,133.7,148.5,58,56
258331,2,148.5,133.7,148.5,59,56
258381,2,148.5,163.4,148.5,52,56
258431,2,148.5,148.5,148.5,55,56
258481,2,148.5,148.5,148.5,55,56
258531,2,148.5,148.5,148.5,55,56
258581,2,148.5,148.5,148.5,55,56
258631,2,148.5,148.5,148.5,55,56
258681,2,148.5,133.7,133.7,59,60
258731,2,148.5,148.5,148.5,56,57
258781,2,148.5,163.4,148.5,52,57
258831,2,148.5,148.5,148.5,55,57
258881,2,148.5,148.5,163.4,55,53
258931,2,148.5,133.7,148.5,59,56
258981,2,148.5,163.4,133.7,52,60
259031,2,148.5,148.5,163.4,55,53
259081,2,148.5,133.7,148.5,59,56
259131,2,148.5,148.5,148.5,56,56
259181,2,148.5,148.5,148.5,56,56
259231,3,148.5,148.5,148.5,56,56
259281,3,150.0,148.5,148.5,56,57
259331,3,151.5,148.5,163.4,56,53
259381,3,153.0,163.4,148.5,53,57
259431,3,154.5,148.5,148.5,57,57
259481,3,155.9,133.7,148.5,61,58
259531,3,157.4,148.5,163.4,59,55
259581,3,158.9,163.4,148.5,56,59
259631,3,160.4,163.4,163.4,56,56
259681,3,161.9,133.7,148.5,64,60
259731,3,163.4,163.4,163.4,58,57
259781,3,164.8,163.4,148.5,59,62
259831,3,166.3,148.5,163.4,63,59
259881,3,167.8,163.4,163.4,60,60
259931,3,169.3,163.4,163.4,61,60
259981,3,170.8,163.4,148.5,62,65
260031,3,172.3,163.4,178.2,63,59
260081,3,173.8,163.4,163.4,63,63
260131,3,175.2,178.2,163.4,61,64
260181,3,176.7,178.2,178.2,61,61
260231,3,178.2,163.4,163.4,65,65
260281,3,179.7,178.2,178.2,62,62
260331,3,181.2,178.2,163.4,63,67
260381,3,182.7,163.4,178.2,67,64
260431,3,184.2,193.1,178.2,61,65
260481,3,185.6,178.2,178.2,65,65
260531,3,187.1,178.2,163.4,65,70
260581,3,188.6,193.1,178.2,62,68
260631,3,190.1,178.2,178.2,66,69
260681,3,191.6,163.4,193.1,71,66
260731,3,193.1,178.2,193.1,69,66
260781,3,194.6,193.1,178.2,67,70
260831,3,196.0,193.1,193.1,67,68
260881,3,197.5,193.1,193.1,68,68
260931,3,199.0,178.2,193.1,72,69
260981,3,200.5,193.1,193.1,70,70
261031,3,202.0,207.9,207.9,67,67
261081,3,203.5,193.1,193.1,71,71
261131,3,204.9,193.1,178.2,72,75
261181,3,206.4,193.1,207.9,73,70
261231,3,207.9,207.9,193.1,70,74
261281,3,209.4,193.1,207.9,74,71
261331,3,210.9,207.9,207.9,72,72
261381,3,212.4,207.9,207.9,72,72
261431,3,213.9,207.9,207.9,73,73
261481,3,215.3,207.9,207.9,73,73
261531,3,216.8,207.9,207.9,74,74
261581,3,218.3,207.9,207.9,75,75
261631,3,219.8,207.9,207.9,76,76
261681,3,221.3,222.8,222.8,73,73
261731,4,222.8,222.8,207.9,74,77
261781,4,222.8,207.9,222.8,77,74
261831,4,222.8,222.8,222.8,74,74
261881,4,222.8,222.8,207.9,74,78
261931,4,222.8,207.9,207.9,78,79
261981,4,222.8,222.8,222.8,75,76
262031,4,222.8,207.9,222.8,79,76
262081,4,222.8,222.8,207.9,76,80
262131,4,222.8,222.8,222.8,76,77
262181,4,222.8,222.8,222.8,76,77
262231,4,222.8,207.9,207.9,80,80
262281,4,222.8,222.8,222.8,77,77
262331,4,222.8,222.8,222.8,77,77
262381,4,222.8,237.6,237.6,73,74
262431,4,222.8,207.9,207.9,80,80
262481,4,222.8,222.8,222.8,77,77
262531,4,222.8,222.8,222.8,77,77
262581,4,222.8,222.8,222.8,77,77
262631,4,222.8,222.8,222.8,77,77
262681,4,222.8,207.9,222.8,81,77
262731,4,222.8,222.8,222.8,78,77
262781,4,222.8,237.6,222.8,74,77
262831,4,222.8,207.9,222.8,81,77
262881,4,222.8,222.8,222.8,78,77
262931,4,222.8,222.8,237.6,78,74
262981,4,222.8,222.8,207.9,78,80
263031,4,222.8,207.9,222.8,81,77
263081,4,222.8,237.6,222.8,75,77
263131,4,222.8,207.9,222.8,81,77
263181,4,222.8,237.6,222.8,75,77
263231,4,222.8,222.8,222.8,78,77
263281,4,222.8,222.8,207.9,78,81
263331,4,222.8,222.8,222.8,78,78
263381,4,222.8,222.8,237.6,78,74
263431,4,222.8,237.6,207.9,74,81
263481,4,222.8,222.8,222.8,77,78
263531,4,222.8,222.8,222.8,77,78
263581,4,222.8,222.8,222.8,77,78
263631,4,222.8,222.8,222.8,77,78
263681,4,222.8,237.6,222.8,73,78
263731,4,222.8,207.9,222.8,80,78
263781,4,222.8,222.8,207.9,77,82
263831,4,222.8,222.8,237.6,77,75
263881,4,222.8,207.9,222.8,81,78
263931,4,222.8,222.8,222.8,78,78
263981,4,222.8,222.8,222.8,78,78
264031,4,222.8,222.8,222.8,78,78
264081,4,222.8,222.8,222.8,78,78
264131,4,222.8,237.6,237.6,74,74
264181,4,222.8,222.8,222.8,77,77
264231,4,222.8,207.9,207.9,81,81
264281,4,222.8,237.6,237.6,74,74
264331,4,222.8,222.8,222.8,77,77
264381,4,222.8,222.8,207.9,77,81
264431,4,222.8,222.8,222.8,77,78
264481,4,222.8,222.8,237.6,77,74
264531,4,222.8,222.8,222.8,77,77
264581,4,222.8,222.8,222.8,77,77
264631,4,222.8,222.8,222.8,77,77
264681,4,222.8,222.8,222.8,77,77
264731,4,222.8,222.8,222.8,77,77
264781,4,222.8,222.8,222.8,77,77
264831,4,222.8,222.8,207.9,77,81
264881,4,222.8,222.8,222.8,77,78
264931,4,222.8,222.8,222.8,77,78
264981,4,222.8,222.8,222.8,77,78
265031,4,222.8,207.9,222.8,81,78
265081,4,222.8,237.6,222.8,74,78
265131,4,222.8,222.8,222.8,77,78
265181,4,222.8,207.9,237.6,81,74
265231,4,222.8,222.8,222.8,78,77
265281,4,222.8,222.8,207.9,78,81
265331,4,222.8,222.8,237.6,78,74
265381,4,222.8,222.8,222.8,78,77
265431,4,222.8,222.8,222.8,78,77
265481,4,222.8,222.8,222.8,78,77
265531,4,222.8,222.8,222.8,78,77
265581,4,222.8,222.8,222.8,78,77
265631,4,222.8,222.8,207.9,78,81
265681,4,222.8,222.8,222.8,78,78
265731,5,222.8,222.8,237.6,78,74
265781,5,221.3,222.8,222.8,77,77
265831,5,219.8,222.8,207.9,77,80
265881,5,218.3,222.8,222.8,76,77
265931,5,216.8,222.8,222.8,76,76
265981,5,215.3,222.8,222.8,75,76
266031,5,213.9,222.8,207.9,74,79
266081,5,212.4,222.8,237.6,73,71
266131,5,210.9,207.9,193.1,76,81
266181,5,209.4,222.8,222.8,72,74
266231,5,207.9,207.9,207.9,75,76
266281,5,206.4,207.9,222.8,74,72
266331,5,204.9,222.8,207.9,70,75
266381,5,203.5,193.1,207.9,76,74
266431,5,202.0,207.9,207.9,73,73
266481,5,200.5,207.9,207.9,72,73
266531,5,199.0,207.9,222.8,71,68
266581,5,197.5,193.1,207.9,74,70
266631,5,196.0,193.1,207.9,74,69
266681,5,194.6,207.9,193.1,70,72
266731,5,193.1,193.1,193.1,73,72
266781,5,191.6,207.9,193.1,69,72
266831,5,190.1,193.1,207.9,71,67
266881,5,188.6,193.1,178.2,71,74
266931,5,187.1,207.9,207.9,66,66
266981,5,185.6,193.1,193.1,68,68
267031,5,184.2,178.2,178.2,71,71
267081,5,182.7,193.1,193.1,68,68
267131,5,181.2,193.1,207.9,67,63
267181,5,179.7,193.1,178.2,66,69
267231,5,178.2,193.1,178.2,65,68
267281,5,176.7,178.2,193.1,67,64
267331,5,175.2,193.1,178.2,63,67
267381,5,173.8,178.2,193.1,65,62
267431,5,172.3,178.2,178.2,65,65
267481,5,170.8,193.1,178.2,60,64
267531,5,169.3,178.2,178.2,62,63
267581,5,167.8,163.4,178.2,65,62
267631,5,166.3,163.4,163.4,65,65
267681,5,164.8,178.2,178.2,61,61
267731,5,163.4,163.4,178.2,64,60
267781,5,161.9,178.2,163.4,60,63
267831,5,160.4,163.4,163.4,62,62
267881,5,158.9,178.2,178.2,58,58
267931,5,157.4,163.4,163.4,60,60
267981,5,155.9,178.2,163.4,56,60
268031,5,154.5,148.5,178.2,62,55
268081,5,153.0,163.4,163.4,58,57
268131,5,151.5,178.2,148.5,53,60
268181,5,150.0,148.5,163.4,59,56
268231,6,148.5,148.5,163.4,59,55
268281,6,147.0,163.4,133.7,55,61
268331,6,145.5,148.5,148.5,57,58
268381,6,144.1,163.4,148.5,53,57
268431,6,142.6,148.5,163.4,55,53
268481,6,141.1,148.5,133.7,54,59
268531,6,139.6,148.5,148.5,54,55
268581,6,138.1,133.7,133.7,57,58
268631,6,136.6,148.5,148.5,53,54
268681,6,135.1,148.5,133.7,52,57
268731,6,133.7,133.7,133.7,54,57
268781,6,132.2,148.5,148.5,50,53
268831,6,130.7,133.7,148.5,53,51
268881,6,129.2,148.5,133.7,48,54
268931,6,127.7,133.7,148.5,51,49
268981,6,126.2,133.7,148.5,50,48
269031,6,124.7,118.8,118.8,53,54
269081,6,123.3,118.8,118.8,53,54
269131,6,121.8,133.7,133.7,49,50
269181,6,120.3,133.7,133.7,48,49
269231,6,118.8,118.8,133.7,51,48
269281,6,117.3,118.8,118.8,50,50
269331,6,115.8,133.7,133.7,46,46
269381,6,114.4,118.8,118.8,49,49
269431,6,112.9,118.8,118.8,48,48
269481,6,111.4,118.8,118.8,47,47
269531,6,109.9,133.7,133.7,43,43
269581,6,108.4,104.0,104.0,49,49
269631,6,106.9,118.8,118.8,45,45
269681,6,105.4,118.8,118.8,44,44
269731,6,104.0,118.8,104.0,43,46
269781,6,102.5,104.0,118.8,45,42
269831,6,101.0,104.0,118.8,45,41
269881,6,99.5,104.0,89.1,44,47
269931,6,98.0,118.8,104.0,40,43
269981,6,96.5,104.0,89.1,42,47
270031,6,95.0,104.0,104.0,41,43
270081,6,93.6,104.0,118.8,40,38
270131,6,92.1,104.0,104.0,39,40
270181,6,90.6,89.1,74.3,42,47
270231,6,89.1,104.0,89.1,38,43
270281,6,87.6,104.0,104.0,37,39
270331,6,86.1,89.1,104.0,39,38
270381,6,84.7,104.0,89.1,35,41
270431,6,83.2,74.3,89.1,41,40
270481,6,81.7,104.0,74.3,34,43
270531,6,80.2,89.1,89.1,36,39
270581,6,78.7,89.1,89.1,35,38
270631,6,77.2,89.1,89.1,34,37
270681,6,75.7,74.3,89.1,37,36
270731,6,74.3,74.3,89.1,37,35
270781,6,72.8,74.3,59.4,36,42
270831,6,71.3,74.3,89.1,36,34
270881,6,69.8,89.1,74.3,32,37
270931,6,68.3,89.1,89.1,30,32
270981,6,66.8,59.4,74.3,36,35
271031,6,65.3,59.4,74.3,36,34
271081,6,63.9,74.3,59.4,32,37
271131,6,62.4,59.4,74.3,35,33
271181,6,60.9,59.4,74.3,35,32
271231,6,59.4,74.3,74.3,31,31
271281,6,57.9,59.4,74.3,34,30
271331,6,56.4,74.3,74.3,29,28
271381,6,54.9,74.3,59.4,28,31
271431,6,53.5,59.4,59.4,30,30
271481,6,52.0,59.4,44.6,30,33
271531,6,50.5,44.6,59.4,33,30
271581,6,49.0,59.4,74.3,29,25
271631,6,47.5,44.6,59.4,32,27
271681,6,46.0,59.4,59.4,28,26
271731,6,44.6,59.4,44.6,27,29
271781,6,43.1,59.4,59.4,25,25
271831,6,41.6,44.6,44.6,28,27
271881,6,40.1,44.6,29.7,27,30
271931,6,38.6,44.6,29.7,27,30
271981,6,37.1,44.6,44.6,26,27
272031,6,35.6,59.4,44.6,21,26
272081,6,34.2,29.7,29.7,27,29
272131,6,32.7,44.6,44.6,23,25
272181,6,31.2,44.6,59.4,22,20
272231,6,29.7,29.7,29.7,25,26
272281,6,28.2,44.6,44.6,21,22
272331,6,26.7,29.7,29.7,23,24
272381,6,25.2,29.7,44.6,23,20
272431,6,23.8,44.6,29.7,20,22
272481,6,22.3,29.7,29.7,21,22
272531,6,20.8,29.7,29.7,20,21
272581,6,19.3,14.9,14.9,23,24
272631,6,17.8,29.7,29.7,20,20
272681,6,16.3,29.7,14.9,20,23
272731,6,14.9,14.9,29.7,21,20
272781,6,13.4,14.9,14.9,20,21
272831,6,11.9,-14.9,0.0,27,24
272881,6,10.4,0.0,0.0,25,25
272931,6,8.9,0.0,0.0,25,25
272981,6,7.4,0.0,0.0,25,25
273031,6,5.9,0.0,0.0,25,25
273081,6,4.5,0.0,0.0,25,25
273131,6,3.0,0.0,0.0,25,25
273181,6,1.5,0.0,0.0,25,25
273231,0,0.0,0.0,0.0,24,24
273281,0,0.0,0.0,0.0,24,24
273331,0,0.0,0.0,0.0,24,24
273381,0,0.0,0.0,0.0,24,24
273431,0,0.0,0.0,0.0,24,24
273481,0,0.0,0.0,0.0,24,24
273531,0,0.0,0.0,0.0,24,24
273581,0,0.0,0.0,0.0,24,24
273631,0,0.0,0.0,0.0,24,24
273681,0,0.0,0.0,0.0,24,24
273731,0,0.0,0.0,0.0,24,24
273781,0,0.0,0.0,0.0,24,24
273831,0,0.0,0.0,0.0,24,24
273881,0,0.0,0.0,0.0,24,24
273931,0,0.0,0.0,0.0,24,24
273981,0,0.0,0.0,0.0,24,24
274031,0,0.0,0.0,0.0,24,24
274081,0,0.0,0.0,0.0,24,24
274131,0,0.0,0.0,0.0,24,24
274181,0,0.0,0.0,0.0,24,24
274231,0,0.0,0.0,0.0,24,24
274281,0,0.0,0.0,0.0,24,24
274331,0,0.0,0.0,0.0,24,24
274381,0,0.0,0.0,0.0,24,24
274431,0,0.0,0.0,0.0,24,24
274481,0,0.0,0.0,0.0,24,24
274531,0,0.0,0.0,0.0,24,24
274581,0,0.0,0.0,0.0,24,24
274631,0,0.0,0.0,0.0,24,24
274681,0,0.0,0.0,0.0,24,24
274731,0,0.0,0.0,0.0,24,24
274781,0,0.0,0.0,0.0,24,24
274831,0,0.0,0.0,0.0,24,24
274881,0,0.0,0.0,0.0,24,24
274931,0,0.0,0.0,0.0,24,24
274981,0,0.0,0.0,0.0,24,24
275031,0,0.0,0.0,0.0,24,24
275081,0,0.0,0.0,0.0,24,24
275131,0,0.0,0.0,0.0,24,24
275181,0,0.0,0.0,0.0,24,24
275231,0,0.0,0.0,0.0,24,24
275281,0,0.0,0.0,0.0,24,24
275331,0,0.0,0.0,0.0,24,24
275381,0,0.0,0.0,0.0,24,24
275431,0,0.0,0.0,0.0,24,24
275481,0,0.0,0.0,0.0,24,24
275531,0,0.0,0.0,0.0,24,24
275581,0,0.0,0.0,0.0,24,24
275631,0,0.0,0.0,0.0,24,24
275681,0,0.0,0.0,0.0,24,24
275731,0,0.0,0.0,0.0,24,24
275781,0,0.0,0.0,0.0,24,24
275831,0,0.0,0.0,0.0,24,24
275881,0,0.0,0.0,0.0,24,24
275931,0,0.0,0.0,0.0,24,24
275981,0,0.0,0.0,0.0,24,24
276031,0,0.0,0.0,0.0,24,24
276081,0,0.0,0.0,0.0,24,24
276131,0,0.0,0.0,0.0,24,24
276181,0,0.0,0.0,0.0,24,24
276231,0,0.0,0.0,0.0,24,24
276281,0,0.0,0.0,0.0,24,24
276331,0,0.0,0.0,0.0,24,24
276381,0,0.0,0.0,0.0,24,24
276431,0,0.0,0.0,0.0,24,24
276481,0,0.0,0.0,0.0,24,24
276531,0,0.0,0.0,0.0,24,24
276581,0,0.0,0.0,0.0,24,24
276631,0,0.0,0.0,0.0,24,24
276681,0,0.0,0.0,0.0,24,24
276731,0,0.0,0.0,0.0,24,24
276781,0,0.0,0.0,0.0,24,24
276831,0,0.0,0.0,0.0,24,24
276881,0,0.0,0.0,0.0,24,24
276931,0,0.0,0.0,0.0,24,24
276981,0,0.0,0.0,0.0,24,24
277031,0,0.0,0.0,0.0,24,24
277081,0,0.0,0.0,0.0,24,24
277131,0,0.0,0.0,0.0,24,24
277181,0,0.0,0.0,0.0,24,24
277231,1,0.0,0.0,0.0,24,24
277281,1,1.5,0.0,0.0,25,25
277331,1,3.0,0.0,0.0,25,25
277381,1,4.5,0.0,0.0,26,26
277431,1,5.9,0.0,0.0,26,26
277481,1,7.4,0.0,0.0,27,27
277531,1,8.9,0.0,0.0,28,28
277581,1,10.4,0.0,0.0,29,29
277631,1,11.9,0.0,44.6,30,20
277681,1,13.4,0.0,29.7,31,21
277731,1,14.9,0.0,-14.9,32,31
277781,1,16.3,0.0,0.0,33,30
277831,1,17.8,0.0,0.0,34,31
277881,1,19.3,0.0,0.0,35,32
277931,1,20.8,0.0,0.0,37,34
277981,1,22.3,0.0,0.0,38,35
278031,1,23.8,0.0,0.0,40,37
278081,1,25.2,0.0,0.0,42,38
278131,1,26.7,0.0,0.0,43,40
278181,1,28.2,0.0,0.0,45,42
278231,1,29.7,0.0,0.0,47,44
278281,1,31.2,44.6,0.0,38,46
278331,1,32.7,59.4,14.9,34,44
278381,1,34.2,74.3,59.4,29,34
278431,1,35.6,59.4,74.3,31,29
278481,1,37.1,74.3,59.4,26,31
278531,1,38.6,59.4,59.4,28,31
278581,1,40.1,44.6,59.4,31,30
278631,1,41.6,59.4,59.4,28,29
278681,1,43.1,59.4,44.6,27,32
278731,1,44.6,44.6,44.6,30,33
278781,1,46.0,59.4,59.4,27,29
278831,1,47.5,59.4,59.4,27,29
278881,1,49.0,44.6,44.6,30,32
278931,1,50.5,59.4,59.4,27,29
278981,1,52.0,59.4,74.3,27,25
279031,1,53.5,44.6,44.6,31,32
279081,1,54.9,59.4,59.4,28,29
279131,1,56.4,59.4,59.4,28,29
279181,1,57.9,59.4,44.6,28,33
279231,1,59.4,44.6,59.4,32,31
279281,1,60.9,59.4,44.6,29,35
279331,1,62.4,74.3,59.4,26,32
279381,1,63.9,59.4,74.3,30,29
279431,1,65.3,59.4,59.4,30,33
279481,1,66.8,59.4,74.3,31,30
279531,1,68.3,59.4,59.4,32,33
279581,1,69.8,59.4,59.4,33,34
279631,1,71.3,59.4,59.4,34,35
279681,1,72.8,74.3,74.3,31,32
279731,1,74.3,74.3,59.4,31,36
279781,1,75.7,74.3,74.3,31,34
279831,1,77.2,59.4,74.3,36,34
279881,1,78.7,74.3,74.3,33,35
279931,1,80.2,74.3,74.3,34,35
279981,1,81.7,74.3,89.1,35,32
280031,1,83.2,74.3,74.3,35,36
280081,1,84.7,89.1,74.3,32,37
280131,1,86.1,74.3,89.1,36,34
280181,1,87.6,74.3,74.3,37,38
280231,1,89.1,74.3,74.3,39,39
280281,1,90.6,89.1,74.3,36,40
280331,1,92.1,74.3,89.1,40,38
280381,1,93.6,89.1,74.3,38,42
280431,1,95.0,89.1,89.1,38,40
280481,1,96.5,89.1,89.1,39,41
280531,1,98.0,89.1,89.1,40,41
280581,1,99.5,89.1,104.0,41,38
280631,1,101.0,104.0,89.1,38,42
280681,1,102.5,89.1,89.1,42,43
280731,1,104.0,89.1,104.0,43,41
280781,1,105.4,104.0,89.1,40,45
280831,1,106.9,89.1,104.0,45,42
280881,1,108.4,104.0,104.0,42,43
280931,1,109.9,104.0,104.0,43,43
280981,1,111.4,104.0,104.0,43,44
281031,1,112.9,104.0,104.0,44,45
281081,1,114.4,104.0,104.0,45,46
281131,1,115.8,104.0,118.8,46,43
281181,1,117.3,118.8,104.0,43,47
281231,1,118.8,104.0,104.0,47,48
281281,1,120.3,118.8,118.8,45,45
281331,1,121.8,118.8,118.8,45,46
281381,1,123.3,118.8,118.8,46,46
281431,1,124.7,104.0,104.0,50,51
281481,1,126.2,118.8,133.7,48,45
281531,1,127.7,133.7,118.8,45,49
281581,1,129.2,133.7,133.7,45,46
281631,1,130.7,118.8,118.8,49,50
281681,1,132.2,118.8,104.0,50,54
281731,1,133.7,133.7,133.7,47,49
281781,1,135.1,118.8,133.7,51,49
281831,1,136.6,133.7,133.7,49,50
281881,1,138.1,133.7,118.8,49,54
281931,1,139.6,104.0,133.7,58,51
281981,1,141.1,133.7,133.7,52,52
282031,1,142.6,133.7,148.5,53,49
282081,1,144.1,148.5,133.7,50,53
282131,1,145.5,118.8,118.8,58,58
282181,1,147.0,133.7,163.4,56,48
282231,2,148.5,148.5,133.7,53,55
282281,2,148.5,148.5,148.5,53,52
282331,2,148.5,133.7,133.7,57,56
282381,2,148.5,148.5,148.5,54,53
282431,2,148.5,148.5,148.5,54,53
282481,2,148.5,148.5,133.7,54,57
282531,2,148.5,133.7,148.5,58,54
282581,2,148.5,148.5,148.5,55,54
282631,2,148.5,163.4,148.5,51,54
282681,2,148.5,148.5,133.7,54,58
282731,2,148.5,133.7,148.5,58,55
282781,2,148.5,148.5,148.5,55,55
282831,2,148.5,163.4,148.5,51,55
282881,2,148.5,133.7,133.7,58,58
282931,2,148.5,148.5,148.5,55,55
282981,2,148.5,133.7,148.5,59,55
283031,2,148.5,148.5,148.5,56,55
283081,2,148.5,163.4,133.7,52,59
283131,2,148.5,148.5,148.5,55,56
283181,2,148.5,133.7,148.5,59,56
283231,2,148.5,148.5,148.5,56,56
283281,2,148.5,148.5,163.4,56,52
283331,2,148.5,148.5,148.5,56,55
283381,2,148.5,148.5,148.5,56,55
283431,2,148.5,133.7,148.5,59,55
283481,2,148.5,148.5,148.5,56,55
283531,2,148.5,148.5,133.7,56,59
283581,2,148.5,148.5,148.5,56,56
283631,2,148.5,148.5,163.4,56,52
283681,2,148.5,133.7,133.7,60,59
283731,2,148.5,163.4,133.7,53,60
283781,2,148.5,148.5,148.5,56,57
283831,2,148.5,148.5,163.4,56,53
283881,2,148.5,148.5,148.5,56,56
283931,2,148.5,148.5,133.7,56,60
283981,2,148.5,133.7,148.5,60,57
284031,2,148.5,163.4,163.4,53,53
284081,2,148.5,148.5,148.5,56,56
284131,2,148.5,148.5,133.7,56,60
284181,2,148.5,148.5,163.4,56,53
284231,2,148.5,148.5,148.5,56,56
284281,2,148.5,148.5,148.5,56,56
284331,2,148.5,148.5,133.7,56,60
284381,2,148.5,148.5,163.4,56,53
284431,2,148.5,148.5,148.5,56,56
284481,2,148.5,148.5,133.7,56,60
284531,2,148.5,163.4,163.4,53,53
284581,2,148.5,133.7,148.5,59,56
284631,2,148.5,163.4,148.5,53,56
284681,2,148.5,133.7,148.5,59,56
284731,2,148.5,148.5,148.5,56,56
284781,2,148.5,148.5,148.5,56,56
284831,2,148.5,148.5,148.5,56,56
284881,2,148.5,148.5,148.5,56,56
284931,2,148.5,148.5,148.5,56,56
284981,2,148.5,163.4,148.5,53,56
285031,2,148.5,133.7,148.5,59,56
285081,2,148.5,148.5,133.7,56,60
285131,2,148.5,163.4,148.5,53,57
285181,2,148.5,148.5,163.4,56,53
285231,2,148.5,133.7,148.5,59,56
285281,2,148.5,163.4,133.7,53,60
285331,2,148.5,148.5,163.4,56,53
285381,2,148.5,133.7,148.5,59,56
285431,2,148.5,148.5,148.5,56,56
285481,2,148.5,148.5,148.5,56,56
285531,2,148.5,148.5,148.5,56,56
285581,2,148.5,148.5,148.5,56,56
285631,2,148.5,148.5,148.5,56,56
285681,2,148.5,163.4,148.5,53,56
285731,2,148.5,133.7,148.5,59,56
285781,2,148.5,148.5,148.5,56,56
285831,2,148.5,148.5,133.7,56,60
285881,2,148.5,163.4,163.4,53,53
285931,2,148.5,148.5,148.5,56,56
285981,2,148.5,133.7,148.5,59,56
286031,2,148.5,148.5,148.5,56,56
286081,2,148.5,163.4,163.4,53,52
286131,2,148.5,133.7,148.5,59,55
286181,2,148.5,163.4,148.5,53,55
286231,3,148.5,133.7,133.7,59,59
286281,3,150.0,148.5,148.5,57,57
286331,3,151.5,163.4,148.5,53,57
286381,3,153.0,148.5,148.5,57,58
286431,3,154.5,148.5,148.5,58,58
286481,3,155.9,148.5,163.4,58,55
286531,3,157.4,163.4,148.5,55,59
286581,3,158.9,148.5,133.7,59,64
286631,3,160.4,163.4,163.4,56,58
286681,3,161.9,148.5,178.2,60,54
286731,3,163.4,163.4,148.5,58,61
286781,3,164.8,148.5,163.4,62,59
286831,3,166.3,178.2,163.4,55,59
286881,3,167.8,148.5,163.4,63,60
286931,3,169.3,163.4,163.4,60,60
286981,3,170.8,148.5,163.4,65,61
287031,3,172.3,178.2,178.2,59,58
287081,3,173.8,163.4,148.5,63,66
287131,3,175.2,163.4,178.2,64,60
287181,3,176.7,178.2,178.2,61,60
287231,3,178.2,178.2,163.4,61,64
287281,3,179.7,163.4,163.4,65,65
287331,3,181.2,163.4,178.2,67,63
287381,3,182.7,178.2,163.4,64,67
287431,3,184.2,178.2,178.2,65,65
287481,3,185.6,178.2,178.2,65,65
287531,3,187.1,178.2,178.2,66,66
287581,3,188.6,178.2,178.2,67,67
287631,3,190.1,178.2,178.2,68,68
287681,3,191.6,193.1,178.2,65,69
287731,3,193.1,178.2,193.1,69,66
287781,3,194.6,193.1,178.2,67,70
287831,3,196.0,178.2,193.1,71,68
287881,3,197.5,193.1,193.1,68,68
287931,3,199.0,193.1,193.1,69,69
287981,3,200.5,207.9,178.2,66,74
288031,3,202.0,178.2,207.9,74,68
288081,3,203.5,207.9,193.1,68,71
288131,3,204.9,193.1,193.1,72,72
288181,3,206.4,193.1,207.9,73,70
288231,3,207.9,193.1,193.1,74,74
288281,3,209.4,207.9,193.1,71,75
288331,3,210.9,207.9,207.9,72,72
288381,3,212.4,207.9,207.9,72,73
288431,3,213.9,193.1,222.8,77,70
288481,3,215.3,222.8,207.9,70,73
288531,3,216.8,193.1,207.9,78,74
288581,3,218.3,207.9,207.9,76,75
288631,3,219.8,222.8,207.9,73,76
288681,3,221.3,207.9,207.9,77,77
288731,4,222.8,207.9,222.8,78,74
288781,4,222.8,222.8,207.9,75,78
288831,4,222.8,222.8,222.8,75,75
288881,4,222.8,207.9,207.9,79,79
288931,4,222.8,237.6,222.8,72,76
288981,4,222.8,207.9,222.8,79,76
289031,4,222.8,222.8,207.9,76,80
289081,4,222.8,222.8,237.6,76,73
289131,4,222.8,222.8,207.9,76,80
289181,4,222.8,207.9,222.8,80,77
289231,4,222.8,237.6,222.8,73,77
289281,4,222.8,207.9,222.8,80,77
289331,4,222.8,222.8,237.6,77,73
289381,4,222.8,207.9,207.9,81,80
289431,4,222.8,222.8,222.8,78,77
289481,4,222.8,222.8,222.8,78,77
289531,4,222.8,222.8,222.8,78,77
289581,4,222.8,222.8,222.8,78,77
289631,4,222.8,222.8,222.8,78,77
289681,4,222.8,222.8,222.8,78,77
289731,4,222.8,222.8,222.8,78,77
289781,4,222.8,222.8,222.8,78,77
289831,4,222.8,222.8,222.8,78,77
289881,4,222.8,237.6,222.8,74,77
289931,4,222.8,207.9,207.9,81,80
289981,4,222.8,222.8,237.6,78,74
290031,4,222.8,237.6,222.8,74,77
290081,4,222.8,222.8,207.9,77,80
290131,4,222.8,222.8,222.8,77,77
290181,4,222.8,222.8,237.6,77,74
290231,4,222.8,207.9,222.8,81,77
290281,4,222.8,222.8,222.8,78,77
290331,4,222.8,222.8,222.8,78,77
290381,4,222.8,222.8,222.8,78,77
290431,4,222.8,222.8,207.9,78,80
290481,4,222.8,222.8,222.8,78,77
290531,4,222.8,222.8,222.8,78,77
290581,4,222.8,237.6,222.8,74,77
290631,4,222.8,207.9,207.9,81,81
290681,4,222.8,222.8,222.8,78,78
290731,4,222.8,237.6,222.8,74,78
290781,4,222.8,207.9,222.8,81,78
290831,4,222.8,222.8,237.6,78,74
290881,4,222.8,237.6,207.9,74,81
290931,4,222.8,207.9,222.8,81,78
290981,4,222.8,222.8,222.8,78,78
291031,4,222.8,237.6,237.6,74,74
291081,4,222.8,222.8,207.9,77,81
291131,4,222.8,207.9,222.8,81,78
291181,4,222.8,222.8,237.6,78,74
291231,4,222.8,222.8,222.8,78,77
291281,4,222.8,222.8,222.8,78,77
291331,4,222.8,222.8,222.8,78,77
291381,4,222.8,222.8,222.8,78,77
291431,4,222.8,207.9,222.8,81,77
291481,4,222.8,222.8,222.8,78,77
291531,4,222.8,222.8,222.8,78,77
291581,4,222.8,222.8,237.6,78,74
291631,4,222.8,237.6,207.9,75,80
291681,4,222.8,222.8,222.8,78,77
291731,4,222.8,222.8,222.8,78,77
291781,4,222.8,237.6,222.8,74,77
291831,4,222.8,207.9,222.8,81,77
291881,4,222.8,237.6,207.9,74,81
291931,4,222.8,207.9,222.8,81,78
291981,4,222.8,222.8,222.8,78,78
292031,4,222.8,237.6,237.6,74,74
292081,4,222.8,207.9,222.8,81,77
292131,4,222.8,222.8,222.8,78,77
292181,4,222.8,222.8,222.8,78,77
292231,4,222.8,222.8,222.8,78,77
292281,4,222.8,222.8,222.8,78,77
292331,4,222.8,237.6,222.8,74,77
292381,4,222.8,207.9,207.9,81,81
292431,4,222.8,237.6,222.8,74,78
292481,4,222.8,222.8,222.8,77,78
292531,4,222.8,207.9,222.8,81,78
292581,4,222.8,237.6,222.8,74,78
292631,4,222.8,207.9,237.6,81,74
292681,4,222.8,222.8,222.8,78,77
292731,5,222.8,222.8,222.8,78,77
292781,5,221.3,222.8,222.8,77,77
292831,5,219.8,222.8,222.8,77,77
292881,5,218.3,222.8,222.8,76,76
292931,5,216.8,222.8,222.8,76,75
292981,5,215.3,222.8,207.9,75,79
293031,5,213.9,207.9,222.8,78,75
293081,5,212.4,207.9,222.8,78,74
293131,5,210.9,222.8,207.9,74,77
293181,5,209.4,207.9,222.8,77,73
293231,5,207.9,222.8,222.8,73,72
293281,5,206.4,207.9,207.9,75,74
293331,5,204.9,222.8,207.9,71,74
293381,5,203.5,193.1,207.9,77,73
293431,5,202.0,207.9,207.9,74,73
293481,5,200.5,207.9,207.9,73,72
293531,5,199.0,222.8,207.9,68,71
293581,5,197.5,193.1,207.9,74,70
293631,5,196.0,193.1,193.1,74,73
293681,5,194.6,207.9,207.9,70,69
293731,5,193.1,207.9,193.1,69,72
293781,5,191.6,207.9,193.1,68,72
293831,5,190.1,178.2,207.9,74,67
293881,5,188.6,207.9,193.1,67,70
293931,5,187.1,193.1,193.1,69,69
293981,5,185.6,193.1,193.1,68,68
294031,5,184.2,193.1,207.9,68,64
294081,5,182.7,178.2,193.1,71,66
294131,5,181.2,193.1,178.2,67,69
294181,5,179.7,178.2,193.1,69,65
294231,5,178.2,193.1,178.2,65,67
294281,5,176.7,178.2,193.1,68,63
294331,5,175.2,178.2,178.2,67,66
294381,5,173.8,193.1,178.2,63,65
294431,5,172.3,163.4,193.1,69,61
294481,5,170.8,193.1,163.4,62,67
294531,5,169.3,178.2,178.2,64,63
294581,5,167.8,178.2,178.2,63,62
294631,5,166.3,178.2,163.4,62,65
294681,5,164.8,178.2,178.2,61,61
294731,5,163.4,163.4,163.4,64,64
294781,5,161.9,178.2,163.4,60,64
294831,5,160.4,163.4,178.2,62,59
294881,5,158.9,178.2,178.2,58,58
294931,5,157.4,163.4,148.5,60,64
294981,5,155.9,148.5,178.2,63,57
295031,5,154.5,178.2,163.4,56,59
295081,5,153.0,148.5,163.4,62,58
295131,5,151.5,148.5,163.4,62,57
295181,5,150.0,163.4,148.5,58,60
295231,6,148.5,148.5,148.5,60,59
295281,6,147.0,148.5,118.8,60,67
295331,6,145.5,133.7,133.7,63,64
295381,6,144.1,148.5,163.4,60,57
295431,6,142.6,163.4,163.4,55,55
295481,6,141.1,178.2,148.5,50,58
295531,6,139.6,148.5,178.2,55,49
295581,6,138.1,163.4,148.5,51,54
295631,6,136.6,163.4,148.5,49,53
295681,6,135.1,148.5,148.5,51,52
295731,6,133.7,148.5,163.4,50,47
295781,6,132.2,148.5,133.7,49,53
295831,6,130.7,148.5,148.5,47,49
295881,6,129.2,133.7,148.5,50,48
295931,6,127.7,148.5,148.5,45,46
295981,6,126.2,133.7,148.5,48,45
296031,6,124.7,148.5,133.7,43,47
296081,6,123.3,118.8,133.7,49,46
296131,6,121.8,148.5,133.7,41,45
296181,6,120.3,118.8,133.7,47,44
296231,6,118.8,133.7,118.8,43,47
296281,6,117.3,133.7,133.7,42,43
296331,6,115.8,118.8,133.7,44,41
296381,6,114.4,118.8,118.8,44,44
296431,6,112.9,133.7,133.7,39,39
296481,6,111.4,118.8,104.0,42,45
296531,6,109.9,118.8,133.7,41,38
296581,6,108.4,118.8,118.8,40,40
296631,6,106.9,104.0,104.0,43,43
296681,6,105.4,118.8,118.8,39,39
296731,6,104.0,118.8,118.8,38,38
296781,6,102.5,104.0,104.0,40,40
296831,6,101.0,104.0,118.8,40,36
296881,6,99.5,118.8,104.0,36,39
296931,6,98.0,104.0,104.0,38,38
296981,6,96.5,104.0,104.0,37,37
297031,6,95.0,104.0,104.0,36,36
297081,6,93.6,104.0,104.0,36,36
297131,6,92.1,89.1,104.0,38,35
297181,6,90.6,104.0,104.0,34,34
297231,6,89.1,104.0,89.1,33,36
297281,6,87.6,89.1,89.1,36,36
297331,6,86.1,89.1,104.0,35,32
297381,6,84.7,104.0,89.1,31,34
297431,6,83.2,89.1,89.1,34,33
297481,6,81.7,89.1,89.1,33,33
297531,6,80.2,89.1,89.1,32,32
297581,6,78.7,89.1,89.1,31,31
297631,6,77.2,74.3,89.1,34,30
297681,6,75.7,89.1,74.3,30,33
297731,6,74.3,89.1,89.1,29,29
297781,6,72.8,74.3,74.3,32,32
297831,6,71.3,74.3,89.1,31,27
297881,6,69.8,89.1,74.3,27,30
297931,6,68.3,74.3,74.3,29,29
297981,6,66.8,74.3,74.3,28,28
298031,6,65.3,74.3,74.3,28,28
298081,6,63.9,74.3,74.3,27,27
298131,6,62.4,59.4,59.4,30,30
298181,6,60.9,74.3,74.3,26,26
298231,6,59.4,74.3,74.3,25,24
298281,6,57.9,59.4,59.4,27,27
298331,6,56.4,74.3,59.4,23,27
298381,6,54.9,59.4,74.3,25,22
298431,6,53.5,59.4,59.4,25,25
298481,6,52.0,59.4,44.6,24,28
298531,6,50.5,44.6,74.3,27,20
298581,6,49.0,74.3,44.6,20,26
298631,6,47.5,44.6,59.4,25,22
298681,6,46.0,59.4,59.4,21,21
298731,6,44.6,44.6,44.6,20,37
298781,6,43.1,44.6,74.3,20,32
298831,6,41.6,44.6,74.3,20,31
298881,6,40.1,44.6,89.1,20,22
298931,6,38.6,44.6,59.4,20,30
298981,6,37.1,44.6,74.3,0,29
299031,6,35.6,0.0,74.3,20,32
299081,6,34.2,0.0,74.3,20,34
299131,6,32.7,0.0,89.1,20,26
299181,6,31.2,0.0,74.3,20,24
299231,6,29.7,0.0,59.4,20,20
299281,6,28.2,0.0,59.4,20,28
299331,6,26.7,0.0,44.6,20,21
299381,6,25.2,0.0,59.4,20,20
299431,6,23.8,0.0,44.6,22,20
299481,6,22.3,0.0,44.6,20,22
299531,6,20.8,0.0,44.6,20,25
299581,6,19.3,0.0,59.4,20,20
299631,6,17.8,0.0,44.6,20,23
299681,6,16.3,0.0,44.6,20,22
299731,6,14.9,0.0,44.6,20,23
299781,6,13.4,0.0,59.4,20,20
299831,6,11.9,0.0,44.6,20,20
299881,6,10.4,0.0,44.6,20,20
299931,6,8.9,0.0,44.6,20,20
299981,6,7.4,0.0,29.7,20,20
300031,6,5.9,0.0,44.6,20,20
300081,6,4.5,0.0,44.6,20,20
300131,6,3.0,0.0,44.6,20,-20
300181,6,1.5,0.0,0.0,22,0
300231,0,0.0,0.0,0.0,24,-20
300281,0,0.0,0.0,0.0,29,-20
300331,0,0.0,0.0,0.0,29,-20
300381,0,0.0,0.0,0.0,30,-20
300431,0,0.0,0.0,0.0,34,-20
300481,0,0.0,0.0,0.0,38,-20
300531,0,0.0,0.0,0.0,38,-20
300581,0,0.0,0.0,0.0,39,-20
300631,0,0.0,0.0,0.0,42,-21
300681,0,0.0,0.0,0.0,34,-20
300731,0,0.0,0.0,0.0,27,-20
300781,0,0.0,0.0,0.0,21,0
300831,0,0.0,0.0,0.0,20,20
300881,0,0.0,0.0,0.0,20,20
300931,0,0.0,0.0,0.0,20,20
300981,0,0.0,0.0,0.0,20,20
301031,0,0.0,0.0,0.0,20,20
301081,0,0.0,0.0,0.0,20,20
301131,0,0.0,0.0,0.0,20,20
301181,0,0.0,0.0,0.0,20,20
301231,0,0.0,0.0,0.0,20,20
301281,0,0.0,0.0,0.0,20,20
301331,0,0.0,0.0,0.0,20,20
301381,0,0.0,0.0,0.0,20,20
301431,0,0.0,0.0,0.0,20,0
301481,0,0.0,0.0,0.0,31,-20
301531,0,0.0,0.0,0.0,38,-20
301581,0,0.0,0.0,0.0,36,-20
301631,0,0.0,0.0,0.0,38,-20
301681,0,0.0,0.0,0.0,43,-22
301731,0,0.0,0.0,0.0,46,-26
301781,0,0.0,14.9,0.0,43,-26
301831,0,0.0,104.0,0.0,20,-26
301881,0,0.0,74.3,0.0,21,-26
301931,0,0.0,44.6,0.0,25,-26
301981,0,0.0,59.4,0.0,20,-26
302031,0,0.0,44.6,0.0,20,-26
302081,0,0.0,44.6,0.0,20,-26
302131,0,0.0,44.6,0.0,20,-26
302181,0,0.0,44.6,0.0,20,-26
302231,0,0.0,29.7,0.0,20,-26
302281,0,0.0,44.6,0.0,20,-26
302331,0,0.0,44.6,0.0,20,-26
302381,0,0.0,44.6,0.0,20,-26
302431,0,0.0,29.7,0.0,20,-26
302481,0,0.0,44.6,0.0,0,-26
302531,0,0.0,0.0,0.0,20,-26
302581,0,0.0,0.0,0.0,20,-26
302631,0,0.0,0.0,0.0,20,-26
302681,0,0.0,0.0,0.0,20,-26
302731,0,0.0,0.0,0.0,20,-26
302781,0,0.0,0.0,0.0,20,-26
302831,0,0.0,0.0,0.0,20,-26
302881,0,0.0,0.0,0.0,20,-26
302931,0,0.0,0.0,0.0,20,-26
302981,0,0.0,0.0,0.0,20,-26
303031,0,0.0,0.0,0.0,20,-26
303081,0,0.0,0.0,0.0,20,-26
303131,0,0.0,0.0,0.0,20,-24
303181,0,0.0,0.0,0.0,20,-21
303231,0,0.0,0.0,0.0,20,-20
303281,0,0.0,0.0,0.0,0,-20
303331,0,0.0,0.0,0.0,-20,-20
303381,0,0.0,0.0,0.0,-20,-20
303431,0,0.0,0.0,0.0,-20,-20
303481,0,0.0,0.0,0.0,-20,-20
303531,0,0.0,0.0,0.0,-20,-20
303581,0,0.0,0.0,0.0,-20,-20
303631,0,0.0,0.0,0.0,-20,-20
303681,0,0.0,0.0,0.0,-20,0
303731,0,0.0,0.0,0.0,-21,20
303781,0,0.0,0.0,0.0,-29,20
303831,0,0.0,0.0,0.0,-34,20
303881,0,0.0,0.0,0.0,-37,20
303931,0,0.0,0.0,0.0,-37,20
303981,0,0.0,0.0,0.0,-41,23
304031,0,0.0,0.0,0.0,-46,28
304081,0,0.0,-29.7,0.0,-39,29
304131,0,0.0,-104.0,0.0,-20,30
304181,0,0.0,-74.3,0.0,-25,33
304231,1,0.0,-59.4,0.0,-28,37
304281,1,1.5,-59.4,0.0,-25,37
304331,1,3.0,-59.4,0.0,-23,39
304381,1,4.5,-59.4,0.0,-21,42
304431,1,5.9,-44.6,0.0,-21,43
304481,1,7.4,-44.6,0.0,-21,46
304531,1,8.9,-44.6,44.6,-20,35
304581,1,10.4,-44.6,89.1,-20,20
304631,1,11.9,-44.6,59.4,-20,24
304681,1,13.4,-29.7,59.4,-20,21
304731,1,14.9,-44.6,59.4,20,20
304781,1,16.3,-14.9,44.6,-20,20
304831,1,17.8,0.0,29.7,-20,20
304881,1,19.3,0.0,44.6,0,20
304931,1,20.8,0.0,44.6,0,20
304981,1,22.3,0.0,44.6,20,20
305031,1,23.8,0.0,44.6,20,20
305081,1,25.2,0.0,44.6,20,20
305131,1,26.7,0.0,44.6,20,20
305181,1,28.2,0.0,44.6,20,20
305231,1,29.7,0.0,29.7,20,20
305281,1,31.2,0.0,44.6,20,20
305331,1,32.7,0.0,44.6,20,20
305381,1,34.2,0.0,44.6,20,20
305431,1,35.6,0.0,44.6,20,20
305481,1,37.1,0.0,29.7,20,20
305531,1,38.6,0.0,44.6,20,20
305581,1,40.1,0.0,44.6,20,20
305631,1,41.6,0.0,44.6,20,20
305681,1,43.1,0.0,44.6,21,20
305731,1,44.6,0.0,29.7,22,25
305781,1,46.0,0.0,59.4,21,22
305831,1,47.5,0.0,44.6,20,31
305881,1,49.0,0.0,74.3,20,26
305931,1,50.5,0.0,59.4,20,32
305981,1,52.0,0.0,74.3,20,33
306031,1,53.5,0.0,89.1,20,31
306081,1,54.9,0.0,74.3,20,38
306131,1,56.4,0.0,104.0,20,34
306181,1,57.9,0.0,89.1,20,40
306231,1,59.4,0.0,104.0,20,36
306281,1,60.9,0.0,104.0,21,33
306331,1,62.4,0.0,89.1,21,40
306381,1,63.9,0.0,104.0,20,41
306431,1,65.3,0.0,118.8,22,36
306481,1,66.8,0.0,104.0,25,37
306531,1,68.3,0.0,104.0,29,36
306581,1,69.8,0.0,104.0,33,34
306631,1,71.3,0.0,89.1,38,36
306681,1,72.8,0.0,89.1,42,36
306731,1,74.3,14.9,104.0,42,31
306781,1,75.7,89.1,89.1,27,34
306831,1,77.2,89.1,89.1,27,34
306881,1,78.7,74.3,89.1,30,33
306931,1,80.2,74.3,89.1,31,33
306981,1,81.7,74.3,89.1,31,33
307031,1,83.2,74.3,89.1,32,33
307081,1,84.7,89.1,89.1,29,33
307131,1,86.1,74.3,89.1,33,33
307181,1,87.6,89.1,89.1,30,34
307231,1,89.1,74.3,89.1,35,34
307281,1,90.6,89.1,89.1,32,34
307331,1,92.1,89.1,89.1,32,35
307381,1,93.6,89.1,104.0,33,31
307431,1,95.0,89.1,89.1,34,35
307481,1,96.5,89.1,89.1,34,36
307531,1,98.0,89.1,89.1,35,37
307581,1,99.5,89.1,104.0,36,34
307631,1,101.0,89.1,89.1,37,38
307681,1,102.5,104.0,104.0,34,35
307731,1,104.0,104.0,104.0,34,35
307781,1,105.4,89.1,89.1,38,39
307831,1,106.9,89.1,104.0,40,37
307881,1,108.4,118.8,104.0,33,37
307931,1,109.9,89.1,104.0,41,38
307981,1,111.4,104.0,104.0,39,39
308031,1,112.9,118.8,104.0,36,39
308081,1,114.4,104.0,104.0,39,40
308131,1,115.8,104.0,118.8,40,37
308181,1,117.3,104.0,104.0,41,41
308231,1,118.8,118.8,104.0,39,42
308281,1,120.3,104.0,118.8,43,40
308331,1,121.8,118.8,118.8,40,40
308381,1,123.3,118.8,118.8,41,41
308431,1,124.7,118.8,104.0,42,45
308481,1,126.2,118.8,118.8,42,43
308531,1,127.7,118.8,133.7,43,40
308581,1,129.2,118.8,118.8,44,44
308631,1,130.7,118.8,118.8,45,45
308681,1,132.2,133.7,118.8,42,46
308731,1,133.7,118.8,133.7,46,43
308781,1,135.1,133.7,118.8,43,47
308831,1,136.6,118.8,133.7,48,45
308881,1,138.1,133.7,133.7,45,45
308931,1,139.6,133.7,133.7,46,46
308981,1,141.1,133.7,133.7,47,47
309031,1,142.6,133.7,133.7,47,47
309081,1,144.1,133.7,133.7,48,48
309131,1,145.5,148.5,133.7,45,49
309181,1,147.0,133.7,148.5,49,46
309231,2,148.5,133.7,133.7,51,50
309281,2,148.5,148.5,148.5,48,47
309331,2,148.5,133.7,133.7,51,51
309381,2,148.5,148.5,148.5,48,48
309431,2,148.5,148.5,133.7,48,52
309481,2,148.5,148.5,163.4,48,45
309531,2,148.5,133.7,133.7,52,52
309581,2,148.5,148.5,148.5,49,49
309631,2,148.5,148.5,148.5,49,49
309681,2,148.5,148.5,148.5,49,49
309731,2,148.5,133.7,133.7,53,53
309781,2,148.5,148.5,163.4,50,46
309831,2,148.5,163.4,133.7,46,53
309881,2,148.5,133.7,148.5,53,50
309931,2,148.5,148.5,163.4,50,46
309981,2,148.5,148.5,133.7,50,53
310031,2,148.5,148.5,148.5,50,50
310081,2,148.5,148.5,148.5,50,50
310131,2,148.5,148.5,148.5,50,50
310181,2,148.5,148.5,148.5,50,50
310231,2,148.5,148.5,148.5,50,50
310281,2,148.5,148.5,148.5,50,50
310331,2,148.5,148.5,148.5,50,50
310381,2,148.5,148.5,148.5,50,50
310431,2,148.5,148.5,148.5,50,50
310481,2,148.5,148.5,148.5,50,50
310531,2,148.5,133.7,148.5,54,50
310581,2,148.5,163.4,148.5,47,50
310631,2,148.5,148.5,148.5,50,50
310681,2,148.5,148.5,148.5,50,50
310731,2,148.5,133.7,148.5,54,50
310781,2,148.5,163.4,148.5,47,50
310831,2,148.5,148.5,148.5,50,50
310881,2,148.5,133.7,148.5,54,50
310931,2,148.5,163.4,148.5,47,50
310981,2,148.5,148.5,148.5,50,50
311031,2,148.5,133.7,148.5,54,50
311081,2,148.5,163.4,148.5,47,50
311131,2,148.5,148.5,148.5,50,50
311181,2,148.5,133.7,148.5,54,50
311231,2,148.5,163.4,148.5,47,50
311281,2,148.5,148.5,148.5,50,50
311331,2,148.5,133.7,148.5,54,50
311381,2,148.5,163.4,133.7,47,54
311431,2,148.5,148.5,163.4,50,47
311481,2,148.5,133.7,148.5,54,50
311531,2,148.5,163.4,133.7,47,54
311581,2,148.5,148.5,163.4,50,47
311631,2,148.5,133.7,133.7,54,54
311681,2,148.5,163.4,163.4,47,47
311731,2,148.5,148.5,148.5,50,50
311781,2,148.5,133.7,133.7,54,54
311831,2,148.5,163.4,163.4,47,47
311881,2,148.5,148.5,148.5,50,50
311931,2,148.5,133.7,133.7,54,54
311981,2,148.5,148.5,163.4,51,47
312031,2,148.5,163.4,148.5,47,50
312081,2,148.5,148.5,133.7,50,54
312131,2,148.5,133.7,163.4,54,47
312181,2,148.5,163.4,148.5,47,50
312231,2,148.5,148.5,148.5,50,50
312281,2,148.5,133.7,133.7,54,54
312331,2,148.5,163.4,163.4,47,47
312381,2,148.5,148.5,148.5,50,50
312431,2,148.5,133.7,148.5,54,50
312481,2,148.5,163.4,148.5,47,50
312531,2,148.5,148.5,148.5,50,50
312581,2,148.5,133.7,148.5,54,50
312631,2,148.5,163.4,148.5,47,50
312681,2,148.5,148.5,133.7,50,54
312731,2,148.5,133.7,163.4,54,47
312781,2,148.5,163.4,148.5,47,50
312831,2,148.5,133.7,148.5,54,50
312881,2,148.5,163.4,133.7,47,54
312931,2,148.5,148.5,163.4,50,47
312981,2,148.5,133.7,148.5,54,50
313031,2,148.5,163.4,148.5,47,50
313081,2,148.5,148.5,148.5,50,50
313131,2,148.5,133.7,148.5,54,50
313181,2,148.5,163.4,148.5,47,50
313231,3,148.5,148.5,148.5,50,50
313281,3,150.0,133.7,148.5,54,50
313331,3,151.5,163.4,148.5,48,51
313381,3,153.0,148.5,148.5,51,51
313431,3,154.5,148.5,148.5,52,52
313481,3,155.9,148.5,148.5,53,53
313531,3,157.4,148.5,163.4,53,50
313581,3,158.9,163.4,148.5,50,53
313631,3,160.4,148.5,148.5,54,54
313681,3,161.9,163.4,163.4,52,52
313731,3,163.4,148.5,163.4,56,52
313781,3,164.8,163.4,148.5,53,56
313831,3,166.3,163.4,163.4,54,54
313881,3,167.8,163.4,163.4,54,54
313931,3,169.3,148.5,163.4,59,55
313981,3,170.8,178.2,163.4,52,55
314031,3,172.3,163.4,163.4,56,56
314081,3,173.8,163.4,163.4,57,57
314131,3,175.2,163.4,163.4,58,58
314181,3,176.7,178.2,178.2,55,55
314231,3,178.2,163.4,163.4,59,59
314281,3,179.7,178.2,178.2,57,57
314331,3,181.2,178.2,178.2,57,57
314381,3,182.7,163.4,163.4,61,61
314431,3,184.2,178.2,178.2,59,59
314481,3,185.6,178.2,178.2,60,60
314531,3,187.1,178.2,193.1,61,57
314581,3,188.6,193.1,178.2,58,61
314631,3,190.1,178.2,178.2,62,62
314681,3,191.6,178.2,178.2,63,63
314731,3,193.1,193.1,193.1,60,60
314781,3,194.6,178.2,193.1,64,60
314831,3,196.0,193.1,178.2,62,65
314881,3,197.5,193.1,193.1,62,62
314931,3,199.0,193.1,193.1,63,63
314981,3,200.5,193.1,193.1,63,63
315031,3,202.0,193.1,193.1,64,64
315081,3,203.5,193.1,193.1,65,65
315131,3,204.9,193.1,207.9,66,62
315181,3,206.4,207.9,193.1,63,66
315231,3,207.9,193.1,193.1,67,67
315281,3,209.4,193.1,207.9,68,65
315331,3,210.9,207.9,193.1,66,69
315381,3,212.4,207.9,207.9,66,66
315431,3,213.9,207.9,207.9,67,67
315481,3,215.3,207.9,207.9,68,68
315531,3,216.8,207.9,207.9,69,69
315581,3,218.3,207.9,222.8,69,66
315631,3,219.8,207.9,207.9,70,70
315681,3,221.3,222.8,207.9,68,71
315731,4,222.8,207.9,222.8,72,68
315781,4,222.8,222.8,207.9,69,72
315831,4,222.8,207.9,222.8,73,69
315881,4,222.8,222.8,222.8,70,69
315931,4,222.8,222.8,207.9,70,72
315981,4,222.8,222.8,222.8,70,69
316031,4,222.8,207.9,222.8,73,69
316081,4,222.8,222.8,207.9,70,73
316131,4,222.8,222.8,222.8,70,70
316181,4,222.8,222.8,222.8,70,70
316231,4,222.8,207.9,207.9,74,74
316281,4,222.8,222.8,237.6,71,67
316331,4,222.8,222.8,207.9,71,74
316381,4,222.8,222.8,222.8,71,71
316431,4,222.8,222.8,222.8,71,71
316481,4,222.8,222.8,222.8,71,71
316531,4,222.8,222.8,222.8,71,71
316581,4,222.8,207.9,222.8,75,71
316631,4,222.8,237.6,222.8,68,71
316681,4,222.8,222.8,222.8,71,71
316731,4,222.8,207.9,222.8,75,71
316781,4,222.8,237.6,222.8,68,71
316831,4,222.8,222.8,222.8,71,71
316881,4,222.8,207.9,222.8,75,71
316931,4,222.8,222.8,222.8,72,71
316981,4,222.8,237.6,207.9,68,75
317031,4,222.8,222.8,237.6,71,68
317081,4,222.8,207.9,222.8,75,71
317131,4,222.8,222.8,222.8,72,71
317181,4,222.8,237.6,207.9,68,75
317231,4,222.8,222.8,237.6,71,68
317281,4,222.8,207.9,222.8,75,71
317331,4,222.8,222.8,222.8,72,71
317381,4,222.8,237.6,207.9,68,75
317431,4,222.8,207.9,237.6,75,68
317481,4,222.8,222.8,222.8,72,71
317531,4,222.8,237.6,222.8,68,71
317581,4,222.8,207.9,207.9,75,75
317631,4,222.8,222.8,237.6,72,68
317681,4,222.8,222.8,222.8,72,71
317731,4,222.8,237.6,222.8,68,71
317781,4,222.8,207.9,207.9,75,75
317831,4,222.8,222.8,237.6,72,68
317881,4,222.8,237.6,222.8,68,71
317931,4,222.8,207.9,207.9,75,75
317981,4,222.8,222.8,237.6,72,68
318031,4,222.8,237.6,222.8,68,71
318081,4,222.8,207.9,207.9,75,75
318131,4,222.8,237.6,222.8,68,72
318181,4,222.8,207.9,237.6,75,68
318231,4,222.8,222.8,222.8,72,71
318281,4,222.8,222.8,207.9,72,75
318331,4,222.8,237.6,237.6,68,68
318381,4,222.8,207.9,222.8,75,71
318431,4,222.8,222.8,207.9,72,75
318481,4,222.8,222.8,237.6,72,68
318531,4,222.8,237.6,222.8,68,71
318581,4,222.8,207.9,207.9,75,75
318631,4,222.8,222.8,237.6,72,68
318681,4,222.8,237.6,222.8,68,71
318731,4,222.8,207.9,207.9,75,75
318781,4,222.8,222.8,237.6,72,68
318831,4,222.8,237.6,222.8,68,71
318881,4,222.8,207.9,207.9,75,75
318931,4,222.8,222.8,237.6,72,68
318981,4,222.8,237.6,222.8,68,71
319031,4,222.8,207.9,207.9,75,75
319081,4,222.8,222.8,237.6,72,68
319131,4,222.8,237.6,222.8,68,71
319181,4,222.8,207.9,207.9,75,75
319231,4,222.8,222.8,237.6,72,68
319281,4,222.8,237.6,222.8,68,71
319331,4,222.8,222.8,222.8,71,71
319381,4,222.8,207.9,207.9,75,75
319431,4,222.8,222.8,237.6,72,68
319481,4,222.8,237.6,222.8,68,71
319531,4,222.8,207.9,222.8,75,71
319581,4,222.8,222.8,207.9,72,75
319631,4,222.8,237.6,237.6,68,68
319681,4,222.8,207.9,222.8,75,71
319731,5,222.8,237.6,207.9,68,75
319781,5,221.3,207.9,237.6,75,68
319831,5,219.8,222.8,207.9,71,74
319881,5,218.3,237.6,222.8,67,71
319931,5,216.8,207.9,237.6,73,66
319981,5,215.3,222.8,207.9,69,72
320031,5,213.9,222.8,207.9,68,72
320081,5,212.4,207.9,222.8,71,68
320131,5,210.9,207.9,222.8,71,67
320181,5,209.4,222.8,207.9,67,70
320231,5,207.9,207.9,222.8,70,66
320281,5,206.4,222.8,207.9,66,69
320331,5,204.9,207.9,207.9,68,68
320381,5,203.5,207.9,207.9,68,68
320431,5,202.0,207.9,222.8,67,63
320481,5,200.5,207.9,193.1,71,65
320531,5,199.0,207.9,207.9,66,65
320581,5,197.5,222.8,193.1,63,67
320631,5,196.0,193.1,207.9,69,63
320681,5,194.6,207.9,207.9,64,62
320731,5,193.1,207.9,193.1,67,61
320781,5,191.6,193.1,193.1,70,61
320831,5,190.1,207.9,178.2,74,55
320881,5,188.6,222.8,178.2,72,53
320931,5,187.1,237.6,163.4,67,56
320981,5,185.6,207.9,163.4,65,62
321031,5,184.2,207.9,178.2,60,64
321081,5,182.7,193.1,193.1,61,61
321131,5,181.2,193.1,193.1,59,61
321181,5,179.7,178.2,193.1,63,58
321231,5,178.2,193.1,178.2,59,61
321281,5,176.7,178.2,178.2,62,60
321331,5,175.2,178.2,193.1,64,53
321381,5,173.8,193.1,163.4,67,53
321431,5,172.3,207.9,163.4,64,51
321481,5,170.8,193.1,163.4,65,51
321531,5,169.3,207.9,148.5,68,47
321581,5,167.8,193.1,148.5,81,35
321631,5,166.3,237.6,118.8,75,37
321681,5,164.8,237.6,104.0,75,38
321731,5,163.4,237.6,104.0,79,33
321781,5,161.9,237.6,104.0,78,32
321831,5,160.4,252.5,74.3,77,35
321881,5,158.9,237.6,104.0,82,26
321931,5,157.4,252.5,74.3,77,33
321981,5,155.9,252.5,74.3,76,32
322031,5,154.5,237.6,89.1,73,33
322081,5,153.0,237.6,74.3,63,45
322131,5,151.5,207.9,118.8,62,41
322181,5,150.0,207.9,104.0,59,46
322231,6,148.5,178.2,133.7,64,40
322281,6,147.0,193.1,118.8,56,47
322331,6,145.5,178.2,118.8,52,53
322381,6,144.1,163.4,148.5,53,47
322431,6,142.6,163.4,148.5,50,48
322481,6,141.1,148.5,133.7,49,54
322531,6,139.6,148.5,148.5,54,45
322581,6,138.1,148.5,148.5,48,49
322631,6,136.6,148.5,133.7,44,54
322681,6,135.1,148.5,163.4,48,42
322731,6,133.7,133.7,133.7,51,47
322781,6,132.2,148.5,133.7,46,47
322831,6,130.7,133.7,133.7,49,47
322881,6,129.2,133.7,133.7,47,47
322931,6,127.7,148.5,148.5,49,37
322981,6,126.2,133.7,118.8,49,45
323031,6,124.7,148.5,118.8,44,46
323081,6,123.3,133.7,133.7,44,44
323131,6,121.8,133.7,118.8,47,42
323181,6,120.3,133.7,133.7,43,42
323231,6,118.8,118.8,118.8,49,42
323281,6,117.3,148.5,118.8,40,41
323331,6,115.8,118.8,118.8,49,38
323381,6,114.4,133.7,118.8,47,35
323431,6,112.9,133.7,89.1,43,44
323481,6,111.4,133.7,118.8,45,35
323531,6,109.9,118.8,104.0,44,41
323581,6,108.4,133.7,118.8,42,34
323631,6,106.9,118.8,104.0,41,40
323681,6,105.4,118.8,89.1,39,45
323731,6,104.0,118.8,118.8,43,33
323781,6,102.5,118.8,118.8,39,34
323831,6,101.0,118.8,89.1,42,36
323881,6,99.5,118.8,104.0,40,33
323931,6,98.0,104.0,89.1,42,36
323981,6,96.5,118.8,89.1,39,36
324031,6,95.0,118.8,104.0,40,29
324081,6,93.6,104.0,89.1,42,32
324131,6,92.1,118.8,74.3,36,37
324181,6,90.6,118.8,89.1,34,34
324231,6,89.1,89.1,104.0,39,30
324281,6,87.6,104.0,89.1,39,29
324331,6,86.1,104.0,74.3,41,29
324381,6,84.7,118.8,74.3,39,26
324431,6,83.2,104.0,74.3,44,23
324481,6,81.7,118.8,59.4,39,26
324531,6,80.2,118.8,59.4,37,27
324581,6,78.7,104.0,59.4,37,29
324631,6,77.2,104.0,74.3,36,25
324681,6,75.7,104.0,59.4,37,26
324731,6,74.3,104.0,74.3,31,27
324781,6,72.8,89.1,59.4,29,34
324831,6,71.3,89.1,74.3,23,35
324881,6,69.8,59.4,89.1,27,34
324931,6,68.3,59.4,89.1,20,39
324981,6,66.8,59.4,104.0,20,35
325031,6,65.3,44.6,104.0,20,37
325081,6,63.9,44.6,104.0,20,40
325131,6,62.4,44.6,104.0,20,41
325181,6,60.9,29.7,118.8,20,31
325231,6,59.4,44.6,89.1,20,34
325281,6,57.9,44.6,89.1,20,32
325331,6,56.4,44.6,89.1,20,29
325381,6,54.9,44.6,89.1,20,30
325431,6,53.5,29.7,74.3,20,35
325481,6,52.0,44.6,89.1,21,22
325531,6,50.5,44.6,74.3,28,20
325581,6,49.0,59.4,44.6,26,21
325631,6,47.5,59.4,44.6,25,20
325681,6,46.0,74.3,44.6,20,21
325731,6,44.6,44.6,44.6,29,20
325781,6,43.1,59.4,44.6,31,20
325831,6,41.6,74.3,44.6,28,20
325881,6,40.1,74.3,44.6,29,20
325931,6,38.6,74.3,44.6,29,20
325981,6,37.1,74.3,29.7,28,20
326031,6,35.6,74.3,44.6,31,-20
326081,6,34.2,74.3,0.0,27,20
326131,6,32.7,74.3,0.0,28,20
326181,6,31.2,74.3,0.0,27,20
326231,6,29.7,59.4,0.0,30,20
326281,6,28.2,74.3,0.0,28,20
326331,6,26.7,74.3,0.0,24,20
326381,6,25.2,59.4,0.0,30,0
326431,6,23.8,74.3,0.0,20,20
326481,6,22.3,59.4,0.0,23,20
326531,6,20.8,44.6,0.0,29,0
326581,6,19.3,74.3,0.0,20,20
326631,6,17.8,44.6,0.0,20,20
326681,6,16.3,59.4,0.0,20,20
326731,6,14.9,29.7,0.0,25,0
326781,6,13.4,59.4,0.0,20,0
326831,6,11.9,44.6,0.0,20,20
326881,6,10.4,44.6,0.0,20,-20
326931,6,8.9,44.6,0.0,20,20
326981,6,7.4,44.6,0.0,20,0
327031,6,5.9,44.6,0.0,20,20
327081,6,4.5,44.6,0.0,0,20
327131,6,3.0,0.0,0.0,20,20
327181,6,1.5,0.0,0.0,-20,20
327231,0,0.0,0.0,0.0,-20,26
327281,0,0.0,0.0,0.0,20,20
327331,0,0.0,0.0,0.0,20,-20
327381,0,0.0,0.0,0.0,20,-20
327431,0,0.0,0.0,0.0,20,-20
327481,0,0.0,0.0,0.0,20,-20
327531,0,0.0,0.0,0.0,20,-20
327581,0,0.0,0.0,0.0,20,-20
327631,0,0.0,0.0,0.0,20,-20
327681,0,0.0,0.0,0.0,20,-20
327731,0,0.0,0.0,0.0,20,-20
327781,0,0.0,0.0,0.0,20,-20
327831,0,0.0,0.0,0.0,20,-20
327881,0,0.0,0.0,0.0,20,-20
327931,0,0.0,0.0,0.0,20,-20
327981,0,0.0,0.0,0.0,20,-20
328031,0,0.0,0.0,0.0,20,-20
328081,0,0.0,0.0,0.0,20,-20
328131,0,0.0,0.0,0.0,20,-20
328181,0,0.0,0.0,0.0,20,-20
328231,0,0.0,0.0,0.0,20,-20
328281,0,0.0,0.0,0.0,20,-20
328331,0,0.0,0.0,0.0,20,-20
328381,0,0.0,0.0,0.0,20,-20
328431,0,0.0,0.0,0.0,20,-20
328481,0,0.0,0.0,0.0,20,-20
328531,0,0.0,0.0,0.0,20,-20
328581,0,0.0,0.0,0.0,20,-20
328631,0,0.0,0.0,0.0,20,-20
328681,0,0.0,0.0,0.0,20,-20
328731,0,0.0,0.0,0.0,20,-20
328781,0,0.0,0.0,0.0,20,-20
328831,0,0.0,0.0,0.0,20,-20
328881,0,0.0,0.0,0.0,20,-20
328931,0,0.0,0.0,0.0,20,-20
328981,0,0.0,0.0,0.0,20,-20
329031,0,0.0,0.0,0.0,20,-20
329081,0,0.0,0.0,0.0,20,-20
329131,0,0.0,0.0,0.0,20,-20
329181,0,0.0,0.0,0.0,20,-20
329231,0,0.0,0.0,0.0,20,-20
329281,0,0.0,0.0,0.0,20,-20
329331,0,0.0,0.0,0.0,20,-20
329381,0,0.0,0.0,0.0,20,-20
329431,0,0.0,0.0,0.0,20,-20
329481,0,0.0,0.0,0.0,20,-20
329531,0,0.0,0.0,0.0,20,-20
329581,0,0.0,0.0,0.0,20,-20
329631,0,0.0,0.0,0.0,20,-20
329681,0,0.0,0.0,0.0,20,-20
329731,0,0.0,0.0,0.0,20,-20
329781,0,0.0,0.0,0.0,20,-20
329831,0,0.0,0.0,0.0,20,-20
329881,0,0.0,0.0,0.0,20,-20
329931,0,0.0,0.0,0.0,20,-20
329981,0,0.0,0.0,0.0,20,-20
330031,0,0.0,0.0,0.0,20,-20
330081,0,0.0,0.0,0.0,20,-20
330131,0,0.0,0.0,0.0,20,-20
330181,0,0.0,0.0,0.0,20,-20
330231,0,0.0,0.0,0.0,20,-20
330281,0,0.0,0.0,0.0,20,-20
330331,0,0.0,0.0,0.0,20,-20
330381,0,0.0,0.0,0.0,20,-20
330431,0,0.0,0.0,0.0,20,-20
330481,0,0.0,0.0,0.0,20,-20
330531,0,0.0,0.0,0.0,20,-20
330581,0,0.0,0.0,0.0,20,-20
330631,0,0.0,0.0,0.0,20,-20
330681,0,0.0,0.0,0.0,20,-20
330731,0,0.0,0.0,0.0,20,-20
330781,0,0.0,0.0,0.0,20,-20
330831,0,0.0,0.0,0.0,20,-20
330881,0,0.0,0.0,0.0,20,-20
330931,0,0.0,0.0,0.0,20,-20
330981,0,0.0,0.0,0.0,20,-20
331031,0,0.0,0.0,0.0,20,-20
331081,0,0.0,0.0,0.0,20,-20
331131,0,0.0,0.0,0.0,20,-20
331181,0,0.0,0.0,0.0,20,-20
331231,1,0.0,0.0,0.0,20,-20
331281,1,1.5,0.0,0.0,20,-20
331331,1,3.0,0.0,0.0,20,-20
331381,1,4.5,0.0,0.0,21,-20
331431,1,5.9,0.0,0.0,21,-20
331481,1,7.4,0.0,0.0,22,-20
331531,1,8.9,0.0,0.0,23,-20
331581,1,10.4,0.0,0.0,24,0
331631,1,11.9,0.0,0.0,25,0
331681,1,13.4,0.0,0.0,26,20
331731,1,14.9,0.0,0.0,27,20
331781,1,16.3,0.0,0.0,28,20
331831,1,17.8,0.0,0.0,29,20
331881,1,19.3,0.0,0.0,31,20
331931,1,20.8,0.0,0.0,32,20
331981,1,22.3,0.0,0.0,34,20
332031,1,23.8,0.0,0.0,35,20
332081,1,25.2,0.0,0.0,37,20
332131,1,26.7,0.0,0.0,39,20
332181,1,28.2,0.0,0.0,40,20
332231,1,29.7,0.0,0.0,42,20
332281,1,31.2,0.0,0.0,44,20
332331,1,32.7,14.9,0.0,43,22
332381,1,34.2,59.4,0.0,32,24
332431,1,35.6,104.0,0.0,20,26
332481,1,37.1,59.4,0.0,28,28
332531,1,38.6,59.4,0.0,27,31
332581,1,40.1,59.4,0.0,27,33
332631,1,41.6,74.3,0.0,22,36
332681,1,43.1,59.4,0.0,25,38
332731,1,44.6,59.4,0.0,24,41
332781,1,46.0,59.4,0.0,24,44
332831,1,47.5,44.6,14.9,27,43
332881,1,49.0,59.4,44.6,24,37
332931,1,50.5,59.4,89.1,24,26
332981,1,52.0,59.4,89.1,24,25
333031,1,53.5,59.4,59.4,24,31
333081,1,54.9,59.4,74.3,24,27
333131,1,56.4,59.4,74.3,24,26
333181,1,57.9,59.4,59.4,24,30
333231,1,59.4,59.4,74.3,24,26
333281,1,60.9,44.6,59.4,28,29
333331,1,62.4,74.3,74.3,22,26
333381,1,63.9,59.4,59.4,26,30
333431,1,65.3,59.4,74.3,26,26
333481,1,66.8,59.4,59.4,27,30
333531,1,68.3,59.4,74.3,28,27
333581,1,69.8,74.3,74.3,25,27
333631,1,71.3,59.4,59.4,29,31
333681,1,72.8,74.3,74.3,26,28
333731,1,74.3,59.4,74.3,30,29
333781,1,75.7,74.3,74.3,27,29
333831,1,77.2,74.3,74.3,28,30
333881,1,78.7,74.3,74.3,28,30
333931,1,80.2,74.3,74.3,29,31
333981,1,81.7,74.3,74.3,30,31
334031,1,83.2,74.3,74.3,31,32
334081,1,84.7,74.3,89.1,31,29
334131,1,86.1,89.1,74.3,29,33
334181,1,87.6,74.3,89.1,33,30
334231,1,89.1,74.3,74.3,34,34
334281,1,90.6,89.1,89.1,31,32
334331,1,92.1,89.1,74.3,32,36
334381,1,93.6,89.1,104.0,32,30
334431,1,95.0,89.1,74.3,33,37
334481,1,96.5,89.1,89.1,33,35
334531,1,98.0,74.3,104.0,38,32
334581,1,99.5,104.0,89.1,32,36
334631,1,101.0,89.1,89.1,36,37
334681,1,102.5,104.0,104.0,33,34
334731,1,104.0,89.1,89.1,37,38
334781,1,105.4,89.1,104.0,38,35
334831,1,106.9,104.0,89.1,36,40
334881,1,108.4,104.0,104.0,36,37
334931,1,109.9,104.0,104.0,37,38
334981,1,111.4,104.0,104.0,38,39
335031,1,112.9,89.1,104.0,42,39
335081,1,114.4,118.8,118.8,36,36
335131,1,115.8,104.0,104.0,40,40
335181,1,117.3,118.8,104.0,38,41
335231,1,118.8,104.0,104.0,42,42
335281,1,120.3,118.8,118.8,39,40
335331,1,121.8,104.0,118.8,43,40
335381,1,123.3,118.8,118.8,41,41
335431,1,124.7,118.8,104.0,41,45
335481,1,126.2,118.8,118.8,42,43
335531,1,127.7,118.8,133.7,43,40
335581,1,129.2,118.8,118.8,44,44
335631,1,130.7,118.8,118.8,45,45
335681,1,132.2,133.7,118.8,42,46
335731,1,133.7,118.8,133.7,46,43
335781,1,135.1,133.7,133.7,43,43
335831,1,136.6,133.7,118.8,44,48
335881,1,138.1,118.8,133.7,48,45
335931,1,139.6,133.7,133.7,46,46
335981,1,141.1,133.7,133.7,47,47
336031,1,142.6,133.7,133.7,47,47
336081,1,144.1,133.7,133.7,48,48
336131,1,145.5,148.5,133.7,45,49
336181,1,147.0,133.7,148.5,49,46
336231,2,148.5,133.7,133.7,50,50
336281,2,148.5,148.5,133.7,47,51
336331,2,148.5,133.7,148.5,51,48
336381,2,148.5,148.5,148.5,48,48
336431,2,148.5,148.5,133.7,48,52
336481,2,148.5,133.7,148.5,52,49
336531,2,148.5,148.5,148.5,49,49
336581,2,148.5,148.5,148.5,49,49
336631,2,148.5,148.5,148.5,49,49
336681,2,148.5,148.5,133.7,49,53
336731,2,148.5,148.5,148.5,49,50
336781,2,148.5,133.7,148.5,53,50
336831,2,148.5,163.4,148.5,46,50
336881,2,148.5,133.7,148.5,53,50
336931,2,148.5,148.5,148.5,50,50
336981,2,148.5,148.5,148.5,50,50
337031,2,148.5,163.4,148.5,46,50
337081,2,148.5,133.7,133.7,53,54
337131,2,148.5,148.5,163.4,50,47
337181,2,148.5,148.5,148.5,50,50
337231,2,148.5,148.5,133.7,50,54
337281,2,148.5,148.5,148.5,50,51
337331,2,148.5,148.5,163.4,50,47
337381,2,148.5,148.5,133.7,50,54
337431,2,148.5,148.5,148.5,50,51
337481,2,148.5,148.5,163.4,50,47
337531,2,148.5,148.5,133.7,50,54
337581,2,148.5,148.5,148.5,50,51
337631,2,148.5,148.5,163.4,50,47
337681,2,148.5,148.5,133.7,50,54
337731,2,148.5,133.7,163.4,54,47
337781,2,148.5,148.5,133.7,51,54
337831,2,148.5,133.7,148.5,54,51
337881,2,148.5,148.5,163.4,51,47
337931,2,148.5,148.5,133.7,51,54
337981,2,148.5,148.5,163.4,51,47
338031,2,148.5,148.5,133.7,51,54
338081,2,148.5,148.5,163.4,51,47
338131,2,148.5,148.5,133.7,51,54
338181,2,148.5,148.5,163.4,51,47
338231,2,148.5,148.5,148.5,51,50
338281,2,148.5,148.5,133.7,51,54
338331,2,148.5,148.5,163.4,51,47
338381,2,148.5,148.5,148.5,51,50
338431,2,148.5,133.7,133.7,55,54
338481,2,148.5,148.5,148.5,52,51
338531,2,148.5,148.5,163.4,52,47
338581,2,148.5,163.4,148.5,48,50
338631,2,148.5,148.5,133.7,51,54
338681,2,148.5,133.7,163.4,55,47
338731,2,148.5,163.4,133.7,48,54
338781,2,148.5,148.5,163.4,51,47
338831,2,148.5,148.5,148.5,51,50
338881,2,148.5,148.5,133.7,51,54
338931,2,148.5,148.5,163.4,51,47
338981,2,148.5,148.5,133.7,51,54
339031,2,148.5,163.4,163.4,48,47
339081,2,148.5,133.7,148.5,54,50
339131,2,148.5,163.4,133.7,48,54
339181,2,148.5,148.5,163.4,51,47
339231,2,148.5,148.5,148.5,51,50
339281,2,148.5,148.5,133.7,51,54
339331,2,148.5,148.5,163.4,51,47
339381,2,148.5,148.5,148.5,51,50
339431,2,148.5,148.5,133.7,51,54
339481,2,148.5,163.4,163.4,47,47
339531,2,148.5,133.7,148.5,54,50
339581,2,148.5,163.4,133.7,47,54
339631,2,148.5,148.5,163.4,50,47
339681,2,148.5,133.7,133.7,54,54
339731,2,148.5,163.4,163.4,47,47
339781,2,148.5,148.5,133.7,50,54
339831,2,148.5,133.7,148.5,54,51
339881,2,148.5,163.4,163.4,47,47
339931,2,148.5,148.5,133.7,50,54
339981,2,148.5,148.5,163.4,50,47
340031,2,148.5,133.7,133.7,54,54
340081,2,148.5,163.4,163.4,47,47
340131,2,148.5,148.5,133.7,50,54
340181,2,148.5,133.7,163.4,54,47
340231,3,148.5,163.4,148.5,47,50
340281,3,150.0,148.5,133.7,50,54
340331,3,151.5,133.7,163.4,55,48
340381,3,153.0,163.4,148.5,48,51
340431,3,154.5,148.5,148.5,52,52
340481,3,155.9,148.5,148.5,53,53
340531,3,157.4,148.5,148.5,53,53
340581,3,158.9,163.4,163.4,50,50
340631,3,160.4,148.5,148.5,54,54
340681,3,161.9,163.4,163.4,52,52
340731,3,163.4,148.5,148.5,56,56
340781,3,164.8,163.4,163.4,53,53
340831,3,166.3,163.4,163.4,54,54
340881,3,167.8,163.4,163.4,54,54
340931,3,169.3,148.5,163.4,58,55
340981,3,170.8,163.4,163.4,56,55
341031,3,172.3,163.4,163.4,57,56
341081,3,173.8,163.4,163.4,58,57
341131,3,175.2,178.2,178.2,55,54
341181,3,176.7,163.4,163.4,59,58
341231,3,178.2,163.4,163.4,60,59
341281,3,179.7,178.2,178.2,57,57
341331,3,181.2,163.4,178.2,62,57
341381,3,182.7,178.2,178.2,59,58
341431,3,184.2,163.4,178.2,64,58
341481,3,185.6,178.2,163.4,61,63
                                                                                                                                                                                                                                                                                                                                                                                                                                                                                                                                                                                                                                                                                                                                                                                                                                                                                                                                                                                                                                                                                                                                                                                                                                                                                                                                                                                                                                                                                                                                                                                                                                                                                                                                                                                                                                                                                                                                                                                                                                                                                                                